<annotation>
	<folder></folder>
	<filename>0000_jpg.rf.7a4a6695be6adfe26e0c893d21984300.jpg</filename>
	<path>0000_jpg.rf.7a4a6695be6adfe26e0c893d21984300.jpg</path>
	<source>
		<database>roboflow.ai</database>
	</source>
	<size>
		<width>1000</width>
		<height>750</height>
		<depth>3</depth>
	</size>
	<segmented>0</segmented>
	<object>
		<name>Paper</name>
		<pose>Unspecified</pose>
		<truncated>0</truncated>
		<difficult>0</difficult>
		<occluded>0</occluded>
		<bndbox>
			<xmin>258</xmin>
			<xmax>947</xmax>
			<ymin>192</ymin>
			<ymax>473</ymax>
		</bndbox>
	</object>
</annotation>
