<annotation>
	<folder></folder>
	<filename>0001_jpg.rf.317b229742ce2a90b4fb9dd0ffb41f8a.jpg</filename>
	<path>0001_jpg.rf.317b229742ce2a90b4fb9dd0ffb41f8a.jpg</path>
	<source>
		<database>roboflow.ai</database>
	</source>
	<size>
		<width>1000</width>
		<height>750</height>
		<depth>3</depth>
	</size>
	<segmented>0</segmented>
	<object>
		<name>Plastic</name>
		<pose>Unspecified</pose>
		<truncated>0</truncated>
		<difficult>0</difficult>
		<occluded>0</occluded>
		<bndbox>
			<xmin>176</xmin>
			<xmax>726</xmax>
			<ymin>2</ymin>
			<ymax>635</ymax>
		</bndbox>
	</object>
</annotation>
