<annotation>
	<folder>simple_images</folder>
	<filename>0002.jpg</filename>
	<path>D:\A\S7project\simple_image_download-master\Example\simple_images\0002.jpg</path>
	<source>
		<database>Unknown</database>
	</source>
	<size>
		<width>1000</width>
		<height>750</height>
		<depth>3</depth>
	</size>
	<segmented>0</segmented>
	<object>
		<name>Paper</name>
		<pose>Unspecified</pose>
		<truncated>0</truncated>
		<difficult>0</difficult>
		<bndbox>
			<xmin>327</xmin>
			<ymin>263</ymin>
			<xmax>567</xmax>
			<ymax>483</ymax>
		</bndbox>
	</object>
</annotation>
