<annotation>
	<folder></folder>
	<filename>0002_jpg.rf.df106fd1f986295f8710a81bbce81a36.jpg</filename>
	<path>0002_jpg.rf.df106fd1f986295f8710a81bbce81a36.jpg</path>
	<source>
		<database>roboflow.ai</database>
	</source>
	<size>
		<width>1000</width>
		<height>750</height>
		<depth>3</depth>
	</size>
	<segmented>0</segmented>
	<object>
		<name>Paper</name>
		<pose>Unspecified</pose>
		<truncated>0</truncated>
		<difficult>0</difficult>
		<occluded>0</occluded>
		<bndbox>
			<xmin>327</xmin>
			<xmax>567</xmax>
			<ymin>263</ymin>
			<ymax>483</ymax>
		</bndbox>
	</object>
</annotation>
