<annotation>
	<folder></folder>
	<filename>0003_jpg.rf.8ffefb300237cd8f82457e4aee2d2651.jpg</filename>
	<path>0003_jpg.rf.8ffefb300237cd8f82457e4aee2d2651.jpg</path>
	<source>
		<database>roboflow.ai</database>
	</source>
	<size>
		<width>750</width>
		<height>1000</height>
		<depth>3</depth>
	</size>
	<segmented>0</segmented>
	<object>
		<name>Paper</name>
		<pose>Unspecified</pose>
		<truncated>0</truncated>
		<difficult>0</difficult>
		<occluded>0</occluded>
		<bndbox>
			<xmin>206</xmin>
			<xmax>465</xmax>
			<ymin>379</ymin>
			<ymax>650</ymax>
		</bndbox>
	</object>
</annotation>
