<annotation>
	<folder></folder>
	<filename>0004_jpg.rf.c44c3e1c443e99ccb5bcf16349c706a0.jpg</filename>
	<path>0004_jpg.rf.c44c3e1c443e99ccb5bcf16349c706a0.jpg</path>
	<source>
		<database>roboflow.ai</database>
	</source>
	<size>
		<width>1000</width>
		<height>750</height>
		<depth>3</depth>
	</size>
	<segmented>0</segmented>
	<object>
		<name>Paper</name>
		<pose>Unspecified</pose>
		<truncated>0</truncated>
		<difficult>0</difficult>
		<occluded>0</occluded>
		<bndbox>
			<xmin>304</xmin>
			<xmax>892</xmax>
			<ymin>207</ymin>
			<ymax>602</ymax>
		</bndbox>
	</object>
</annotation>
