<annotation>
	<folder></folder>
	<filename>0005_jpg.rf.70cc4f9f13ee4d837da7127c4d6eb627.jpg</filename>
	<path>0005_jpg.rf.70cc4f9f13ee4d837da7127c4d6eb627.jpg</path>
	<source>
		<database>roboflow.ai</database>
	</source>
	<size>
		<width>1000</width>
		<height>750</height>
		<depth>3</depth>
	</size>
	<segmented>0</segmented>
	<object>
		<name>Plastic</name>
		<pose>Unspecified</pose>
		<truncated>0</truncated>
		<difficult>0</difficult>
		<occluded>0</occluded>
		<bndbox>
			<xmin>128</xmin>
			<xmax>726</xmax>
			<ymin>50</ymin>
			<ymax>659</ymax>
		</bndbox>
	</object>
</annotation>
