<annotation>
	<folder></folder>
	<filename>0006_jpg.rf.b0783209ec7c7cefda072a9cd60a002a.jpg</filename>
	<path>0006_jpg.rf.b0783209ec7c7cefda072a9cd60a002a.jpg</path>
	<source>
		<database>roboflow.ai</database>
	</source>
	<size>
		<width>1000</width>
		<height>750</height>
		<depth>3</depth>
	</size>
	<segmented>0</segmented>
	<object>
		<name>Plastic</name>
		<pose>Unspecified</pose>
		<truncated>0</truncated>
		<difficult>0</difficult>
		<occluded>0</occluded>
		<bndbox>
			<xmin>114</xmin>
			<xmax>663</xmax>
			<ymin>136</ymin>
			<ymax>511</ymax>
		</bndbox>
	</object>
</annotation>
