<annotation>
	<folder></folder>
	<filename>0007_jpg.rf.9f7c8ab98d4fbb2e48f8c979d35688bc.jpg</filename>
	<path>0007_jpg.rf.9f7c8ab98d4fbb2e48f8c979d35688bc.jpg</path>
	<source>
		<database>roboflow.ai</database>
	</source>
	<size>
		<width>1000</width>
		<height>750</height>
		<depth>3</depth>
	</size>
	<segmented>0</segmented>
	<object>
		<name>Plastic</name>
		<pose>Unspecified</pose>
		<truncated>0</truncated>
		<difficult>0</difficult>
		<occluded>0</occluded>
		<bndbox>
			<xmin>377</xmin>
			<xmax>638</xmax>
			<ymin>256</ymin>
			<ymax>548</ymax>
		</bndbox>
	</object>
</annotation>
