<annotation>
	<folder></folder>
	<filename>0009_jpg.rf.b87d2df027c891dfb1f5139a14ca0f15.jpg</filename>
	<path>0009_jpg.rf.b87d2df027c891dfb1f5139a14ca0f15.jpg</path>
	<source>
		<database>roboflow.ai</database>
	</source>
	<size>
		<width>1000</width>
		<height>750</height>
		<depth>3</depth>
	</size>
	<segmented>0</segmented>
	<object>
		<name>Plastic</name>
		<pose>Unspecified</pose>
		<truncated>0</truncated>
		<difficult>0</difficult>
		<occluded>0</occluded>
		<bndbox>
			<xmin>144</xmin>
			<xmax>512</xmax>
			<ymin>185</ymin>
			<ymax>546</ymax>
		</bndbox>
	</object>
</annotation>
