<annotation>
	<folder>simple_images</folder>
	<filename>0009.jpg</filename>
	<path>D:\A\S7project\simple_image_download-master\Example\simple_images\0009.jpg</path>
	<source>
		<database>Unknown</database>
	</source>
	<size>
		<width>1000</width>
		<height>750</height>
		<depth>3</depth>
	</size>
	<segmented>0</segmented>
	<object>
		<name>Plastic</name>
		<pose>Unspecified</pose>
		<truncated>0</truncated>
		<difficult>0</difficult>
		<bndbox>
			<xmin>144</xmin>
			<ymin>185</ymin>
			<xmax>512</xmax>
			<ymax>546</ymax>
		</bndbox>
	</object>
</annotation>
