<annotation>
	<folder></folder>
	<filename>0010_jpg.rf.656dfffd388b58ad464d5e1a1488ff31.jpg</filename>
	<path>0010_jpg.rf.656dfffd388b58ad464d5e1a1488ff31.jpg</path>
	<source>
		<database>roboflow.ai</database>
	</source>
	<size>
		<width>1000</width>
		<height>750</height>
		<depth>3</depth>
	</size>
	<segmented>0</segmented>
	<object>
		<name>Plastic</name>
		<pose>Unspecified</pose>
		<truncated>0</truncated>
		<difficult>0</difficult>
		<occluded>0</occluded>
		<bndbox>
			<xmin>465</xmin>
			<xmax>718</xmax>
			<ymin>217</ymin>
			<ymax>615</ymax>
		</bndbox>
	</object>
</annotation>
