<annotation>
	<folder></folder>
	<filename>0011_jpg.rf.dc9aa1717e1382999d0c027a4d2e50e1.jpg</filename>
	<path>0011_jpg.rf.dc9aa1717e1382999d0c027a4d2e50e1.jpg</path>
	<source>
		<database>roboflow.ai</database>
	</source>
	<size>
		<width>1000</width>
		<height>750</height>
		<depth>3</depth>
	</size>
	<segmented>0</segmented>
	<object>
		<name>Plastic</name>
		<pose>Unspecified</pose>
		<truncated>0</truncated>
		<difficult>0</difficult>
		<occluded>0</occluded>
		<bndbox>
			<xmin>293</xmin>
			<xmax>961</xmax>
			<ymin>305</ymin>
			<ymax>461</ymax>
		</bndbox>
	</object>
</annotation>
