<annotation>
	<folder></folder>
	<filename>0013_jpg.rf.fefcbf5f0b702705bcb303c3a9949bdd.jpg</filename>
	<path>0013_jpg.rf.fefcbf5f0b702705bcb303c3a9949bdd.jpg</path>
	<source>
		<database>roboflow.ai</database>
	</source>
	<size>
		<width>1000</width>
		<height>750</height>
		<depth>3</depth>
	</size>
	<segmented>0</segmented>
	<object>
		<name>Plastic</name>
		<pose>Unspecified</pose>
		<truncated>0</truncated>
		<difficult>0</difficult>
		<occluded>0</occluded>
		<bndbox>
			<xmin>286</xmin>
			<xmax>729</xmax>
			<ymin>251</ymin>
			<ymax>511</ymax>
		</bndbox>
	</object>
</annotation>
