<annotation>
	<folder></folder>
	<filename>0014_jpg.rf.f2c99263839eb2ec88994ac755dcbb14.jpg</filename>
	<path>0014_jpg.rf.f2c99263839eb2ec88994ac755dcbb14.jpg</path>
	<source>
		<database>roboflow.ai</database>
	</source>
	<size>
		<width>1000</width>
		<height>750</height>
		<depth>3</depth>
	</size>
	<segmented>0</segmented>
	<object>
		<name>Plastic</name>
		<pose>Unspecified</pose>
		<truncated>0</truncated>
		<difficult>0</difficult>
		<occluded>0</occluded>
		<bndbox>
			<xmin>183</xmin>
			<xmax>832</xmax>
			<ymin>307</ymin>
			<ymax>429</ymax>
		</bndbox>
	</object>
</annotation>
