<annotation>
	<folder>simple_images</folder>
	<filename>0015.jpg</filename>
	<path>D:\A\S7project\simple_image_download-master\Example\simple_images\0015.jpg</path>
	<source>
		<database>Unknown</database>
	</source>
	<size>
		<width>1000</width>
		<height>750</height>
		<depth>3</depth>
	</size>
	<segmented>0</segmented>
	<object>
		<name>Plastic</name>
		<pose>Unspecified</pose>
		<truncated>1</truncated>
		<difficult>0</difficult>
		<bndbox>
			<xmin>105</xmin>
			<ymin>231</ymin>
			<xmax>1000</xmax>
			<ymax>400</ymax>
		</bndbox>
	</object>
</annotation>
