<annotation>
	<folder></folder>
	<filename>0015_jpg.rf.1ceec2f7062283e6514a0c50cbe7d3c8.jpg</filename>
	<path>0015_jpg.rf.1ceec2f7062283e6514a0c50cbe7d3c8.jpg</path>
	<source>
		<database>roboflow.ai</database>
	</source>
	<size>
		<width>1000</width>
		<height>750</height>
		<depth>3</depth>
	</size>
	<segmented>0</segmented>
	<object>
		<name>Plastic</name>
		<pose>Unspecified</pose>
		<truncated>0</truncated>
		<difficult>0</difficult>
		<occluded>0</occluded>
		<bndbox>
			<xmin>105</xmin>
			<xmax>1000</xmax>
			<ymin>231</ymin>
			<ymax>400</ymax>
		</bndbox>
	</object>
</annotation>
