<annotation>
	<folder></folder>
	<filename>0016_jpg.rf.87b98861e1922bba30b4aa3dae27c897.jpg</filename>
	<path>0016_jpg.rf.87b98861e1922bba30b4aa3dae27c897.jpg</path>
	<source>
		<database>roboflow.ai</database>
	</source>
	<size>
		<width>1000</width>
		<height>750</height>
		<depth>3</depth>
	</size>
	<segmented>0</segmented>
	<object>
		<name>Plastic</name>
		<pose>Unspecified</pose>
		<truncated>0</truncated>
		<difficult>0</difficult>
		<occluded>0</occluded>
		<bndbox>
			<xmin>214</xmin>
			<xmax>457</xmax>
			<ymin>35</ymin>
			<ymax>652</ymax>
		</bndbox>
	</object>
</annotation>
