<annotation>
	<folder></folder>
	<filename>0017_jpg.rf.ca470ecec4d8f4db17f77e89627e2d33.jpg</filename>
	<path>0017_jpg.rf.ca470ecec4d8f4db17f77e89627e2d33.jpg</path>
	<source>
		<database>roboflow.ai</database>
	</source>
	<size>
		<width>750</width>
		<height>1000</height>
		<depth>3</depth>
	</size>
	<segmented>0</segmented>
	<object>
		<name>Plastic</name>
		<pose>Unspecified</pose>
		<truncated>0</truncated>
		<difficult>0</difficult>
		<occluded>0</occluded>
		<bndbox>
			<xmin>27</xmin>
			<xmax>742</xmax>
			<ymin>378</ymin>
			<ymax>632</ymax>
		</bndbox>
	</object>
</annotation>
