<annotation>
	<folder></folder>
	<filename>0018_jpg.rf.b47219ff70406aa6ee4bb99f4ae0de4b.jpg</filename>
	<path>0018_jpg.rf.b47219ff70406aa6ee4bb99f4ae0de4b.jpg</path>
	<source>
		<database>roboflow.ai</database>
	</source>
	<size>
		<width>1000</width>
		<height>750</height>
		<depth>3</depth>
	</size>
	<segmented>0</segmented>
	<object>
		<name>Paper</name>
		<pose>Unspecified</pose>
		<truncated>0</truncated>
		<difficult>0</difficult>
		<occluded>0</occluded>
		<bndbox>
			<xmin>386</xmin>
			<xmax>684</xmax>
			<ymin>209</ymin>
			<ymax>523</ymax>
		</bndbox>
	</object>
</annotation>
