<annotation>
	<folder></folder>
	<filename>0019_jpg.rf.61011b88fa0deffe3a6135c30c6ef3ca.jpg</filename>
	<path>0019_jpg.rf.61011b88fa0deffe3a6135c30c6ef3ca.jpg</path>
	<source>
		<database>roboflow.ai</database>
	</source>
	<size>
		<width>750</width>
		<height>1000</height>
		<depth>3</depth>
	</size>
	<segmented>0</segmented>
	<object>
		<name>Paper</name>
		<pose>Unspecified</pose>
		<truncated>0</truncated>
		<difficult>0</difficult>
		<occluded>0</occluded>
		<bndbox>
			<xmin>129</xmin>
			<xmax>500</xmax>
			<ymin>302</ymin>
			<ymax>695</ymax>
		</bndbox>
	</object>
</annotation>
