<annotation>
	<folder></folder>
	<filename>0020_jpg.rf.990d4a6017d3b64ae358e8c599bc940b.jpg</filename>
	<path>0020_jpg.rf.990d4a6017d3b64ae358e8c599bc940b.jpg</path>
	<source>
		<database>roboflow.ai</database>
	</source>
	<size>
		<width>750</width>
		<height>1000</height>
		<depth>3</depth>
	</size>
	<segmented>0</segmented>
	<object>
		<name>Paper</name>
		<pose>Unspecified</pose>
		<truncated>0</truncated>
		<difficult>0</difficult>
		<occluded>0</occluded>
		<bndbox>
			<xmin>185</xmin>
			<xmax>479</xmax>
			<ymin>382</ymin>
			<ymax>644</ymax>
		</bndbox>
	</object>
</annotation>
