<annotation>
	<folder>simple_images</folder>
	<filename>0020.jpg</filename>
	<path>D:\A\S7project\simple_image_download-master\Example\simple_images\0020.jpg</path>
	<source>
		<database>Unknown</database>
	</source>
	<size>
		<width>750</width>
		<height>1000</height>
		<depth>3</depth>
	</size>
	<segmented>0</segmented>
	<object>
		<name>Paper</name>
		<pose>Unspecified</pose>
		<truncated>0</truncated>
		<difficult>0</difficult>
		<bndbox>
			<xmin>185</xmin>
			<ymin>382</ymin>
			<xmax>479</xmax>
			<ymax>644</ymax>
		</bndbox>
	</object>
</annotation>
