<annotation>
	<folder></folder>
	<filename>0021_jpg.rf.da1b6fc4456984fa7c2b537c49989136.jpg</filename>
	<path>0021_jpg.rf.da1b6fc4456984fa7c2b537c49989136.jpg</path>
	<source>
		<database>roboflow.ai</database>
	</source>
	<size>
		<width>750</width>
		<height>1000</height>
		<depth>3</depth>
	</size>
	<segmented>0</segmented>
	<object>
		<name>Plastic</name>
		<pose>Unspecified</pose>
		<truncated>0</truncated>
		<difficult>0</difficult>
		<occluded>0</occluded>
		<bndbox>
			<xmin>172</xmin>
			<xmax>403</xmax>
			<ymin>318</ymin>
			<ymax>555</ymax>
		</bndbox>
	</object>
</annotation>
