<annotation>
	<folder></folder>
	<filename>0023_jpg.rf.70db3ad597266db41690abb9bc6e17ed.jpg</filename>
	<path>0023_jpg.rf.70db3ad597266db41690abb9bc6e17ed.jpg</path>
	<source>
		<database>roboflow.ai</database>
	</source>
	<size>
		<width>1000</width>
		<height>750</height>
		<depth>3</depth>
	</size>
	<segmented>0</segmented>
	<object>
		<name>Plastic</name>
		<pose>Unspecified</pose>
		<truncated>0</truncated>
		<difficult>0</difficult>
		<occluded>0</occluded>
		<bndbox>
			<xmin>124</xmin>
			<xmax>435</xmax>
			<ymin>183</ymin>
			<ymax>423</ymax>
		</bndbox>
	</object>
	<object>
		<name>Plastic</name>
		<pose>Unspecified</pose>
		<truncated>0</truncated>
		<difficult>0</difficult>
		<occluded>0</occluded>
		<bndbox>
			<xmin>358</xmin>
			<xmax>775</xmax>
			<ymin>304</ymin>
			<ymax>593</ymax>
		</bndbox>
	</object>
</annotation>
