<annotation>
	<folder></folder>
	<filename>0024_jpg.rf.4497c3be579f32a3cc8905173f82b66e.jpg</filename>
	<path>0024_jpg.rf.4497c3be579f32a3cc8905173f82b66e.jpg</path>
	<source>
		<database>roboflow.ai</database>
	</source>
	<size>
		<width>1000</width>
		<height>750</height>
		<depth>3</depth>
	</size>
	<segmented>0</segmented>
	<object>
		<name>Plastic</name>
		<pose>Unspecified</pose>
		<truncated>0</truncated>
		<difficult>0</difficult>
		<occluded>0</occluded>
		<bndbox>
			<xmin>207</xmin>
			<xmax>582</xmax>
			<ymin>246</ymin>
			<ymax>498</ymax>
		</bndbox>
	</object>
	<object>
		<name>Plastic</name>
		<pose>Unspecified</pose>
		<truncated>0</truncated>
		<difficult>0</difficult>
		<occluded>0</occluded>
		<bndbox>
			<xmin>633</xmin>
			<xmax>750</xmax>
			<ymin>155</ymin>
			<ymax>382</ymax>
		</bndbox>
	</object>
</annotation>
