<annotation>
	<folder></folder>
	<filename>0025_jpg.rf.899245e91268ef66759d69ccff388ec4.jpg</filename>
	<path>0025_jpg.rf.899245e91268ef66759d69ccff388ec4.jpg</path>
	<source>
		<database>roboflow.ai</database>
	</source>
	<size>
		<width>1000</width>
		<height>750</height>
		<depth>3</depth>
	</size>
	<segmented>0</segmented>
	<object>
		<name>Plastic</name>
		<pose>Unspecified</pose>
		<truncated>0</truncated>
		<difficult>0</difficult>
		<occluded>0</occluded>
		<bndbox>
			<xmin>261</xmin>
			<xmax>480</xmax>
			<ymin>281</ymin>
			<ymax>484</ymax>
		</bndbox>
	</object>
	<object>
		<name>Plastic</name>
		<pose>Unspecified</pose>
		<truncated>0</truncated>
		<difficult>0</difficult>
		<occluded>0</occluded>
		<bndbox>
			<xmin>508</xmin>
			<xmax>780</xmax>
			<ymin>287</ymin>
			<ymax>498</ymax>
		</bndbox>
	</object>
</annotation>
