<annotation>
	<folder></folder>
	<filename>0026_jpg.rf.0a16fd2f8680c16613e0d7b600567d89.jpg</filename>
	<path>0026_jpg.rf.0a16fd2f8680c16613e0d7b600567d89.jpg</path>
	<source>
		<database>roboflow.ai</database>
	</source>
	<size>
		<width>1000</width>
		<height>750</height>
		<depth>3</depth>
	</size>
	<segmented>0</segmented>
	<object>
		<name>Plastic</name>
		<pose>Unspecified</pose>
		<truncated>0</truncated>
		<difficult>0</difficult>
		<occluded>0</occluded>
		<bndbox>
			<xmin>307</xmin>
			<xmax>726</xmax>
			<ymin>181</ymin>
			<ymax>438</ymax>
		</bndbox>
	</object>
</annotation>
