<annotation>
	<folder></folder>
	<filename>0026_jpg.rf.c40f8604bd0b17fd0ffde6385356a73d.jpg</filename>
	<path>0026_jpg.rf.c40f8604bd0b17fd0ffde6385356a73d.jpg</path>
	<source>
		<database>roboflow.ai</database>
	</source>
	<size>
		<width>1000</width>
		<height>750</height>
		<depth>3</depth>
	</size>
	<segmented>0</segmented>
	<object>
		<name>Plastic</name>
		<pose>Unspecified</pose>
		<truncated>0</truncated>
		<difficult>0</difficult>
		<occluded>0</occluded>
		<bndbox>
			<xmin>307</xmin>
			<xmax>726</xmax>
			<ymin>181</ymin>
			<ymax>438</ymax>
		</bndbox>
	</object>
</annotation>
