<annotation>
	<folder></folder>
	<filename>0027_jpg.rf.fbe557e938f18f2d43f4e250364ba605.jpg</filename>
	<path>0027_jpg.rf.fbe557e938f18f2d43f4e250364ba605.jpg</path>
	<source>
		<database>roboflow.ai</database>
	</source>
	<size>
		<width>750</width>
		<height>1000</height>
		<depth>3</depth>
	</size>
	<segmented>0</segmented>
	<object>
		<name>Plastic</name>
		<pose>Unspecified</pose>
		<truncated>0</truncated>
		<difficult>0</difficult>
		<occluded>0</occluded>
		<bndbox>
			<xmin>227</xmin>
			<xmax>499</xmax>
			<ymin>440</ymin>
			<ymax>656</ymax>
		</bndbox>
	</object>
</annotation>
