<annotation>
	<folder></folder>
	<filename>0028_jpg.rf.652ef54da3102f13329ed9481dd9d18d.jpg</filename>
	<path>0028_jpg.rf.652ef54da3102f13329ed9481dd9d18d.jpg</path>
	<source>
		<database>roboflow.ai</database>
	</source>
	<size>
		<width>1000</width>
		<height>750</height>
		<depth>3</depth>
	</size>
	<segmented>0</segmented>
	<object>
		<name>Plastic</name>
		<pose>Unspecified</pose>
		<truncated>0</truncated>
		<difficult>0</difficult>
		<occluded>0</occluded>
		<bndbox>
			<xmin>388</xmin>
			<xmax>576</xmax>
			<ymin>301</ymin>
			<ymax>531</ymax>
		</bndbox>
	</object>
</annotation>
