<annotation>
	<folder></folder>
	<filename>0029_jpg.rf.9d9f3b66559496c2ebcbc8e307b019d2.jpg</filename>
	<path>0029_jpg.rf.9d9f3b66559496c2ebcbc8e307b019d2.jpg</path>
	<source>
		<database>roboflow.ai</database>
	</source>
	<size>
		<width>750</width>
		<height>1000</height>
		<depth>3</depth>
	</size>
	<segmented>0</segmented>
	<object>
		<name>Plastic</name>
		<pose>Unspecified</pose>
		<truncated>0</truncated>
		<difficult>0</difficult>
		<occluded>0</occluded>
		<bndbox>
			<xmin>241</xmin>
			<xmax>535</xmax>
			<ymin>465</ymin>
			<ymax>841</ymax>
		</bndbox>
	</object>
</annotation>
