<annotation>
	<folder></folder>
	<filename>0031_jpg.rf.c5b0eb744ee461fc23bf712c7c0bb0c9.jpg</filename>
	<path>0031_jpg.rf.c5b0eb744ee461fc23bf712c7c0bb0c9.jpg</path>
	<source>
		<database>roboflow.ai</database>
	</source>
	<size>
		<width>750</width>
		<height>1000</height>
		<depth>3</depth>
	</size>
	<segmented>0</segmented>
	<object>
		<name>Paper</name>
		<pose>Unspecified</pose>
		<truncated>0</truncated>
		<difficult>0</difficult>
		<occluded>0</occluded>
		<bndbox>
			<xmin>235</xmin>
			<xmax>574</xmax>
			<ymin>347</ymin>
			<ymax>659</ymax>
		</bndbox>
	</object>
</annotation>
