<annotation>
	<folder></folder>
	<filename>0032_jpg.rf.e2132d64c866a7d25dcc6d1bb30b8200.jpg</filename>
	<path>0032_jpg.rf.e2132d64c866a7d25dcc6d1bb30b8200.jpg</path>
	<source>
		<database>roboflow.ai</database>
	</source>
	<size>
		<width>750</width>
		<height>1000</height>
		<depth>3</depth>
	</size>
	<segmented>0</segmented>
	<object>
		<name>Paper</name>
		<pose>Unspecified</pose>
		<truncated>0</truncated>
		<difficult>0</difficult>
		<occluded>0</occluded>
		<bndbox>
			<xmin>194</xmin>
			<xmax>628</xmax>
			<ymin>350</ymin>
			<ymax>642</ymax>
		</bndbox>
	</object>
</annotation>
