<annotation>
	<folder></folder>
	<filename>0033_jpg.rf.edd9f20739180d728e9edb1dabfbf024.jpg</filename>
	<path>0033_jpg.rf.edd9f20739180d728e9edb1dabfbf024.jpg</path>
	<source>
		<database>roboflow.ai</database>
	</source>
	<size>
		<width>750</width>
		<height>1000</height>
		<depth>3</depth>
	</size>
	<segmented>0</segmented>
	<object>
		<name>Plastic</name>
		<pose>Unspecified</pose>
		<truncated>0</truncated>
		<difficult>0</difficult>
		<occluded>0</occluded>
		<bndbox>
			<xmin>213</xmin>
			<xmax>616</xmax>
			<ymin>496</ymin>
			<ymax>652</ymax>
		</bndbox>
	</object>
</annotation>
