<annotation>
	<folder></folder>
	<filename>0034_jpg.rf.842893bfbbc3a9faa98ec583bd7815fe.jpg</filename>
	<path>0034_jpg.rf.842893bfbbc3a9faa98ec583bd7815fe.jpg</path>
	<source>
		<database>roboflow.ai</database>
	</source>
	<size>
		<width>750</width>
		<height>1000</height>
		<depth>3</depth>
	</size>
	<segmented>0</segmented>
	<object>
		<name>Plastic</name>
		<pose>Unspecified</pose>
		<truncated>0</truncated>
		<difficult>0</difficult>
		<occluded>0</occluded>
		<bndbox>
			<xmin>266</xmin>
			<xmax>491</xmax>
			<ymin>546</ymin>
			<ymax>633</ymax>
		</bndbox>
	</object>
</annotation>
