<annotation>
	<folder></folder>
	<filename>0035_jpg.rf.48ec720e303f70d0acd3a13c4f94da94.jpg</filename>
	<path>0035_jpg.rf.48ec720e303f70d0acd3a13c4f94da94.jpg</path>
	<source>
		<database>roboflow.ai</database>
	</source>
	<size>
		<width>750</width>
		<height>1000</height>
		<depth>3</depth>
	</size>
	<segmented>0</segmented>
	<object>
		<name>Plastic</name>
		<pose>Unspecified</pose>
		<truncated>0</truncated>
		<difficult>0</difficult>
		<occluded>0</occluded>
		<bndbox>
			<xmin>173</xmin>
			<xmax>653</xmax>
			<ymin>514</ymin>
			<ymax>643</ymax>
		</bndbox>
	</object>
</annotation>
