<annotation>
	<folder></folder>
	<filename>0037_jpg.rf.6ced42c87ec203a4753f8c4334779b28.jpg</filename>
	<path>0037_jpg.rf.6ced42c87ec203a4753f8c4334779b28.jpg</path>
	<source>
		<database>roboflow.ai</database>
	</source>
	<size>
		<width>750</width>
		<height>1000</height>
		<depth>3</depth>
	</size>
	<segmented>0</segmented>
	<object>
		<name>Plastic</name>
		<pose>Unspecified</pose>
		<truncated>0</truncated>
		<difficult>0</difficult>
		<occluded>0</occluded>
		<bndbox>
			<xmin>246</xmin>
			<xmax>561</xmax>
			<ymin>383</ymin>
			<ymax>743</ymax>
		</bndbox>
	</object>
</annotation>
