<annotation>
	<folder></folder>
	<filename>0038_jpg.rf.4e620b13d19148615b3b48a2d005ce95.jpg</filename>
	<path>0038_jpg.rf.4e620b13d19148615b3b48a2d005ce95.jpg</path>
	<source>
		<database>roboflow.ai</database>
	</source>
	<size>
		<width>750</width>
		<height>1000</height>
		<depth>3</depth>
	</size>
	<segmented>0</segmented>
	<object>
		<name>Plastic</name>
		<pose>Unspecified</pose>
		<truncated>0</truncated>
		<difficult>0</difficult>
		<occluded>0</occluded>
		<bndbox>
			<xmin>11</xmin>
			<xmax>703</xmax>
			<ymin>396</ymin>
			<ymax>766</ymax>
		</bndbox>
	</object>
</annotation>
