<annotation>
	<folder></folder>
	<filename>0039_jpg.rf.57f629005a04663896f3e7dec81f06d5.jpg</filename>
	<path>0039_jpg.rf.57f629005a04663896f3e7dec81f06d5.jpg</path>
	<source>
		<database>roboflow.ai</database>
	</source>
	<size>
		<width>750</width>
		<height>1000</height>
		<depth>3</depth>
	</size>
	<segmented>0</segmented>
	<object>
		<name>Plastic</name>
		<pose>Unspecified</pose>
		<truncated>0</truncated>
		<difficult>0</difficult>
		<occluded>0</occluded>
		<bndbox>
			<xmin>56</xmin>
			<xmax>702</xmax>
			<ymin>463</ymin>
			<ymax>674</ymax>
		</bndbox>
	</object>
</annotation>
