<annotation>
	<folder></folder>
	<filename>0040_jpg.rf.d2b41a6071d4cdd3721ce61d8f1c272c.jpg</filename>
	<path>0040_jpg.rf.d2b41a6071d4cdd3721ce61d8f1c272c.jpg</path>
	<source>
		<database>roboflow.ai</database>
	</source>
	<size>
		<width>750</width>
		<height>1000</height>
		<depth>3</depth>
	</size>
	<segmented>0</segmented>
	<object>
		<name>Plastic</name>
		<pose>Unspecified</pose>
		<truncated>0</truncated>
		<difficult>0</difficult>
		<occluded>0</occluded>
		<bndbox>
			<xmin>150</xmin>
			<xmax>602</xmax>
			<ymin>163</ymin>
			<ymax>892</ymax>
		</bndbox>
	</object>
</annotation>
