<annotation>
	<folder></folder>
	<filename>0041_jpg.rf.d742d3a381a0909c03d63928f66946b8.jpg</filename>
	<path>0041_jpg.rf.d742d3a381a0909c03d63928f66946b8.jpg</path>
	<source>
		<database>roboflow.ai</database>
	</source>
	<size>
		<width>1156</width>
		<height>520</height>
		<depth>3</depth>
	</size>
	<segmented>0</segmented>
	<object>
		<name>Paper</name>
		<pose>Unspecified</pose>
		<truncated>0</truncated>
		<difficult>0</difficult>
		<occluded>0</occluded>
		<bndbox>
			<xmin>397</xmin>
			<xmax>599</xmax>
			<ymin>166</ymin>
			<ymax>308</ymax>
		</bndbox>
	</object>
</annotation>
