<annotation>
	<folder></folder>
	<filename>0042_jpg.rf.23e5894256fd3aedb3e4594f552fd6c6.jpg</filename>
	<path>0042_jpg.rf.23e5894256fd3aedb3e4594f552fd6c6.jpg</path>
	<source>
		<database>roboflow.ai</database>
	</source>
	<size>
		<width>1156</width>
		<height>520</height>
		<depth>3</depth>
	</size>
	<segmented>0</segmented>
	<object>
		<name>Paper</name>
		<pose>Unspecified</pose>
		<truncated>0</truncated>
		<difficult>0</difficult>
		<occluded>0</occluded>
		<bndbox>
			<xmin>338</xmin>
			<xmax>549</xmax>
			<ymin>139</ymin>
			<ymax>253</ymax>
		</bndbox>
	</object>
</annotation>
