<annotation>
	<folder></folder>
	<filename>0044_jpg.rf.158ce6f99d18749f1ef8e48bb2aa0d23.jpg</filename>
	<path>0044_jpg.rf.158ce6f99d18749f1ef8e48bb2aa0d23.jpg</path>
	<source>
		<database>roboflow.ai</database>
	</source>
	<size>
		<width>1156</width>
		<height>520</height>
		<depth>3</depth>
	</size>
	<segmented>0</segmented>
	<object>
		<name>Paper</name>
		<pose>Unspecified</pose>
		<truncated>0</truncated>
		<difficult>0</difficult>
		<occluded>0</occluded>
		<bndbox>
			<xmin>304</xmin>
			<xmax>576</xmax>
			<ymin>135</ymin>
			<ymax>257</ymax>
		</bndbox>
	</object>
</annotation>
