<annotation>
	<folder></folder>
	<filename>0045_jpg.rf.fe8637044ff0d2a5441ab059335d5825.jpg</filename>
	<path>0045_jpg.rf.fe8637044ff0d2a5441ab059335d5825.jpg</path>
	<source>
		<database>roboflow.ai</database>
	</source>
	<size>
		<width>1156</width>
		<height>520</height>
		<depth>3</depth>
	</size>
	<segmented>0</segmented>
	<object>
		<name>Paper</name>
		<pose>Unspecified</pose>
		<truncated>0</truncated>
		<difficult>0</difficult>
		<occluded>0</occluded>
		<bndbox>
			<xmin>336</xmin>
			<xmax>500</xmax>
			<ymin>149</ymin>
			<ymax>290</ymax>
		</bndbox>
	</object>
</annotation>
