<annotation>
	<folder></folder>
	<filename>0046_jpg.rf.4e3e53285634a7af9451441f1cc2389a.jpg</filename>
	<path>0046_jpg.rf.4e3e53285634a7af9451441f1cc2389a.jpg</path>
	<source>
		<database>roboflow.ai</database>
	</source>
	<size>
		<width>1156</width>
		<height>520</height>
		<depth>3</depth>
	</size>
	<segmented>0</segmented>
	<object>
		<name>Paper</name>
		<pose>Unspecified</pose>
		<truncated>0</truncated>
		<difficult>0</difficult>
		<occluded>0</occluded>
		<bndbox>
			<xmin>449</xmin>
			<xmax>629</xmax>
			<ymin>183</ymin>
			<ymax>362</ymax>
		</bndbox>
	</object>
</annotation>
