<annotation>
	<folder></folder>
	<filename>0047_jpg.rf.5879e08e3747184eeb1e57ce267442b7.jpg</filename>
	<path>0047_jpg.rf.5879e08e3747184eeb1e57ce267442b7.jpg</path>
	<source>
		<database>roboflow.ai</database>
	</source>
	<size>
		<width>1156</width>
		<height>520</height>
		<depth>3</depth>
	</size>
	<segmented>0</segmented>
	<object>
		<name>Paper</name>
		<pose>Unspecified</pose>
		<truncated>0</truncated>
		<difficult>0</difficult>
		<occluded>0</occluded>
		<bndbox>
			<xmin>344</xmin>
			<xmax>624</xmax>
			<ymin>260</ymin>
			<ymax>409</ymax>
		</bndbox>
	</object>
</annotation>
