<annotation>
	<folder></folder>
	<filename>0048_jpg.rf.20336c1d9d0e7a852ed69b077f93a02b.jpg</filename>
	<path>0048_jpg.rf.20336c1d9d0e7a852ed69b077f93a02b.jpg</path>
	<source>
		<database>roboflow.ai</database>
	</source>
	<size>
		<width>520</width>
		<height>1156</height>
		<depth>3</depth>
	</size>
	<segmented>0</segmented>
	<object>
		<name>Paper</name>
		<pose>Unspecified</pose>
		<truncated>0</truncated>
		<difficult>0</difficult>
		<occluded>0</occluded>
		<bndbox>
			<xmin>79</xmin>
			<xmax>377</xmax>
			<ymin>367</ymin>
			<ymax>592</ymax>
		</bndbox>
	</object>
</annotation>
