<annotation>
	<folder></folder>
	<filename>0049_jpg.rf.e547d536afc96f62c2ae5f36e9c6973d.jpg</filename>
	<path>0049_jpg.rf.e547d536afc96f62c2ae5f36e9c6973d.jpg</path>
	<source>
		<database>roboflow.ai</database>
	</source>
	<size>
		<width>1156</width>
		<height>520</height>
		<depth>3</depth>
	</size>
	<segmented>0</segmented>
	<object>
		<name>Paper</name>
		<pose>Unspecified</pose>
		<truncated>0</truncated>
		<difficult>0</difficult>
		<occluded>0</occluded>
		<bndbox>
			<xmin>375</xmin>
			<xmax>490</xmax>
			<ymin>180</ymin>
			<ymax>320</ymax>
		</bndbox>
	</object>
	<object>
		<name>Paper</name>
		<pose>Unspecified</pose>
		<truncated>0</truncated>
		<difficult>0</difficult>
		<occluded>0</occluded>
		<bndbox>
			<xmin>525</xmin>
			<xmax>668</xmax>
			<ymin>151</ymin>
			<ymax>270</ymax>
		</bndbox>
	</object>
	<object>
		<name>Paper</name>
		<pose>Unspecified</pose>
		<truncated>0</truncated>
		<difficult>0</difficult>
		<occluded>0</occluded>
		<bndbox>
			<xmin>522</xmin>
			<xmax>689</xmax>
			<ymin>306</ymin>
			<ymax>402</ymax>
		</bndbox>
	</object>
	<object>
		<name>Paper</name>
		<pose>Unspecified</pose>
		<truncated>0</truncated>
		<difficult>0</difficult>
		<occluded>0</occluded>
		<bndbox>
			<xmin>399</xmin>
			<xmax>552</xmax>
			<ymin>130</ymin>
			<ymax>274</ymax>
		</bndbox>
	</object>
</annotation>
