<annotation>
	<folder></folder>
	<filename>0050_jpg.rf.cf909b5e13915f756fdd3775f982845b.jpg</filename>
	<path>0050_jpg.rf.cf909b5e13915f756fdd3775f982845b.jpg</path>
	<source>
		<database>roboflow.ai</database>
	</source>
	<size>
		<width>1156</width>
		<height>520</height>
		<depth>3</depth>
	</size>
	<segmented>0</segmented>
	<object>
		<name>Paper</name>
		<pose>Unspecified</pose>
		<truncated>0</truncated>
		<difficult>0</difficult>
		<occluded>0</occluded>
		<bndbox>
			<xmin>528</xmin>
			<xmax>595</xmax>
			<ymin>199</ymin>
			<ymax>300</ymax>
		</bndbox>
	</object>
	<object>
		<name>Paper</name>
		<pose>Unspecified</pose>
		<truncated>0</truncated>
		<difficult>0</difficult>
		<occluded>0</occluded>
		<bndbox>
			<xmin>607</xmin>
			<xmax>665</xmax>
			<ymin>192</ymin>
			<ymax>295</ymax>
		</bndbox>
	</object>
	<object>
		<name>Paper</name>
		<pose>Unspecified</pose>
		<truncated>0</truncated>
		<difficult>0</difficult>
		<occluded>0</occluded>
		<bndbox>
			<xmin>671</xmin>
			<xmax>755</xmax>
			<ymin>181</ymin>
			<ymax>278</ymax>
		</bndbox>
	</object>
	<object>
		<name>Paper</name>
		<pose>Unspecified</pose>
		<truncated>0</truncated>
		<difficult>0</difficult>
		<occluded>0</occluded>
		<bndbox>
			<xmin>652</xmin>
			<xmax>766</xmax>
			<ymin>315</ymin>
			<ymax>380</ymax>
		</bndbox>
	</object>
</annotation>
