<annotation>
	<folder></folder>
	<filename>0051_jpg.rf.48e1b4335c93aefb69433b913abd3bc9.jpg</filename>
	<path>0051_jpg.rf.48e1b4335c93aefb69433b913abd3bc9.jpg</path>
	<source>
		<database>roboflow.ai</database>
	</source>
	<size>
		<width>1156</width>
		<height>520</height>
		<depth>3</depth>
	</size>
	<segmented>0</segmented>
	<object>
		<name>Paper</name>
		<pose>Unspecified</pose>
		<truncated>0</truncated>
		<difficult>0</difficult>
		<occluded>0</occluded>
		<bndbox>
			<xmin>622</xmin>
			<xmax>755</xmax>
			<ymin>68</ymin>
			<ymax>172</ymax>
		</bndbox>
	</object>
	<object>
		<name>Paper</name>
		<pose>Unspecified</pose>
		<truncated>0</truncated>
		<difficult>0</difficult>
		<occluded>0</occluded>
		<bndbox>
			<xmin>561</xmin>
			<xmax>770</xmax>
			<ymin>185</ymin>
			<ymax>276</ymax>
		</bndbox>
	</object>
	<object>
		<name>Paper</name>
		<pose>Unspecified</pose>
		<truncated>0</truncated>
		<difficult>0</difficult>
		<occluded>0</occluded>
		<bndbox>
			<xmin>782</xmin>
			<xmax>870</xmax>
			<ymin>220</ymin>
			<ymax>335</ymax>
		</bndbox>
	</object>
</annotation>
