<annotation>
	<folder></folder>
	<filename>0052_jpg.rf.4e4d5a62f7101280f71cb7b8ec6e90c8.jpg</filename>
	<path>0052_jpg.rf.4e4d5a62f7101280f71cb7b8ec6e90c8.jpg</path>
	<source>
		<database>roboflow.ai</database>
	</source>
	<size>
		<width>520</width>
		<height>1156</height>
		<depth>3</depth>
	</size>
	<segmented>0</segmented>
	<object>
		<name>Paper</name>
		<pose>Unspecified</pose>
		<truncated>0</truncated>
		<difficult>0</difficult>
		<occluded>0</occluded>
		<bndbox>
			<xmin>96</xmin>
			<xmax>293</xmax>
			<ymin>453</ymin>
			<ymax>576</ymax>
		</bndbox>
	</object>
	<object>
		<name>Paper</name>
		<pose>Unspecified</pose>
		<truncated>0</truncated>
		<difficult>0</difficult>
		<occluded>0</occluded>
		<bndbox>
			<xmin>91</xmin>
			<xmax>217</xmax>
			<ymin>392</ymin>
			<ymax>469</ymax>
		</bndbox>
	</object>
</annotation>
