<annotation>
	<folder></folder>
	<filename>0053_jpg.rf.6c1a387f69c62bc2b759a189a3d3b45c.jpg</filename>
	<path>0053_jpg.rf.6c1a387f69c62bc2b759a189a3d3b45c.jpg</path>
	<source>
		<database>roboflow.ai</database>
	</source>
	<size>
		<width>1156</width>
		<height>520</height>
		<depth>3</depth>
	</size>
	<segmented>0</segmented>
	<object>
		<name>Paper</name>
		<pose>Unspecified</pose>
		<truncated>0</truncated>
		<difficult>0</difficult>
		<occluded>0</occluded>
		<bndbox>
			<xmin>358</xmin>
			<xmax>479</xmax>
			<ymin>199</ymin>
			<ymax>269</ymax>
		</bndbox>
	</object>
	<object>
		<name>Paper</name>
		<pose>Unspecified</pose>
		<truncated>0</truncated>
		<difficult>0</difficult>
		<occluded>0</occluded>
		<bndbox>
			<xmin>467</xmin>
			<xmax>595</xmax>
			<ymin>114</ymin>
			<ymax>190</ymax>
		</bndbox>
	</object>
	<object>
		<name>Paper</name>
		<pose>Unspecified</pose>
		<truncated>0</truncated>
		<difficult>0</difficult>
		<occluded>0</occluded>
		<bndbox>
			<xmin>487</xmin>
			<xmax>609</xmax>
			<ymin>199</ymin>
			<ymax>280</ymax>
		</bndbox>
	</object>
</annotation>
