<annotation>
	<folder></folder>
	<filename>0054_jpg.rf.49a9a2ed514568adee9365cc096027aa.jpg</filename>
	<path>0054_jpg.rf.49a9a2ed514568adee9365cc096027aa.jpg</path>
	<source>
		<database>roboflow.ai</database>
	</source>
	<size>
		<width>520</width>
		<height>1156</height>
		<depth>3</depth>
	</size>
	<segmented>0</segmented>
	<object>
		<name>Paper</name>
		<pose>Unspecified</pose>
		<truncated>0</truncated>
		<difficult>0</difficult>
		<occluded>0</occluded>
		<bndbox>
			<xmin>209</xmin>
			<xmax>285</xmax>
			<ymin>377</ymin>
			<ymax>436</ymax>
		</bndbox>
	</object>
	<object>
		<name>Paper</name>
		<pose>Unspecified</pose>
		<truncated>0</truncated>
		<difficult>0</difficult>
		<occluded>0</occluded>
		<bndbox>
			<xmin>306</xmin>
			<xmax>430</xmax>
			<ymin>392</ymin>
			<ymax>512</ymax>
		</bndbox>
	</object>
	<object>
		<name>Paper</name>
		<pose>Unspecified</pose>
		<truncated>0</truncated>
		<difficult>0</difficult>
		<occluded>0</occluded>
		<bndbox>
			<xmin>240</xmin>
			<xmax>339</xmax>
			<ymin>481</ymin>
			<ymax>571</ymax>
		</bndbox>
	</object>
</annotation>
