<annotation>
	<folder>simple_images</folder>
	<filename>0054.jpg</filename>
	<path>D:\A\S7project\simple_image_download-master\Example\simple_images\0054.jpg</path>
	<source>
		<database>Unknown</database>
	</source>
	<size>
		<width>520</width>
		<height>1156</height>
		<depth>3</depth>
	</size>
	<segmented>0</segmented>
	<object>
		<name>Paper</name>
		<pose>Unspecified</pose>
		<truncated>0</truncated>
		<difficult>0</difficult>
		<bndbox>
			<xmin>209</xmin>
			<ymin>377</ymin>
			<xmax>285</xmax>
			<ymax>436</ymax>
		</bndbox>
	</object>
	<object>
		<name>Paper</name>
		<pose>Unspecified</pose>
		<truncated>0</truncated>
		<difficult>0</difficult>
		<bndbox>
			<xmin>306</xmin>
			<ymin>392</ymin>
			<xmax>430</xmax>
			<ymax>512</ymax>
		</bndbox>
	</object>
	<object>
		<name>Paper</name>
		<pose>Unspecified</pose>
		<truncated>0</truncated>
		<difficult>0</difficult>
		<bndbox>
			<xmin>240</xmin>
			<ymin>481</ymin>
			<xmax>339</xmax>
			<ymax>571</ymax>
		</bndbox>
	</object>
</annotation>
