<annotation>
	<folder></folder>
	<filename>0055_jpg.rf.ebae4d645bcdc08ee780fce59abbef49.jpg</filename>
	<path>0055_jpg.rf.ebae4d645bcdc08ee780fce59abbef49.jpg</path>
	<source>
		<database>roboflow.ai</database>
	</source>
	<size>
		<width>520</width>
		<height>1156</height>
		<depth>3</depth>
	</size>
	<segmented>0</segmented>
	<object>
		<name>Paper</name>
		<pose>Unspecified</pose>
		<truncated>0</truncated>
		<difficult>0</difficult>
		<occluded>0</occluded>
		<bndbox>
			<xmin>213</xmin>
			<xmax>311</xmax>
			<ymin>414</ymin>
			<ymax>472</ymax>
		</bndbox>
	</object>
</annotation>
