<annotation>
	<folder></folder>
	<filename>0056_jpg.rf.c9e7814c41b792504494801c07c9098f.jpg</filename>
	<path>0056_jpg.rf.c9e7814c41b792504494801c07c9098f.jpg</path>
	<source>
		<database>roboflow.ai</database>
	</source>
	<size>
		<width>1156</width>
		<height>520</height>
		<depth>3</depth>
	</size>
	<segmented>0</segmented>
	<object>
		<name>Paper</name>
		<pose>Unspecified</pose>
		<truncated>0</truncated>
		<difficult>0</difficult>
		<occluded>0</occluded>
		<bndbox>
			<xmin>595</xmin>
			<xmax>681</xmax>
			<ymin>199</ymin>
			<ymax>272</ymax>
		</bndbox>
	</object>
</annotation>
