<annotation>
	<folder></folder>
	<filename>0057_jpg.rf.700df447b71bf3227f3c0539dd8a331a.jpg</filename>
	<path>0057_jpg.rf.700df447b71bf3227f3c0539dd8a331a.jpg</path>
	<source>
		<database>roboflow.ai</database>
	</source>
	<size>
		<width>520</width>
		<height>1156</height>
		<depth>3</depth>
	</size>
	<segmented>0</segmented>
	<object>
		<name>Paper</name>
		<pose>Unspecified</pose>
		<truncated>0</truncated>
		<difficult>0</difficult>
		<occluded>0</occluded>
		<bndbox>
			<xmin>133</xmin>
			<xmax>321</xmax>
			<ymin>371</ymin>
			<ymax>670</ymax>
		</bndbox>
	</object>
</annotation>
