<annotation>
	<folder></folder>
	<filename>0058_jpg.rf.68a6e26cb9a08caad5697be9eca08db8.jpg</filename>
	<path>0058_jpg.rf.68a6e26cb9a08caad5697be9eca08db8.jpg</path>
	<source>
		<database>roboflow.ai</database>
	</source>
	<size>
		<width>1156</width>
		<height>520</height>
		<depth>3</depth>
	</size>
	<segmented>0</segmented>
	<object>
		<name>Paper</name>
		<pose>Unspecified</pose>
		<truncated>0</truncated>
		<difficult>0</difficult>
		<occluded>0</occluded>
		<bndbox>
			<xmin>352</xmin>
			<xmax>678</xmax>
			<ymin>233</ymin>
			<ymax>370</ymax>
		</bndbox>
	</object>
</annotation>
