<annotation>
	<folder></folder>
	<filename>0059_jpg.rf.7a74480de0b3add21aebcddbf168fcdc.jpg</filename>
	<path>0059_jpg.rf.7a74480de0b3add21aebcddbf168fcdc.jpg</path>
	<source>
		<database>roboflow.ai</database>
	</source>
	<size>
		<width>520</width>
		<height>1156</height>
		<depth>3</depth>
	</size>
	<segmented>0</segmented>
	<object>
		<name>Paper</name>
		<pose>Unspecified</pose>
		<truncated>0</truncated>
		<difficult>0</difficult>
		<occluded>0</occluded>
		<bndbox>
			<xmin>140</xmin>
			<xmax>350</xmax>
			<ymin>312</ymin>
			<ymax>590</ymax>
		</bndbox>
	</object>
</annotation>
