<annotation>
	<folder></folder>
	<filename>0060_jpg.rf.21e7c969767f927cd6d13452d011d695.jpg</filename>
	<path>0060_jpg.rf.21e7c969767f927cd6d13452d011d695.jpg</path>
	<source>
		<database>roboflow.ai</database>
	</source>
	<size>
		<width>1156</width>
		<height>520</height>
		<depth>3</depth>
	</size>
	<segmented>0</segmented>
	<object>
		<name>Paper</name>
		<pose>Unspecified</pose>
		<truncated>0</truncated>
		<difficult>0</difficult>
		<occluded>0</occluded>
		<bndbox>
			<xmin>642</xmin>
			<xmax>902</xmax>
			<ymin>153</ymin>
			<ymax>300</ymax>
		</bndbox>
	</object>
</annotation>
