<annotation>
	<folder></folder>
	<filename>0061_jpg.rf.4f7f5f09c2eec48c22cfc8e114724f28.jpg</filename>
	<path>0061_jpg.rf.4f7f5f09c2eec48c22cfc8e114724f28.jpg</path>
	<source>
		<database>roboflow.ai</database>
	</source>
	<size>
		<width>520</width>
		<height>1156</height>
		<depth>3</depth>
	</size>
	<segmented>0</segmented>
	<object>
		<name>Paper</name>
		<pose>Unspecified</pose>
		<truncated>0</truncated>
		<difficult>0</difficult>
		<occluded>0</occluded>
		<bndbox>
			<xmin>348</xmin>
			<xmax>505</xmax>
			<ymin>333</ymin>
			<ymax>482</ymax>
		</bndbox>
	</object>
	<object>
		<name>Paper</name>
		<pose>Unspecified</pose>
		<truncated>0</truncated>
		<difficult>0</difficult>
		<occluded>0</occluded>
		<bndbox>
			<xmin>174</xmin>
			<xmax>272</xmax>
			<ymin>362</ymin>
			<ymax>486</ymax>
		</bndbox>
	</object>
	<object>
		<name>Paper</name>
		<pose>Unspecified</pose>
		<truncated>0</truncated>
		<difficult>0</difficult>
		<occluded>0</occluded>
		<bndbox>
			<xmin>249</xmin>
			<xmax>412</xmax>
			<ymin>449</ymin>
			<ymax>615</ymax>
		</bndbox>
	</object>
	<object>
		<name>Paper</name>
		<pose>Unspecified</pose>
		<truncated>0</truncated>
		<difficult>0</difficult>
		<occluded>0</occluded>
		<bndbox>
			<xmin>152</xmin>
			<xmax>290</xmax>
			<ymin>565</ymin>
			<ymax>664</ymax>
		</bndbox>
	</object>
	<object>
		<name>Paper</name>
		<pose>Unspecified</pose>
		<truncated>0</truncated>
		<difficult>0</difficult>
		<occluded>0</occluded>
		<bndbox>
			<xmin>1</xmin>
			<xmax>45</xmax>
			<ymin>329</ymin>
			<ymax>436</ymax>
		</bndbox>
	</object>
	<object>
		<name>Paper</name>
		<pose>Unspecified</pose>
		<truncated>0</truncated>
		<difficult>0</difficult>
		<occluded>0</occluded>
		<bndbox>
			<xmin>41</xmin>
			<xmax>112</xmax>
			<ymin>333</ymin>
			<ymax>432</ymax>
		</bndbox>
	</object>
	<object>
		<name>Paper</name>
		<pose>Unspecified</pose>
		<truncated>0</truncated>
		<difficult>0</difficult>
		<occluded>0</occluded>
		<bndbox>
			<xmin>41</xmin>
			<xmax>139</xmax>
			<ymin>422</ymin>
			<ymax>511</ymax>
		</bndbox>
	</object>
	<object>
		<name>Paper</name>
		<pose>Unspecified</pose>
		<truncated>0</truncated>
		<difficult>0</difficult>
		<occluded>0</occluded>
		<bndbox>
			<xmin>68</xmin>
			<xmax>178</xmax>
			<ymin>479</ymin>
			<ymax>642</ymax>
		</bndbox>
	</object>
</annotation>
