<annotation>
	<folder></folder>
	<filename>0062_jpg.rf.477896f9be9f2db9107dac68dfc41ba6.jpg</filename>
	<path>0062_jpg.rf.477896f9be9f2db9107dac68dfc41ba6.jpg</path>
	<source>
		<database>roboflow.ai</database>
	</source>
	<size>
		<width>520</width>
		<height>1156</height>
		<depth>3</depth>
	</size>
	<segmented>0</segmented>
	<object>
		<name>Paper</name>
		<pose>Unspecified</pose>
		<truncated>0</truncated>
		<difficult>0</difficult>
		<occluded>0</occluded>
		<bndbox>
			<xmin>162</xmin>
			<xmax>272</xmax>
			<ymin>462</ymin>
			<ymax>542</ymax>
		</bndbox>
	</object>
	<object>
		<name>Paper</name>
		<pose>Unspecified</pose>
		<truncated>0</truncated>
		<difficult>0</difficult>
		<occluded>0</occluded>
		<bndbox>
			<xmin>245</xmin>
			<xmax>337</xmax>
			<ymin>522</ymin>
			<ymax>600</ymax>
		</bndbox>
	</object>
</annotation>
