<annotation>
	<folder></folder>
	<filename>0064_jpg.rf.7a738a69d1dc7cadc6fb66bb8ed65ee1.jpg</filename>
	<path>0064_jpg.rf.7a738a69d1dc7cadc6fb66bb8ed65ee1.jpg</path>
	<source>
		<database>roboflow.ai</database>
	</source>
	<size>
		<width>520</width>
		<height>1156</height>
		<depth>3</depth>
	</size>
	<segmented>0</segmented>
	<object>
		<name>Paper</name>
		<pose>Unspecified</pose>
		<truncated>0</truncated>
		<difficult>0</difficult>
		<occluded>0</occluded>
		<bndbox>
			<xmin>248</xmin>
			<xmax>328</xmax>
			<ymin>501</ymin>
			<ymax>554</ymax>
		</bndbox>
	</object>
	<object>
		<name>Paper</name>
		<pose>Unspecified</pose>
		<truncated>0</truncated>
		<difficult>0</difficult>
		<occluded>0</occluded>
		<bndbox>
			<xmin>178</xmin>
			<xmax>245</xmax>
			<ymin>427</ymin>
			<ymax>482</ymax>
		</bndbox>
	</object>
	<object>
		<name>Paper</name>
		<pose>Unspecified</pose>
		<truncated>0</truncated>
		<difficult>0</difficult>
		<occluded>0</occluded>
		<bndbox>
			<xmin>65</xmin>
			<xmax>174</xmax>
			<ymin>364</ymin>
			<ymax>442</ymax>
		</bndbox>
	</object>
	<object>
		<name>Paper</name>
		<pose>Unspecified</pose>
		<truncated>0</truncated>
		<difficult>0</difficult>
		<occluded>0</occluded>
		<bndbox>
			<xmin>129</xmin>
			<xmax>213</xmax>
			<ymin>476</ymin>
			<ymax>550</ymax>
		</bndbox>
	</object>
</annotation>
