<annotation>
	<folder></folder>
	<filename>0065_jpg.rf.0023a0c3e84b15da0f386aa430e4fa44.jpg</filename>
	<path>0065_jpg.rf.0023a0c3e84b15da0f386aa430e4fa44.jpg</path>
	<source>
		<database>roboflow.ai</database>
	</source>
	<size>
		<width>1156</width>
		<height>520</height>
		<depth>3</depth>
	</size>
	<segmented>0</segmented>
	<object>
		<name>Paper</name>
		<pose>Unspecified</pose>
		<truncated>0</truncated>
		<difficult>0</difficult>
		<occluded>0</occluded>
		<bndbox>
			<xmin>586</xmin>
			<xmax>652</xmax>
			<ymin>196</ymin>
			<ymax>262</ymax>
		</bndbox>
	</object>
	<object>
		<name>Paper</name>
		<pose>Unspecified</pose>
		<truncated>0</truncated>
		<difficult>0</difficult>
		<occluded>0</occluded>
		<bndbox>
			<xmin>566</xmin>
			<xmax>634</xmax>
			<ymin>316</ymin>
			<ymax>387</ymax>
		</bndbox>
	</object>
	<object>
		<name>Paper</name>
		<pose>Unspecified</pose>
		<truncated>0</truncated>
		<difficult>0</difficult>
		<occluded>0</occluded>
		<bndbox>
			<xmin>493</xmin>
			<xmax>565</xmax>
			<ymin>290</ymin>
			<ymax>351</ymax>
		</bndbox>
	</object>
	<object>
		<name>Paper</name>
		<pose>Unspecified</pose>
		<truncated>0</truncated>
		<difficult>0</difficult>
		<occluded>0</occluded>
		<bndbox>
			<xmin>422</xmin>
			<xmax>536</xmax>
			<ymin>357</ymin>
			<ymax>453</ymax>
		</bndbox>
	</object>
</annotation>
