<annotation>
	<folder></folder>
	<filename>0067_jpg.rf.a5d3f8b8fb9a4c67db1bd717601076a5.jpg</filename>
	<path>0067_jpg.rf.a5d3f8b8fb9a4c67db1bd717601076a5.jpg</path>
	<source>
		<database>roboflow.ai</database>
	</source>
	<size>
		<width>520</width>
		<height>1156</height>
		<depth>3</depth>
	</size>
	<segmented>0</segmented>
	<object>
		<name>Paper</name>
		<pose>Unspecified</pose>
		<truncated>0</truncated>
		<difficult>0</difficult>
		<occluded>0</occluded>
		<bndbox>
			<xmin>196</xmin>
			<xmax>299</xmax>
			<ymin>334</ymin>
			<ymax>426</ymax>
		</bndbox>
	</object>
	<object>
		<name>Paper</name>
		<pose>Unspecified</pose>
		<truncated>0</truncated>
		<difficult>0</difficult>
		<occluded>0</occluded>
		<bndbox>
			<xmin>251</xmin>
			<xmax>362</xmax>
			<ymin>448</ymin>
			<ymax>528</ymax>
		</bndbox>
	</object>
	<object>
		<name>Paper</name>
		<pose>Unspecified</pose>
		<truncated>0</truncated>
		<difficult>0</difficult>
		<occluded>0</occluded>
		<bndbox>
			<xmin>384</xmin>
			<xmax>480</xmax>
			<ymin>511</ymin>
			<ymax>581</ymax>
		</bndbox>
	</object>
</annotation>
