<annotation>
	<folder></folder>
	<filename>0068_jpg.rf.7d1ddd6d47e265c52624a03e1afa4a07.jpg</filename>
	<path>0068_jpg.rf.7d1ddd6d47e265c52624a03e1afa4a07.jpg</path>
	<source>
		<database>roboflow.ai</database>
	</source>
	<size>
		<width>1156</width>
		<height>520</height>
		<depth>3</depth>
	</size>
	<segmented>0</segmented>
	<object>
		<name>Paper</name>
		<pose>Unspecified</pose>
		<truncated>0</truncated>
		<difficult>0</difficult>
		<occluded>0</occluded>
		<bndbox>
			<xmin>359</xmin>
			<xmax>599</xmax>
			<ymin>156</ymin>
			<ymax>380</ymax>
		</bndbox>
	</object>
</annotation>
