<annotation>
	<folder>simple_images</folder>
	<filename>0069.jpg</filename>
	<path>D:\A\S7project\simple_image_download-master\Example\simple_images\0069.jpg</path>
	<source>
		<database>Unknown</database>
	</source>
	<size>
		<width>520</width>
		<height>1156</height>
		<depth>3</depth>
	</size>
	<segmented>0</segmented>
	<object>
		<name>Paper</name>
		<pose>Unspecified</pose>
		<truncated>0</truncated>
		<difficult>0</difficult>
		<bndbox>
			<xmin>115</xmin>
			<ymin>355</ymin>
			<xmax>333</xmax>
			<ymax>579</ymax>
		</bndbox>
	</object>
</annotation>
