<annotation>
	<folder></folder>
	<filename>0069_jpg.rf.ef98c298961df114ac43e9393d3e5159.jpg</filename>
	<path>0069_jpg.rf.ef98c298961df114ac43e9393d3e5159.jpg</path>
	<source>
		<database>roboflow.ai</database>
	</source>
	<size>
		<width>520</width>
		<height>1156</height>
		<depth>3</depth>
	</size>
	<segmented>0</segmented>
	<object>
		<name>Paper</name>
		<pose>Unspecified</pose>
		<truncated>0</truncated>
		<difficult>0</difficult>
		<occluded>0</occluded>
		<bndbox>
			<xmin>115</xmin>
			<xmax>333</xmax>
			<ymin>355</ymin>
			<ymax>579</ymax>
		</bndbox>
	</object>
</annotation>
