<annotation>
	<folder></folder>
	<filename>0070_jpg.rf.4090ab69c7db9ad06835204fc1166a88.jpg</filename>
	<path>0070_jpg.rf.4090ab69c7db9ad06835204fc1166a88.jpg</path>
	<source>
		<database>roboflow.ai</database>
	</source>
	<size>
		<width>1156</width>
		<height>520</height>
		<depth>3</depth>
	</size>
	<segmented>0</segmented>
	<object>
		<name>Paper</name>
		<pose>Unspecified</pose>
		<truncated>0</truncated>
		<difficult>0</difficult>
		<occluded>0</occluded>
		<bndbox>
			<xmin>602</xmin>
			<xmax>837</xmax>
			<ymin>87</ymin>
			<ymax>309</ymax>
		</bndbox>
	</object>
</annotation>
