<annotation>
	<folder></folder>
	<filename>0071_jpg.rf.22cec36b46feb0fa62024774fff90ba8.jpg</filename>
	<path>0071_jpg.rf.22cec36b46feb0fa62024774fff90ba8.jpg</path>
	<source>
		<database>roboflow.ai</database>
	</source>
	<size>
		<width>1156</width>
		<height>520</height>
		<depth>3</depth>
	</size>
	<segmented>0</segmented>
	<object>
		<name>Paper</name>
		<pose>Unspecified</pose>
		<truncated>0</truncated>
		<difficult>0</difficult>
		<occluded>0</occluded>
		<bndbox>
			<xmin>353</xmin>
			<xmax>628</xmax>
			<ymin>1</ymin>
			<ymax>233</ymax>
		</bndbox>
	</object>
</annotation>
