<annotation>
	<folder></folder>
	<filename>0072_jpg.rf.a7328b5925ad203990cb87624e42e62d.jpg</filename>
	<path>0072_jpg.rf.a7328b5925ad203990cb87624e42e62d.jpg</path>
	<source>
		<database>roboflow.ai</database>
	</source>
	<size>
		<width>520</width>
		<height>1156</height>
		<depth>3</depth>
	</size>
	<segmented>0</segmented>
	<object>
		<name>Plastic</name>
		<pose>Unspecified</pose>
		<truncated>0</truncated>
		<difficult>0</difficult>
		<occluded>0</occluded>
		<bndbox>
			<xmin>82</xmin>
			<xmax>412</xmax>
			<ymin>325</ymin>
			<ymax>670</ymax>
		</bndbox>
	</object>
</annotation>
