<annotation>
	<folder></folder>
	<filename>0073_jpg.rf.f55bfb1a701b3e972de032c4d3da6196.jpg</filename>
	<path>0073_jpg.rf.f55bfb1a701b3e972de032c4d3da6196.jpg</path>
	<source>
		<database>roboflow.ai</database>
	</source>
	<size>
		<width>1156</width>
		<height>520</height>
		<depth>3</depth>
	</size>
	<segmented>0</segmented>
	<object>
		<name>Plastic</name>
		<pose>Unspecified</pose>
		<truncated>0</truncated>
		<difficult>0</difficult>
		<occluded>0</occluded>
		<bndbox>
			<xmin>372</xmin>
			<xmax>621</xmax>
			<ymin>123</ymin>
			<ymax>360</ymax>
		</bndbox>
	</object>
</annotation>
