<annotation>
	<folder></folder>
	<filename>0074_jpg.rf.337e9a33fb1b93b86788fa9d1bd3c9ef.jpg</filename>
	<path>0074_jpg.rf.337e9a33fb1b93b86788fa9d1bd3c9ef.jpg</path>
	<source>
		<database>roboflow.ai</database>
	</source>
	<size>
		<width>1156</width>
		<height>520</height>
		<depth>3</depth>
	</size>
	<segmented>0</segmented>
	<object>
		<name>Plastic</name>
		<pose>Unspecified</pose>
		<truncated>0</truncated>
		<difficult>0</difficult>
		<occluded>0</occluded>
		<bndbox>
			<xmin>424</xmin>
			<xmax>642</xmax>
			<ymin>281</ymin>
			<ymax>400</ymax>
		</bndbox>
	</object>
</annotation>
