<annotation>
	<folder></folder>
	<filename>0075_jpg.rf.4253bcf17d217471aee0551bf1398a67.jpg</filename>
	<path>0075_jpg.rf.4253bcf17d217471aee0551bf1398a67.jpg</path>
	<source>
		<database>roboflow.ai</database>
	</source>
	<size>
		<width>1156</width>
		<height>520</height>
		<depth>3</depth>
	</size>
	<segmented>0</segmented>
	<object>
		<name>Plastic</name>
		<pose>Unspecified</pose>
		<truncated>0</truncated>
		<difficult>0</difficult>
		<occluded>0</occluded>
		<bndbox>
			<xmin>595</xmin>
			<xmax>818</xmax>
			<ymin>170</ymin>
			<ymax>253</ymax>
		</bndbox>
	</object>
</annotation>
