<annotation>
	<folder></folder>
	<filename>0075_jpg.rf.cfc1432ed5801df3ee3eff3bbe4c5b7e.jpg</filename>
	<path>0075_jpg.rf.cfc1432ed5801df3ee3eff3bbe4c5b7e.jpg</path>
	<source>
		<database>roboflow.ai</database>
	</source>
	<size>
		<width>1156</width>
		<height>520</height>
		<depth>3</depth>
	</size>
	<segmented>0</segmented>
	<object>
		<name>Plastic</name>
		<pose>Unspecified</pose>
		<truncated>0</truncated>
		<difficult>0</difficult>
		<occluded>0</occluded>
		<bndbox>
			<xmin>595</xmin>
			<xmax>818</xmax>
			<ymin>170</ymin>
			<ymax>253</ymax>
		</bndbox>
	</object>
</annotation>
