<annotation>
	<folder></folder>
	<filename>0076_jpg.rf.69e90f800b38e32dda588d0df9326a6a.jpg</filename>
	<path>0076_jpg.rf.69e90f800b38e32dda588d0df9326a6a.jpg</path>
	<source>
		<database>roboflow.ai</database>
	</source>
	<size>
		<width>520</width>
		<height>1156</height>
		<depth>3</depth>
	</size>
	<segmented>0</segmented>
	<object>
		<name>Plastic</name>
		<pose>Unspecified</pose>
		<truncated>0</truncated>
		<difficult>0</difficult>
		<occluded>0</occluded>
		<bndbox>
			<xmin>180</xmin>
			<xmax>293</xmax>
			<ymin>348</ymin>
			<ymax>490</ymax>
		</bndbox>
	</object>
</annotation>
