<annotation>
	<folder></folder>
	<filename>0077_jpg.rf.107dbee45968e641752de78cd886f14c.jpg</filename>
	<path>0077_jpg.rf.107dbee45968e641752de78cd886f14c.jpg</path>
	<source>
		<database>roboflow.ai</database>
	</source>
	<size>
		<width>1156</width>
		<height>520</height>
		<depth>3</depth>
	</size>
	<segmented>0</segmented>
	<object>
		<name>Plastic</name>
		<pose>Unspecified</pose>
		<truncated>0</truncated>
		<difficult>0</difficult>
		<occluded>0</occluded>
		<bndbox>
			<xmin>389</xmin>
			<xmax>688</xmax>
			<ymin>266</ymin>
			<ymax>379</ymax>
		</bndbox>
	</object>
</annotation>
