<annotation>
	<folder></folder>
	<filename>0079_jpg.rf.fb7224f0b4e2b60cb403f3203eccbd26.jpg</filename>
	<path>0079_jpg.rf.fb7224f0b4e2b60cb403f3203eccbd26.jpg</path>
	<source>
		<database>roboflow.ai</database>
	</source>
	<size>
		<width>520</width>
		<height>1156</height>
		<depth>3</depth>
	</size>
	<segmented>0</segmented>
	<object>
		<name>Plastic</name>
		<pose>Unspecified</pose>
		<truncated>0</truncated>
		<difficult>0</difficult>
		<occluded>0</occluded>
		<bndbox>
			<xmin>307</xmin>
			<xmax>417</xmax>
			<ymin>243</ymin>
			<ymax>795</ymax>
		</bndbox>
	</object>
</annotation>
