<annotation>
	<folder></folder>
	<filename>0080_jpg.rf.835e449e02c9a6ce3d38eecdbc495ce5.jpg</filename>
	<path>0080_jpg.rf.835e449e02c9a6ce3d38eecdbc495ce5.jpg</path>
	<source>
		<database>roboflow.ai</database>
	</source>
	<size>
		<width>1156</width>
		<height>520</height>
		<depth>3</depth>
	</size>
	<segmented>0</segmented>
	<object>
		<name>Plastic</name>
		<pose>Unspecified</pose>
		<truncated>0</truncated>
		<difficult>0</difficult>
		<occluded>0</occluded>
		<bndbox>
			<xmin>305</xmin>
			<xmax>929</xmax>
			<ymin>144</ymin>
			<ymax>302</ymax>
		</bndbox>
	</object>
</annotation>
