<annotation>
	<folder></folder>
	<filename>0081_jpg.rf.9fd26b981fdaf8d2154cfca910f435ef.jpg</filename>
	<path>0081_jpg.rf.9fd26b981fdaf8d2154cfca910f435ef.jpg</path>
	<source>
		<database>roboflow.ai</database>
	</source>
	<size>
		<width>1156</width>
		<height>520</height>
		<depth>3</depth>
	</size>
	<segmented>0</segmented>
	<object>
		<name>Plastic</name>
		<pose>Unspecified</pose>
		<truncated>0</truncated>
		<difficult>0</difficult>
		<occluded>0</occluded>
		<bndbox>
			<xmin>255</xmin>
			<xmax>817</xmax>
			<ymin>106</ymin>
			<ymax>234</ymax>
		</bndbox>
	</object>
</annotation>
