<annotation>
	<folder></folder>
	<filename>0082_jpg.rf.f99388937d1f3babe1eda93ef3baf41c.jpg</filename>
	<path>0082_jpg.rf.f99388937d1f3babe1eda93ef3baf41c.jpg</path>
	<source>
		<database>roboflow.ai</database>
	</source>
	<size>
		<width>1156</width>
		<height>520</height>
		<depth>3</depth>
	</size>
	<segmented>0</segmented>
	<object>
		<name>Plastic</name>
		<pose>Unspecified</pose>
		<truncated>0</truncated>
		<difficult>0</difficult>
		<occluded>0</occluded>
		<bndbox>
			<xmin>528</xmin>
			<xmax>878</xmax>
			<ymin>161</ymin>
			<ymax>330</ymax>
		</bndbox>
	</object>
</annotation>
