<annotation>
	<folder></folder>
	<filename>0083_jpg.rf.b0977f00d9147e9e1c69d0c4cdafe97e.jpg</filename>
	<path>0083_jpg.rf.b0977f00d9147e9e1c69d0c4cdafe97e.jpg</path>
	<source>
		<database>roboflow.ai</database>
	</source>
	<size>
		<width>520</width>
		<height>1156</height>
		<depth>3</depth>
	</size>
	<segmented>0</segmented>
	<object>
		<name>Plastic</name>
		<pose>Unspecified</pose>
		<truncated>0</truncated>
		<difficult>0</difficult>
		<occluded>0</occluded>
		<bndbox>
			<xmin>65</xmin>
			<xmax>185</xmax>
			<ymin>423</ymin>
			<ymax>543</ymax>
		</bndbox>
	</object>
	<object>
		<name>Plastic</name>
		<pose>Unspecified</pose>
		<truncated>0</truncated>
		<difficult>0</difficult>
		<occluded>0</occluded>
		<bndbox>
			<xmin>228</xmin>
			<xmax>327</xmax>
			<ymin>325</ymin>
			<ymax>692</ymax>
		</bndbox>
	</object>
</annotation>
