<annotation>
	<folder></folder>
	<filename>0084_jpg.rf.a3d98eb91674cf97c7ef107791bbb7d3.jpg</filename>
	<path>0084_jpg.rf.a3d98eb91674cf97c7ef107791bbb7d3.jpg</path>
	<source>
		<database>roboflow.ai</database>
	</source>
	<size>
		<width>1156</width>
		<height>520</height>
		<depth>3</depth>
	</size>
	<segmented>0</segmented>
	<object>
		<name>Plastic</name>
		<pose>Unspecified</pose>
		<truncated>0</truncated>
		<difficult>0</difficult>
		<occluded>0</occluded>
		<bndbox>
			<xmin>573</xmin>
			<xmax>703</xmax>
			<ymin>272</ymin>
			<ymax>377</ymax>
		</bndbox>
	</object>
	<object>
		<name>Plastic</name>
		<pose>Unspecified</pose>
		<truncated>0</truncated>
		<difficult>0</difficult>
		<occluded>0</occluded>
		<bndbox>
			<xmin>489</xmin>
			<xmax>827</xmax>
			<ymin>129</ymin>
			<ymax>229</ymax>
		</bndbox>
	</object>
</annotation>
