<annotation>
	<folder></folder>
	<filename>0085_jpg.rf.04af992af48e8f021000c3889e6772de.jpg</filename>
	<path>0085_jpg.rf.04af992af48e8f021000c3889e6772de.jpg</path>
	<source>
		<database>roboflow.ai</database>
	</source>
	<size>
		<width>1156</width>
		<height>520</height>
		<depth>3</depth>
	</size>
	<segmented>0</segmented>
	<object>
		<name>Plastic</name>
		<pose>Unspecified</pose>
		<truncated>0</truncated>
		<difficult>0</difficult>
		<occluded>0</occluded>
		<bndbox>
			<xmin>497</xmin>
			<xmax>664</xmax>
			<ymin>203</ymin>
			<ymax>311</ymax>
		</bndbox>
	</object>
</annotation>
