<annotation>
	<folder></folder>
	<filename>0086_jpg.rf.43130be0ceed1182c9dff4222e552792.jpg</filename>
	<path>0086_jpg.rf.43130be0ceed1182c9dff4222e552792.jpg</path>
	<source>
		<database>roboflow.ai</database>
	</source>
	<size>
		<width>1156</width>
		<height>520</height>
		<depth>3</depth>
	</size>
	<segmented>0</segmented>
	<object>
		<name>Plastic</name>
		<pose>Unspecified</pose>
		<truncated>0</truncated>
		<difficult>0</difficult>
		<occluded>0</occluded>
		<bndbox>
			<xmin>448</xmin>
			<xmax>579</xmax>
			<ymin>103</ymin>
			<ymax>210</ymax>
		</bndbox>
	</object>
</annotation>
