<annotation>
	<folder></folder>
	<filename>0087_jpg.rf.3e11e695a13973ac301de32b9c5f6705.jpg</filename>
	<path>0087_jpg.rf.3e11e695a13973ac301de32b9c5f6705.jpg</path>
	<source>
		<database>roboflow.ai</database>
	</source>
	<size>
		<width>1156</width>
		<height>520</height>
		<depth>3</depth>
	</size>
	<segmented>0</segmented>
	<object>
		<name>Plastic</name>
		<pose>Unspecified</pose>
		<truncated>0</truncated>
		<difficult>0</difficult>
		<occluded>0</occluded>
		<bndbox>
			<xmin>635</xmin>
			<xmax>762</xmax>
			<ymin>187</ymin>
			<ymax>271</ymax>
		</bndbox>
	</object>
</annotation>
