<annotation>
	<folder></folder>
	<filename>0088_jpg.rf.f57452c91f5740a44423e7f6f209942c.jpg</filename>
	<path>0088_jpg.rf.f57452c91f5740a44423e7f6f209942c.jpg</path>
	<source>
		<database>roboflow.ai</database>
	</source>
	<size>
		<width>520</width>
		<height>1156</height>
		<depth>3</depth>
	</size>
	<segmented>0</segmented>
	<object>
		<name>Plastic</name>
		<pose>Unspecified</pose>
		<truncated>0</truncated>
		<difficult>0</difficult>
		<occluded>0</occluded>
		<bndbox>
			<xmin>96</xmin>
			<xmax>262</xmax>
			<ymin>417</ymin>
			<ymax>511</ymax>
		</bndbox>
	</object>
</annotation>
