<annotation>
	<folder></folder>
	<filename>0089_jpg.rf.8160681855483ed127477748464a26db.jpg</filename>
	<path>0089_jpg.rf.8160681855483ed127477748464a26db.jpg</path>
	<source>
		<database>roboflow.ai</database>
	</source>
	<size>
		<width>520</width>
		<height>1156</height>
		<depth>3</depth>
	</size>
	<segmented>0</segmented>
	<object>
		<name>Plastic</name>
		<pose>Unspecified</pose>
		<truncated>0</truncated>
		<difficult>0</difficult>
		<occluded>0</occluded>
		<bndbox>
			<xmin>195</xmin>
			<xmax>337</xmax>
			<ymin>416</ymin>
			<ymax>543</ymax>
		</bndbox>
	</object>
</annotation>
