<annotation>
	<folder></folder>
	<filename>0090_jpg.rf.01aa209c294dfc1df4b4b80be5c9f613.jpg</filename>
	<path>0090_jpg.rf.01aa209c294dfc1df4b4b80be5c9f613.jpg</path>
	<source>
		<database>roboflow.ai</database>
	</source>
	<size>
		<width>520</width>
		<height>1156</height>
		<depth>3</depth>
	</size>
	<segmented>0</segmented>
	<object>
		<name>Plastic</name>
		<pose>Unspecified</pose>
		<truncated>0</truncated>
		<difficult>0</difficult>
		<occluded>0</occluded>
		<bndbox>
			<xmin>233</xmin>
			<xmax>393</xmax>
			<ymin>565</ymin>
			<ymax>688</ymax>
		</bndbox>
	</object>
</annotation>
