<annotation>
	<folder></folder>
	<filename>0091_jpg.rf.fe337865736633b2927912184e3fc90c.jpg</filename>
	<path>0091_jpg.rf.fe337865736633b2927912184e3fc90c.jpg</path>
	<source>
		<database>roboflow.ai</database>
	</source>
	<size>
		<width>1156</width>
		<height>520</height>
		<depth>3</depth>
	</size>
	<segmented>0</segmented>
	<object>
		<name>Plastic</name>
		<pose>Unspecified</pose>
		<truncated>0</truncated>
		<difficult>0</difficult>
		<occluded>0</occluded>
		<bndbox>
			<xmin>605</xmin>
			<xmax>693</xmax>
			<ymin>157</ymin>
			<ymax>315</ymax>
		</bndbox>
	</object>
</annotation>
