<annotation>
	<folder></folder>
	<filename>0092_jpg.rf.85e3024176571c9a2ae4255cd98d0faf.jpg</filename>
	<path>0092_jpg.rf.85e3024176571c9a2ae4255cd98d0faf.jpg</path>
	<source>
		<database>roboflow.ai</database>
	</source>
	<size>
		<width>520</width>
		<height>1156</height>
		<depth>3</depth>
	</size>
	<segmented>0</segmented>
	<object>
		<name>Plastic</name>
		<pose>Unspecified</pose>
		<truncated>0</truncated>
		<difficult>0</difficult>
		<occluded>0</occluded>
		<bndbox>
			<xmin>256</xmin>
			<xmax>440</xmax>
			<ymin>450</ymin>
			<ymax>577</ymax>
		</bndbox>
	</object>
</annotation>
