<annotation>
	<folder></folder>
	<filename>0093_jpg.rf.5aed741c7bdf3936379e0715aee38e16.jpg</filename>
	<path>0093_jpg.rf.5aed741c7bdf3936379e0715aee38e16.jpg</path>
	<source>
		<database>roboflow.ai</database>
	</source>
	<size>
		<width>1156</width>
		<height>520</height>
		<depth>3</depth>
	</size>
	<segmented>0</segmented>
	<object>
		<name>Plastic</name>
		<pose>Unspecified</pose>
		<truncated>0</truncated>
		<difficult>0</difficult>
		<occluded>0</occluded>
		<bndbox>
			<xmin>541</xmin>
			<xmax>602</xmax>
			<ymin>177</ymin>
			<ymax>313</ymax>
		</bndbox>
	</object>
</annotation>
