<annotation>
	<folder></folder>
	<filename>0094_jpg.rf.006775f3c780be72b37b082a1bf0f501.jpg</filename>
	<path>0094_jpg.rf.006775f3c780be72b37b082a1bf0f501.jpg</path>
	<source>
		<database>roboflow.ai</database>
	</source>
	<size>
		<width>1156</width>
		<height>520</height>
		<depth>3</depth>
	</size>
	<segmented>0</segmented>
	<object>
		<name>Plastic</name>
		<pose>Unspecified</pose>
		<truncated>0</truncated>
		<difficult>0</difficult>
		<occluded>0</occluded>
		<bndbox>
			<xmin>598</xmin>
			<xmax>673</xmax>
			<ymin>186</ymin>
			<ymax>298</ymax>
		</bndbox>
	</object>
</annotation>
