<annotation>
	<folder></folder>
	<filename>0095_jpg.rf.dac72d80005a4696fc7c31d0e825bcfc.jpg</filename>
	<path>0095_jpg.rf.dac72d80005a4696fc7c31d0e825bcfc.jpg</path>
	<source>
		<database>roboflow.ai</database>
	</source>
	<size>
		<width>520</width>
		<height>1156</height>
		<depth>3</depth>
	</size>
	<segmented>0</segmented>
	<object>
		<name>Plastic</name>
		<pose>Unspecified</pose>
		<truncated>0</truncated>
		<difficult>0</difficult>
		<occluded>0</occluded>
		<bndbox>
			<xmin>140</xmin>
			<xmax>332</xmax>
			<ymin>308</ymin>
			<ymax>673</ymax>
		</bndbox>
	</object>
</annotation>
