<annotation>
	<folder></folder>
	<filename>0096_jpg.rf.53765b7d4d365f9751131742e85af606.jpg</filename>
	<path>0096_jpg.rf.53765b7d4d365f9751131742e85af606.jpg</path>
	<source>
		<database>roboflow.ai</database>
	</source>
	<size>
		<width>520</width>
		<height>1156</height>
		<depth>3</depth>
	</size>
	<segmented>0</segmented>
	<object>
		<name>Plastic</name>
		<pose>Unspecified</pose>
		<truncated>0</truncated>
		<difficult>0</difficult>
		<occluded>0</occluded>
		<bndbox>
			<xmin>176</xmin>
			<xmax>306</xmax>
			<ymin>337</ymin>
			<ymax>642</ymax>
		</bndbox>
	</object>
</annotation>
