<annotation>
	<folder></folder>
	<filename>0097_jpg.rf.8369da97a32e5599e21c27a604f0b150.jpg</filename>
	<path>0097_jpg.rf.8369da97a32e5599e21c27a604f0b150.jpg</path>
	<source>
		<database>roboflow.ai</database>
	</source>
	<size>
		<width>1156</width>
		<height>520</height>
		<depth>3</depth>
	</size>
	<segmented>0</segmented>
	<object>
		<name>Plastic</name>
		<pose>Unspecified</pose>
		<truncated>0</truncated>
		<difficult>0</difficult>
		<occluded>0</occluded>
		<bndbox>
			<xmin>399</xmin>
			<xmax>771</xmax>
			<ymin>221</ymin>
			<ymax>409</ymax>
		</bndbox>
	</object>
</annotation>
