<annotation>
	<folder></folder>
	<filename>0098_jpg.rf.f4ed2c4a3b0035f34ad0390ca0cab41d.jpg</filename>
	<path>0098_jpg.rf.f4ed2c4a3b0035f34ad0390ca0cab41d.jpg</path>
	<source>
		<database>roboflow.ai</database>
	</source>
	<size>
		<width>1156</width>
		<height>520</height>
		<depth>3</depth>
	</size>
	<segmented>0</segmented>
	<object>
		<name>Plastic</name>
		<pose>Unspecified</pose>
		<truncated>0</truncated>
		<difficult>0</difficult>
		<occluded>0</occluded>
		<bndbox>
			<xmin>365</xmin>
			<xmax>737</xmax>
			<ymin>63</ymin>
			<ymax>310</ymax>
		</bndbox>
	</object>
</annotation>
