<annotation>
	<folder></folder>
	<filename>0099_jpg.rf.171a3fcb74ebdf9eaf7d06cf2afe2ed6.jpg</filename>
	<path>0099_jpg.rf.171a3fcb74ebdf9eaf7d06cf2afe2ed6.jpg</path>
	<source>
		<database>roboflow.ai</database>
	</source>
	<size>
		<width>1156</width>
		<height>520</height>
		<depth>3</depth>
	</size>
	<segmented>0</segmented>
	<object>
		<name>Plastic</name>
		<pose>Unspecified</pose>
		<truncated>0</truncated>
		<difficult>0</difficult>
		<occluded>0</occluded>
		<bndbox>
			<xmin>518</xmin>
			<xmax>723</xmax>
			<ymin>63</ymin>
			<ymax>402</ymax>
		</bndbox>
	</object>
</annotation>
