<annotation>
	<folder></folder>
	<filename>0099_jpg.rf.1ba8e5d7378d6c433b3d93708c715162.jpg</filename>
	<path>0099_jpg.rf.1ba8e5d7378d6c433b3d93708c715162.jpg</path>
	<source>
		<database>roboflow.ai</database>
	</source>
	<size>
		<width>1156</width>
		<height>520</height>
		<depth>3</depth>
	</size>
	<segmented>0</segmented>
	<object>
		<name>Plastic</name>
		<pose>Unspecified</pose>
		<truncated>0</truncated>
		<difficult>0</difficult>
		<occluded>0</occluded>
		<bndbox>
			<xmin>518</xmin>
			<xmax>723</xmax>
			<ymin>63</ymin>
			<ymax>402</ymax>
		</bndbox>
	</object>
</annotation>
