<annotation>
	<folder></folder>
	<filename>0100_jpg.rf.8ef1e9b1d6dcc9f36bb234c87fedd162.jpg</filename>
	<path>0100_jpg.rf.8ef1e9b1d6dcc9f36bb234c87fedd162.jpg</path>
	<source>
		<database>roboflow.ai</database>
	</source>
	<size>
		<width>520</width>
		<height>1156</height>
		<depth>3</depth>
	</size>
	<segmented>0</segmented>
	<object>
		<name>Paper</name>
		<pose>Unspecified</pose>
		<truncated>0</truncated>
		<difficult>0</difficult>
		<occluded>0</occluded>
		<bndbox>
			<xmin>26</xmin>
			<xmax>369</xmax>
			<ymin>355</ymin>
			<ymax>725</ymax>
		</bndbox>
	</object>
</annotation>
