<annotation>
	<folder></folder>
	<filename>0101_jpg.rf.c08a3628be431c9f6a6856037c19494b.jpg</filename>
	<path>0101_jpg.rf.c08a3628be431c9f6a6856037c19494b.jpg</path>
	<source>
		<database>roboflow.ai</database>
	</source>
	<size>
		<width>1156</width>
		<height>520</height>
		<depth>3</depth>
	</size>
	<segmented>0</segmented>
	<object>
		<name>Plastic</name>
		<pose>Unspecified</pose>
		<truncated>0</truncated>
		<difficult>0</difficult>
		<occluded>0</occluded>
		<bndbox>
			<xmin>282</xmin>
			<xmax>942</xmax>
			<ymin>46</ymin>
			<ymax>423</ymax>
		</bndbox>
	</object>
</annotation>
