<annotation>
	<folder></folder>
	<filename>0102_jpg.rf.74334fe8148e4a4a41899730a545e224.jpg</filename>
	<path>0102_jpg.rf.74334fe8148e4a4a41899730a545e224.jpg</path>
	<source>
		<database>roboflow.ai</database>
	</source>
	<size>
		<width>1156</width>
		<height>520</height>
		<depth>3</depth>
	</size>
	<segmented>0</segmented>
	<object>
		<name>Plastic</name>
		<pose>Unspecified</pose>
		<truncated>0</truncated>
		<difficult>0</difficult>
		<occluded>0</occluded>
		<bndbox>
			<xmin>311</xmin>
			<xmax>920</xmax>
			<ymin>33</ymin>
			<ymax>390</ymax>
		</bndbox>
	</object>
</annotation>
