<annotation>
	<folder></folder>
	<filename>0103_jpg.rf.1109db05bee15718366ff5ffe9b760ab.jpg</filename>
	<path>0103_jpg.rf.1109db05bee15718366ff5ffe9b760ab.jpg</path>
	<source>
		<database>roboflow.ai</database>
	</source>
	<size>
		<width>1156</width>
		<height>520</height>
		<depth>3</depth>
	</size>
	<segmented>0</segmented>
	<object>
		<name>Plastic</name>
		<pose>Unspecified</pose>
		<truncated>0</truncated>
		<difficult>0</difficult>
		<occluded>0</occluded>
		<bndbox>
			<xmin>189</xmin>
			<xmax>835</xmax>
			<ymin>200</ymin>
			<ymax>447</ymax>
		</bndbox>
	</object>
</annotation>
