<annotation>
	<folder></folder>
	<filename>0104_jpg.rf.e667b25fb98f7f9bc2be1040a2feab91.jpg</filename>
	<path>0104_jpg.rf.e667b25fb98f7f9bc2be1040a2feab91.jpg</path>
	<source>
		<database>roboflow.ai</database>
	</source>
	<size>
		<width>1156</width>
		<height>520</height>
		<depth>3</depth>
	</size>
	<segmented>0</segmented>
	<object>
		<name>Plastic</name>
		<pose>Unspecified</pose>
		<truncated>0</truncated>
		<difficult>0</difficult>
		<occluded>0</occluded>
		<bndbox>
			<xmin>466</xmin>
			<xmax>706</xmax>
			<ymin>85</ymin>
			<ymax>330</ymax>
		</bndbox>
	</object>
	<object>
		<name>Plastic</name>
		<pose>Unspecified</pose>
		<truncated>0</truncated>
		<difficult>0</difficult>
		<occluded>0</occluded>
		<bndbox>
			<xmin>277</xmin>
			<xmax>479</xmax>
			<ymin>146</ymin>
			<ymax>520</ymax>
		</bndbox>
	</object>
</annotation>
