<annotation>
	<folder></folder>
	<filename>0105_jpg.rf.1f7aee4dfdc51510e99993546ec3ffbe.jpg</filename>
	<path>0105_jpg.rf.1f7aee4dfdc51510e99993546ec3ffbe.jpg</path>
	<source>
		<database>roboflow.ai</database>
	</source>
	<size>
		<width>1156</width>
		<height>520</height>
		<depth>3</depth>
	</size>
	<segmented>0</segmented>
	<object>
		<name>Plastic</name>
		<pose>Unspecified</pose>
		<truncated>0</truncated>
		<difficult>0</difficult>
		<occluded>0</occluded>
		<bndbox>
			<xmin>647</xmin>
			<xmax>835</xmax>
			<ymin>20</ymin>
			<ymax>267</ymax>
		</bndbox>
	</object>
	<object>
		<name>Plastic</name>
		<pose>Unspecified</pose>
		<truncated>0</truncated>
		<difficult>0</difficult>
		<occluded>0</occluded>
		<bndbox>
			<xmin>62</xmin>
			<xmax>325</xmax>
			<ymin>180</ymin>
			<ymax>397</ymax>
		</bndbox>
	</object>
</annotation>
