<annotation>
	<folder></folder>
	<filename>0106_jpg.rf.3ae81011a0be38859724f5ce5a1638ce.jpg</filename>
	<path>0106_jpg.rf.3ae81011a0be38859724f5ce5a1638ce.jpg</path>
	<source>
		<database>roboflow.ai</database>
	</source>
	<size>
		<width>1156</width>
		<height>520</height>
		<depth>3</depth>
	</size>
	<segmented>0</segmented>
	<object>
		<name>Plastic</name>
		<pose>Unspecified</pose>
		<truncated>0</truncated>
		<difficult>0</difficult>
		<occluded>0</occluded>
		<bndbox>
			<xmin>690</xmin>
			<xmax>862</xmax>
			<ymin>117</ymin>
			<ymax>345</ymax>
		</bndbox>
	</object>
	<object>
		<name>Plastic</name>
		<pose>Unspecified</pose>
		<truncated>0</truncated>
		<difficult>0</difficult>
		<occluded>0</occluded>
		<bndbox>
			<xmin>367</xmin>
			<xmax>708</xmax>
			<ymin>62</ymin>
			<ymax>273</ymax>
		</bndbox>
	</object>
</annotation>
