<annotation>
	<folder>simple_images</folder>
	<filename>0107.jpg</filename>
	<path>D:\A\S7project\simple_image_download-master\Example\simple_images\0107.jpg</path>
	<source>
		<database>Unknown</database>
	</source>
	<size>
		<width>520</width>
		<height>1156</height>
		<depth>3</depth>
	</size>
	<segmented>0</segmented>
	<object>
		<name>Plastic</name>
		<pose>Unspecified</pose>
		<truncated>0</truncated>
		<difficult>0</difficult>
		<bndbox>
			<xmin>271</xmin>
			<ymin>270</ymin>
			<xmax>412</xmax>
			<ymax>686</ymax>
		</bndbox>
	</object>
	<object>
		<name>Plastic</name>
		<pose>Unspecified</pose>
		<truncated>0</truncated>
		<difficult>0</difficult>
		<bndbox>
			<xmin>45</xmin>
			<ymin>597</ymin>
			<xmax>184</xmax>
			<ymax>812</ymax>
		</bndbox>
	</object>
</annotation>
