<annotation>
	<folder></folder>
	<filename>0107_jpg.rf.c2cf2f07d86573bc143a3778e48c3375.jpg</filename>
	<path>0107_jpg.rf.c2cf2f07d86573bc143a3778e48c3375.jpg</path>
	<source>
		<database>roboflow.ai</database>
	</source>
	<size>
		<width>520</width>
		<height>1156</height>
		<depth>3</depth>
	</size>
	<segmented>0</segmented>
	<object>
		<name>Plastic</name>
		<pose>Unspecified</pose>
		<truncated>0</truncated>
		<difficult>0</difficult>
		<occluded>0</occluded>
		<bndbox>
			<xmin>271</xmin>
			<xmax>412</xmax>
			<ymin>270</ymin>
			<ymax>686</ymax>
		</bndbox>
	</object>
	<object>
		<name>Plastic</name>
		<pose>Unspecified</pose>
		<truncated>0</truncated>
		<difficult>0</difficult>
		<occluded>0</occluded>
		<bndbox>
			<xmin>45</xmin>
			<xmax>184</xmax>
			<ymin>597</ymin>
			<ymax>812</ymax>
		</bndbox>
	</object>
</annotation>
