<annotation>
	<folder></folder>
	<filename>0108_jpg.rf.db92e98b017f64cf995bd0084ac23452.jpg</filename>
	<path>0108_jpg.rf.db92e98b017f64cf995bd0084ac23452.jpg</path>
	<source>
		<database>roboflow.ai</database>
	</source>
	<size>
		<width>520</width>
		<height>1156</height>
		<depth>3</depth>
	</size>
	<segmented>0</segmented>
	<object>
		<name>Plastic</name>
		<pose>Unspecified</pose>
		<truncated>0</truncated>
		<difficult>0</difficult>
		<occluded>0</occluded>
		<bndbox>
			<xmin>78</xmin>
			<xmax>513</xmax>
			<ymin>286</ymin>
			<ymax>947</ymax>
		</bndbox>
	</object>
</annotation>
