<annotation>
	<folder></folder>
	<filename>0109_jpg.rf.b15971cc35b5564cab8df40b2456bdf9.jpg</filename>
	<path>0109_jpg.rf.b15971cc35b5564cab8df40b2456bdf9.jpg</path>
	<source>
		<database>roboflow.ai</database>
	</source>
	<size>
		<width>1156</width>
		<height>520</height>
		<depth>3</depth>
	</size>
	<segmented>0</segmented>
	<object>
		<name>Plastic</name>
		<pose>Unspecified</pose>
		<truncated>0</truncated>
		<difficult>0</difficult>
		<occluded>0</occluded>
		<bndbox>
			<xmin>172</xmin>
			<xmax>788</xmax>
			<ymin>6</ymin>
			<ymax>208</ymax>
		</bndbox>
	</object>
</annotation>
