<annotation>
	<folder></folder>
	<filename>0110_jpg.rf.4c3875494d8d0d2231ff0b645713b242.jpg</filename>
	<path>0110_jpg.rf.4c3875494d8d0d2231ff0b645713b242.jpg</path>
	<source>
		<database>roboflow.ai</database>
	</source>
	<size>
		<width>520</width>
		<height>1156</height>
		<depth>3</depth>
	</size>
	<segmented>0</segmented>
	<object>
		<name>Plastic</name>
		<pose>Unspecified</pose>
		<truncated>0</truncated>
		<difficult>0</difficult>
		<occluded>0</occluded>
		<bndbox>
			<xmin>37</xmin>
			<xmax>439</xmax>
			<ymin>329</ymin>
			<ymax>826</ymax>
		</bndbox>
	</object>
</annotation>
