<annotation>
	<folder></folder>
	<filename>0111_jpg.rf.664a521ca6707e99645a74d6a9e20605.jpg</filename>
	<path>0111_jpg.rf.664a521ca6707e99645a74d6a9e20605.jpg</path>
	<source>
		<database>roboflow.ai</database>
	</source>
	<size>
		<width>520</width>
		<height>1156</height>
		<depth>3</depth>
	</size>
	<segmented>0</segmented>
	<object>
		<name>Paper</name>
		<pose>Unspecified</pose>
		<truncated>0</truncated>
		<difficult>0</difficult>
		<occluded>0</occluded>
		<bndbox>
			<xmin>85</xmin>
			<xmax>433</xmax>
			<ymin>476</ymin>
			<ymax>854</ymax>
		</bndbox>
	</object>
</annotation>
