<annotation>
	<folder></folder>
	<filename>0112_jpg.rf.f465a79e07f3480f33d1e5c3a65a0e18.jpg</filename>
	<path>0112_jpg.rf.f465a79e07f3480f33d1e5c3a65a0e18.jpg</path>
	<source>
		<database>roboflow.ai</database>
	</source>
	<size>
		<width>1156</width>
		<height>520</height>
		<depth>3</depth>
	</size>
	<segmented>0</segmented>
	<object>
		<name>Paper</name>
		<pose>Unspecified</pose>
		<truncated>0</truncated>
		<difficult>0</difficult>
		<occluded>0</occluded>
		<bndbox>
			<xmin>305</xmin>
			<xmax>830</xmax>
			<ymin>57</ymin>
			<ymax>428</ymax>
		</bndbox>
	</object>
</annotation>
