<annotation>
	<folder></folder>
	<filename>0113_jpg.rf.7adb18cd866b41abc849fd19bfec2cbd.jpg</filename>
	<path>0113_jpg.rf.7adb18cd866b41abc849fd19bfec2cbd.jpg</path>
	<source>
		<database>roboflow.ai</database>
	</source>
	<size>
		<width>1156</width>
		<height>520</height>
		<depth>3</depth>
	</size>
	<segmented>0</segmented>
	<object>
		<name>Plastic</name>
		<pose>Unspecified</pose>
		<truncated>0</truncated>
		<difficult>0</difficult>
		<occluded>0</occluded>
		<bndbox>
			<xmin>442</xmin>
			<xmax>707</xmax>
			<ymin>3</ymin>
			<ymax>497</ymax>
		</bndbox>
	</object>
</annotation>
