<annotation>
	<folder></folder>
	<filename>0114_jpg.rf.5c6d789a1cda55545fd1e7b549eda0de.jpg</filename>
	<path>0114_jpg.rf.5c6d789a1cda55545fd1e7b549eda0de.jpg</path>
	<source>
		<database>roboflow.ai</database>
	</source>
	<size>
		<width>1156</width>
		<height>520</height>
		<depth>3</depth>
	</size>
	<segmented>0</segmented>
	<object>
		<name>Paper</name>
		<pose>Unspecified</pose>
		<truncated>0</truncated>
		<difficult>0</difficult>
		<occluded>0</occluded>
		<bndbox>
			<xmin>385</xmin>
			<xmax>770</xmax>
			<ymin>142</ymin>
			<ymax>436</ymax>
		</bndbox>
	</object>
</annotation>
