<annotation>
	<folder></folder>
	<filename>0115_jpg.rf.48eb732eaa6c6c7f5892cc524e9b47bb.jpg</filename>
	<path>0115_jpg.rf.48eb732eaa6c6c7f5892cc524e9b47bb.jpg</path>
	<source>
		<database>roboflow.ai</database>
	</source>
	<size>
		<width>1156</width>
		<height>520</height>
		<depth>3</depth>
	</size>
	<segmented>0</segmented>
	<object>
		<name>Paper</name>
		<pose>Unspecified</pose>
		<truncated>0</truncated>
		<difficult>0</difficult>
		<occluded>0</occluded>
		<bndbox>
			<xmin>421</xmin>
			<xmax>835</xmax>
			<ymin>48</ymin>
			<ymax>433</ymax>
		</bndbox>
	</object>
</annotation>
