<annotation>
	<folder></folder>
	<filename>0116_jpg.rf.bdcd2e7057703cbe144a2196da790a5c.jpg</filename>
	<path>0116_jpg.rf.bdcd2e7057703cbe144a2196da790a5c.jpg</path>
	<source>
		<database>roboflow.ai</database>
	</source>
	<size>
		<width>1156</width>
		<height>520</height>
		<depth>3</depth>
	</size>
	<segmented>0</segmented>
	<object>
		<name>Paper</name>
		<pose>Unspecified</pose>
		<truncated>0</truncated>
		<difficult>0</difficult>
		<occluded>0</occluded>
		<bndbox>
			<xmin>503</xmin>
			<xmax>823</xmax>
			<ymin>137</ymin>
			<ymax>427</ymax>
		</bndbox>
	</object>
</annotation>
