<annotation>
	<folder>simple_images</folder>
	<filename>0116.jpg</filename>
	<path>D:\A\S7project\simple_image_download-master\Example\simple_images\0116.jpg</path>
	<source>
		<database>Unknown</database>
	</source>
	<size>
		<width>1156</width>
		<height>520</height>
		<depth>3</depth>
	</size>
	<segmented>0</segmented>
	<object>
		<name>Paper</name>
		<pose>Unspecified</pose>
		<truncated>0</truncated>
		<difficult>0</difficult>
		<bndbox>
			<xmin>503</xmin>
			<ymin>137</ymin>
			<xmax>823</xmax>
			<ymax>427</ymax>
		</bndbox>
	</object>
</annotation>
