<annotation>
	<folder></folder>
	<filename>0117_jpg.rf.fcba74b047c6f1b97a2b432fb96ef76e.jpg</filename>
	<path>0117_jpg.rf.fcba74b047c6f1b97a2b432fb96ef76e.jpg</path>
	<source>
		<database>roboflow.ai</database>
	</source>
	<size>
		<width>520</width>
		<height>1156</height>
		<depth>3</depth>
	</size>
	<segmented>0</segmented>
	<object>
		<name>Paper</name>
		<pose>Unspecified</pose>
		<truncated>0</truncated>
		<difficult>0</difficult>
		<occluded>0</occluded>
		<bndbox>
			<xmin>95</xmin>
			<xmax>435</xmax>
			<ymin>245</ymin>
			<ymax>669</ymax>
		</bndbox>
	</object>
</annotation>
