<annotation>
	<folder>simple_images</folder>
	<filename>0117.jpg</filename>
	<path>D:\A\S7project\simple_image_download-master\Example\simple_images\0117.jpg</path>
	<source>
		<database>Unknown</database>
	</source>
	<size>
		<width>520</width>
		<height>1156</height>
		<depth>3</depth>
	</size>
	<segmented>0</segmented>
	<object>
		<name>Paper</name>
		<pose>Unspecified</pose>
		<truncated>0</truncated>
		<difficult>0</difficult>
		<bndbox>
			<xmin>95</xmin>
			<ymin>245</ymin>
			<xmax>435</xmax>
			<ymax>669</ymax>
		</bndbox>
	</object>
</annotation>
