<annotation>
	<folder></folder>
	<filename>0118_jpg.rf.6f2338677d7502b8914df1d6dd1800d4.jpg</filename>
	<path>0118_jpg.rf.6f2338677d7502b8914df1d6dd1800d4.jpg</path>
	<source>
		<database>roboflow.ai</database>
	</source>
	<size>
		<width>1156</width>
		<height>520</height>
		<depth>3</depth>
	</size>
	<segmented>0</segmented>
	<object>
		<name>Paper</name>
		<pose>Unspecified</pose>
		<truncated>0</truncated>
		<difficult>0</difficult>
		<occluded>0</occluded>
		<bndbox>
			<xmin>371</xmin>
			<xmax>882</xmax>
			<ymin>110</ymin>
			<ymax>368</ymax>
		</bndbox>
	</object>
</annotation>
