<annotation>
	<folder>simple_images</folder>
	<filename>0119.jpg</filename>
	<path>D:\A\S7project\simple_image_download-master\Example\simple_images\0119.jpg</path>
	<source>
		<database>Unknown</database>
	</source>
	<size>
		<width>520</width>
		<height>1156</height>
		<depth>3</depth>
	</size>
	<segmented>0</segmented>
	<object>
		<name>Paper</name>
		<pose>Unspecified</pose>
		<truncated>0</truncated>
		<difficult>0</difficult>
		<bndbox>
			<xmin>77</xmin>
			<ymin>79</ymin>
			<xmax>362</xmax>
			<ymax>581</ymax>
		</bndbox>
	</object>
</annotation>
