<annotation>
	<folder></folder>
	<filename>0119_jpg.rf.27c067a27785a76a19ccc49d11fcf3c2.jpg</filename>
	<path>0119_jpg.rf.27c067a27785a76a19ccc49d11fcf3c2.jpg</path>
	<source>
		<database>roboflow.ai</database>
	</source>
	<size>
		<width>520</width>
		<height>1156</height>
		<depth>3</depth>
	</size>
	<segmented>0</segmented>
	<object>
		<name>Paper</name>
		<pose>Unspecified</pose>
		<truncated>0</truncated>
		<difficult>0</difficult>
		<occluded>0</occluded>
		<bndbox>
			<xmin>77</xmin>
			<xmax>362</xmax>
			<ymin>79</ymin>
			<ymax>581</ymax>
		</bndbox>
	</object>
</annotation>
