<annotation>
	<folder></folder>
	<filename>0120_jpg.rf.8e1369c036d6a27c2318e518bfb61a5e.jpg</filename>
	<path>0120_jpg.rf.8e1369c036d6a27c2318e518bfb61a5e.jpg</path>
	<source>
		<database>roboflow.ai</database>
	</source>
	<size>
		<width>1156</width>
		<height>520</height>
		<depth>3</depth>
	</size>
	<segmented>0</segmented>
	<object>
		<name>Paper</name>
		<pose>Unspecified</pose>
		<truncated>0</truncated>
		<difficult>0</difficult>
		<occluded>0</occluded>
		<bndbox>
			<xmin>152</xmin>
			<xmax>725</xmax>
			<ymin>27</ymin>
			<ymax>396</ymax>
		</bndbox>
	</object>
</annotation>
