<annotation>
	<folder></folder>
	<filename>0121_jpg.rf.3832dcd684b735e14dcc6699f825d296.jpg</filename>
	<path>0121_jpg.rf.3832dcd684b735e14dcc6699f825d296.jpg</path>
	<source>
		<database>roboflow.ai</database>
	</source>
	<size>
		<width>520</width>
		<height>1156</height>
		<depth>3</depth>
	</size>
	<segmented>0</segmented>
	<object>
		<name>Plastic</name>
		<pose>Unspecified</pose>
		<truncated>0</truncated>
		<difficult>0</difficult>
		<occluded>0</occluded>
		<bndbox>
			<xmin>111</xmin>
			<xmax>351</xmax>
			<ymin>273</ymin>
			<ymax>798</ymax>
		</bndbox>
	</object>
</annotation>
