<annotation>
	<folder>simple_images</folder>
	<filename>0122.jpg</filename>
	<path>D:\A\S7project\simple_image_download-master\Example\simple_images\0122.jpg</path>
	<source>
		<database>Unknown</database>
	</source>
	<size>
		<width>520</width>
		<height>1156</height>
		<depth>3</depth>
	</size>
	<segmented>0</segmented>
	<object>
		<name>Plastic</name>
		<pose>Unspecified</pose>
		<truncated>1</truncated>
		<difficult>0</difficult>
		<bndbox>
			<xmin>1</xmin>
			<ymin>411</ymin>
			<xmax>418</xmax>
			<ymax>673</ymax>
		</bndbox>
	</object>
</annotation>
