<annotation>
	<folder></folder>
	<filename>0122_jpg.rf.f903ce86d5cc0d37d3de91bf0b9af9d4.jpg</filename>
	<path>0122_jpg.rf.f903ce86d5cc0d37d3de91bf0b9af9d4.jpg</path>
	<source>
		<database>roboflow.ai</database>
	</source>
	<size>
		<width>520</width>
		<height>1156</height>
		<depth>3</depth>
	</size>
	<segmented>0</segmented>
	<object>
		<name>Plastic</name>
		<pose>Unspecified</pose>
		<truncated>0</truncated>
		<difficult>0</difficult>
		<occluded>0</occluded>
		<bndbox>
			<xmin>1</xmin>
			<xmax>418</xmax>
			<ymin>411</ymin>
			<ymax>673</ymax>
		</bndbox>
	</object>
</annotation>
