<annotation>
	<folder></folder>
	<filename>0123_jpg.rf.92f5611240e1fed57567c5bf669be78a.jpg</filename>
	<path>0123_jpg.rf.92f5611240e1fed57567c5bf669be78a.jpg</path>
	<source>
		<database>roboflow.ai</database>
	</source>
	<size>
		<width>1156</width>
		<height>520</height>
		<depth>3</depth>
	</size>
	<segmented>0</segmented>
	<object>
		<name>Plastic</name>
		<pose>Unspecified</pose>
		<truncated>0</truncated>
		<difficult>0</difficult>
		<occluded>0</occluded>
		<bndbox>
			<xmin>581</xmin>
			<xmax>792</xmax>
			<ymin>93</ymin>
			<ymax>455</ymax>
		</bndbox>
	</object>
</annotation>
