<annotation>
	<folder></folder>
	<filename>0124_jpg.rf.f63046dd4e3a62ba5f418ae383062f23.jpg</filename>
	<path>0124_jpg.rf.f63046dd4e3a62ba5f418ae383062f23.jpg</path>
	<source>
		<database>roboflow.ai</database>
	</source>
	<size>
		<width>2080</width>
		<height>4624</height>
		<depth>3</depth>
	</size>
	<segmented>0</segmented>
	<object>
		<name>Plastic</name>
		<pose>Unspecified</pose>
		<truncated>0</truncated>
		<difficult>0</difficult>
		<occluded>0</occluded>
		<bndbox>
			<xmin>617</xmin>
			<xmax>1742</xmax>
			<ymin>562</ymin>
			<ymax>3607</ymax>
		</bndbox>
	</object>
</annotation>
