<annotation>
	<folder></folder>
	<filename>0125_jpg.rf.1624a28cb51aeb52beccdc0e9323fe56.jpg</filename>
	<path>0125_jpg.rf.1624a28cb51aeb52beccdc0e9323fe56.jpg</path>
	<source>
		<database>roboflow.ai</database>
	</source>
	<size>
		<width>2995</width>
		<height>1728</height>
		<depth>3</depth>
	</size>
	<segmented>0</segmented>
	<object>
		<name>Paper</name>
		<pose>Unspecified</pose>
		<truncated>0</truncated>
		<difficult>0</difficult>
		<occluded>0</occluded>
		<bndbox>
			<xmin>900</xmin>
			<xmax>1518</xmax>
			<ymin>510</ymin>
			<ymax>864</ymax>
		</bndbox>
	</object>
</annotation>
