<annotation>
	<folder></folder>
	<filename>0126_jpg.rf.27872750806fcec422c6436661809ab1.jpg</filename>
	<path>0126_jpg.rf.27872750806fcec422c6436661809ab1.jpg</path>
	<source>
		<database>roboflow.ai</database>
	</source>
	<size>
		<width>1838</width>
		<height>2322</height>
		<depth>3</depth>
	</size>
	<segmented>0</segmented>
	<object>
		<name>Paper</name>
		<pose>Unspecified</pose>
		<truncated>0</truncated>
		<difficult>0</difficult>
		<occluded>0</occluded>
		<bndbox>
			<xmin>502</xmin>
			<xmax>1125</xmax>
			<ymin>524</ymin>
			<ymax>916</ymax>
		</bndbox>
	</object>
</annotation>
