<annotation>
	<folder></folder>
	<filename>0127_jpg.rf.e1cc5249ea02967b77998d9e58b719dd.jpg</filename>
	<path>0127_jpg.rf.e1cc5249ea02967b77998d9e58b719dd.jpg</path>
	<source>
		<database>roboflow.ai</database>
	</source>
	<size>
		<width>1842</width>
		<height>3020</height>
		<depth>3</depth>
	</size>
	<segmented>0</segmented>
	<object>
		<name>Paper</name>
		<pose>Unspecified</pose>
		<truncated>0</truncated>
		<difficult>0</difficult>
		<occluded>0</occluded>
		<bndbox>
			<xmin>713</xmin>
			<xmax>1222</xmax>
			<ymin>248</ymin>
			<ymax>838</ymax>
		</bndbox>
	</object>
</annotation>
