<annotation>
	<folder></folder>
	<filename>0128_jpg.rf.8c39ffecbdc0eac14a7b96d9ad9ec8ea.jpg</filename>
	<path>0128_jpg.rf.8c39ffecbdc0eac14a7b96d9ad9ec8ea.jpg</path>
	<source>
		<database>roboflow.ai</database>
	</source>
	<size>
		<width>3638</width>
		<height>1842</height>
		<depth>3</depth>
	</size>
	<segmented>0</segmented>
	<object>
		<name>Paper</name>
		<pose>Unspecified</pose>
		<truncated>0</truncated>
		<difficult>0</difficult>
		<occluded>0</occluded>
		<bndbox>
			<xmin>2073</xmin>
			<xmax>2873</xmax>
			<ymin>447</ymin>
			<ymax>913</ymax>
		</bndbox>
	</object>
</annotation>
