<annotation>
	<folder></folder>
	<filename>0129_jpg.rf.ce78a34e375f00375523d177a3611c87.jpg</filename>
	<path>0129_jpg.rf.ce78a34e375f00375523d177a3611c87.jpg</path>
	<source>
		<database>roboflow.ai</database>
	</source>
	<size>
		<width>2968</width>
		<height>1842</height>
		<depth>3</depth>
	</size>
	<segmented>0</segmented>
	<object>
		<name>Paper</name>
		<pose>Unspecified</pose>
		<truncated>0</truncated>
		<difficult>0</difficult>
		<occluded>0</occluded>
		<bndbox>
			<xmin>767</xmin>
			<xmax>1405</xmax>
			<ymin>881</ymin>
			<ymax>1285</ymax>
		</bndbox>
	</object>
</annotation>
