<annotation>
	<folder></folder>
	<filename>0130_jpg.rf.a8f8f744f2bb91c8a911e057b12bd971.jpg</filename>
	<path>0130_jpg.rf.a8f8f744f2bb91c8a911e057b12bd971.jpg</path>
	<source>
		<database>roboflow.ai</database>
	</source>
	<size>
		<width>1360</width>
		<height>2100</height>
		<depth>3</depth>
	</size>
	<segmented>0</segmented>
	<object>
		<name>Paper</name>
		<pose>Unspecified</pose>
		<truncated>0</truncated>
		<difficult>0</difficult>
		<occluded>0</occluded>
		<bndbox>
			<xmin>1054</xmin>
			<xmax>1270</xmax>
			<ymin>349</ymin>
			<ymax>554</ymax>
		</bndbox>
	</object>
	<object>
		<name>Paper</name>
		<pose>Unspecified</pose>
		<truncated>0</truncated>
		<difficult>0</difficult>
		<occluded>0</occluded>
		<bndbox>
			<xmin>692</xmin>
			<xmax>934</xmax>
			<ymin>823</ymin>
			<ymax>1049</ymax>
		</bndbox>
	</object>
	<object>
		<name>Paper</name>
		<pose>Unspecified</pose>
		<truncated>0</truncated>
		<difficult>0</difficult>
		<occluded>0</occluded>
		<bndbox>
			<xmin>559</xmin>
			<xmax>692</xmax>
			<ymin>943</ymin>
			<ymax>1080</ymax>
		</bndbox>
	</object>
	<object>
		<name>Paper</name>
		<pose>Unspecified</pose>
		<truncated>0</truncated>
		<difficult>0</difficult>
		<occluded>0</occluded>
		<bndbox>
			<xmin>83</xmin>
			<xmax>390</xmax>
			<ymin>367</ymin>
			<ymax>680</ymax>
		</bndbox>
	</object>
	<object>
		<name>Paper</name>
		<pose>Unspecified</pose>
		<truncated>0</truncated>
		<difficult>0</difficult>
		<occluded>0</occluded>
		<bndbox>
			<xmin>410</xmin>
			<xmax>650</xmax>
			<ymin>518</ymin>
			<ymax>805</ymax>
		</bndbox>
	</object>
	<object>
		<name>Paper</name>
		<pose>Unspecified</pose>
		<truncated>0</truncated>
		<difficult>0</difficult>
		<occluded>0</occluded>
		<bndbox>
			<xmin>259</xmin>
			<xmax>425</xmax>
			<ymin>827</ymin>
			<ymax>1000</ymax>
		</bndbox>
	</object>
	<object>
		<name>Paper</name>
		<pose>Unspecified</pose>
		<truncated>0</truncated>
		<difficult>0</difficult>
		<occluded>0</occluded>
		<bndbox>
			<xmin>3</xmin>
			<xmax>214</xmax>
			<ymin>685</ymin>
			<ymax>918</ymax>
		</bndbox>
	</object>
	<object>
		<name>Paper</name>
		<pose>Unspecified</pose>
		<truncated>0</truncated>
		<difficult>0</difficult>
		<occluded>0</occluded>
		<bndbox>
			<xmin>323</xmin>
			<xmax>519</xmax>
			<ymin>934</ymin>
			<ymax>1123</ymax>
		</bndbox>
	</object>
</annotation>
