<annotation>
	<folder></folder>
	<filename>0132_jpg.rf.c0b2fca097389ef95e6ffa286e0eb7e8.jpg</filename>
	<path>0132_jpg.rf.c0b2fca097389ef95e6ffa286e0eb7e8.jpg</path>
	<source>
		<database>roboflow.ai</database>
	</source>
	<size>
		<width>1841</width>
		<height>1961</height>
		<depth>3</depth>
	</size>
	<segmented>0</segmented>
	<object>
		<name>Paper</name>
		<pose>Unspecified</pose>
		<truncated>0</truncated>
		<difficult>0</difficult>
		<occluded>0</occluded>
		<bndbox>
			<xmin>546</xmin>
			<xmax>783</xmax>
			<ymin>285</ymin>
			<ymax>506</ymax>
		</bndbox>
	</object>
	<object>
		<name>Paper</name>
		<pose>Unspecified</pose>
		<truncated>0</truncated>
		<difficult>0</difficult>
		<occluded>0</occluded>
		<bndbox>
			<xmin>619</xmin>
			<xmax>831</xmax>
			<ymin>503</ymin>
			<ymax>672</ymax>
		</bndbox>
	</object>
</annotation>
