<annotation>
	<folder></folder>
	<filename>0133_jpg.rf.7ed5dcbc1171105d5bde984b0cdfb920.jpg</filename>
	<path>0133_jpg.rf.7ed5dcbc1171105d5bde984b0cdfb920.jpg</path>
	<source>
		<database>roboflow.ai</database>
	</source>
	<size>
		<width>1715</width>
		<height>2706</height>
		<depth>3</depth>
	</size>
	<segmented>0</segmented>
	<object>
		<name>Paper</name>
		<pose>Unspecified</pose>
		<truncated>0</truncated>
		<difficult>0</difficult>
		<occluded>0</occluded>
		<bndbox>
			<xmin>570</xmin>
			<xmax>798</xmax>
			<ymin>469</ymin>
			<ymax>695</ymax>
		</bndbox>
	</object>
	<object>
		<name>Paper</name>
		<pose>Unspecified</pose>
		<truncated>0</truncated>
		<difficult>0</difficult>
		<occluded>0</occluded>
		<bndbox>
			<xmin>778</xmin>
			<xmax>947</xmax>
			<ymin>355</ymin>
			<ymax>555</ymax>
		</bndbox>
	</object>
</annotation>
