<annotation>
	<folder></folder>
	<filename>0134_jpg.rf.3e3e6e086c36eda04af2018b1160a557.jpg</filename>
	<path>0134_jpg.rf.3e3e6e086c36eda04af2018b1160a557.jpg</path>
	<source>
		<database>roboflow.ai</database>
	</source>
	<size>
		<width>1514</width>
		<height>2790</height>
		<depth>3</depth>
	</size>
	<segmented>0</segmented>
	<object>
		<name>Paper</name>
		<pose>Unspecified</pose>
		<truncated>0</truncated>
		<difficult>0</difficult>
		<occluded>0</occluded>
		<bndbox>
			<xmin>579</xmin>
			<xmax>818</xmax>
			<ymin>994</ymin>
			<ymax>1206</ymax>
		</bndbox>
	</object>
	<object>
		<name>Paper</name>
		<pose>Unspecified</pose>
		<truncated>0</truncated>
		<difficult>0</difficult>
		<occluded>0</occluded>
		<bndbox>
			<xmin>794</xmin>
			<xmax>1015</xmax>
			<ymin>906</ymin>
			<ymax>1161</ymax>
		</bndbox>
	</object>
</annotation>
