<annotation>
	<folder></folder>
	<filename>0135_jpg.rf.36ed5788c4072be6a2f63d548c0213cd.jpg</filename>
	<path>0135_jpg.rf.36ed5788c4072be6a2f63d548c0213cd.jpg</path>
	<source>
		<database>roboflow.ai</database>
	</source>
	<size>
		<width>1842</width>
		<height>3243</height>
		<depth>3</depth>
	</size>
	<segmented>0</segmented>
	<object>
		<name>Paper</name>
		<pose>Unspecified</pose>
		<truncated>0</truncated>
		<difficult>0</difficult>
		<occluded>0</occluded>
		<bndbox>
			<xmin>747</xmin>
			<xmax>978</xmax>
			<ymin>553</ymin>
			<ymax>890</ymax>
		</bndbox>
	</object>
	<object>
		<name>Paper</name>
		<pose>Unspecified</pose>
		<truncated>0</truncated>
		<difficult>0</difficult>
		<occluded>0</occluded>
		<bndbox>
			<xmin>695</xmin>
			<xmax>971</xmax>
			<ymin>1032</ymin>
			<ymax>1394</ymax>
		</bndbox>
	</object>
	<object>
		<name>Paper</name>
		<pose>Unspecified</pose>
		<truncated>0</truncated>
		<difficult>0</difficult>
		<occluded>0</occluded>
		<bndbox>
			<xmin>426</xmin>
			<xmax>660</xmax>
			<ymin>959</ymin>
			<ymax>1242</ymax>
		</bndbox>
	</object>
	<object>
		<name>Paper</name>
		<pose>Unspecified</pose>
		<truncated>0</truncated>
		<difficult>0</difficult>
		<occluded>0</occluded>
		<bndbox>
			<xmin>164</xmin>
			<xmax>588</xmax>
			<ymin>1242</ymin>
			<ymax>1642</ymax>
		</bndbox>
	</object>
</annotation>
