<annotation>
	<folder></folder>
	<filename>0136_jpg.rf.11760987f52af308945fb1c136b1ba79.jpg</filename>
	<path>0136_jpg.rf.11760987f52af308945fb1c136b1ba79.jpg</path>
	<source>
		<database>roboflow.ai</database>
	</source>
	<size>
		<width>1842</width>
		<height>2713</height>
		<depth>3</depth>
	</size>
	<segmented>0</segmented>
	<object>
		<name>Paper</name>
		<pose>Unspecified</pose>
		<truncated>0</truncated>
		<difficult>0</difficult>
		<occluded>0</occluded>
		<bndbox>
			<xmin>722</xmin>
			<xmax>992</xmax>
			<ymin>668</ymin>
			<ymax>941</ymax>
		</bndbox>
	</object>
	<object>
		<name>Paper</name>
		<pose>Unspecified</pose>
		<truncated>0</truncated>
		<difficult>0</difficult>
		<occluded>0</occluded>
		<bndbox>
			<xmin>1125</xmin>
			<xmax>1439</xmax>
			<ymin>838</ymin>
			<ymax>1065</ymax>
		</bndbox>
	</object>
	<object>
		<name>Paper</name>
		<pose>Unspecified</pose>
		<truncated>0</truncated>
		<difficult>0</difficult>
		<occluded>0</occluded>
		<bndbox>
			<xmin>977</xmin>
			<xmax>1257</xmax>
			<ymin>1021</ymin>
			<ymax>1250</ymax>
		</bndbox>
	</object>
	<object>
		<name>Paper</name>
		<pose>Unspecified</pose>
		<truncated>0</truncated>
		<difficult>0</difficult>
		<occluded>0</occluded>
		<bndbox>
			<xmin>1269</xmin>
			<xmax>1580</xmax>
			<ymin>1136</ymin>
			<ymax>1483</ymax>
		</bndbox>
	</object>
</annotation>
