<annotation>
	<folder></folder>
	<filename>0137_jpg.rf.cabd6e899a26bb041aa3575eec5d8304.jpg</filename>
	<path>0137_jpg.rf.cabd6e899a26bb041aa3575eec5d8304.jpg</path>
	<source>
		<database>roboflow.ai</database>
	</source>
	<size>
		<width>1842</width>
		<height>3623</height>
		<depth>3</depth>
	</size>
	<segmented>0</segmented>
	<object>
		<name>Paper</name>
		<pose>Unspecified</pose>
		<truncated>0</truncated>
		<difficult>0</difficult>
		<occluded>0</occluded>
		<bndbox>
			<xmin>623</xmin>
			<xmax>1242</xmax>
			<ymin>865</ymin>
			<ymax>1438</ymax>
		</bndbox>
	</object>
</annotation>
