<annotation>
	<folder></folder>
	<filename>0138_jpg.rf.1b538d8296d28ab636c11d5af0e6c30f.jpg</filename>
	<path>0138_jpg.rf.1b538d8296d28ab636c11d5af0e6c30f.jpg</path>
	<source>
		<database>roboflow.ai</database>
	</source>
	<size>
		<width>512</width>
		<height>384</height>
		<depth>3</depth>
	</size>
	<segmented>0</segmented>
	<object>
		<name>Paper</name>
		<pose>Unspecified</pose>
		<truncated>0</truncated>
		<difficult>0</difficult>
		<occluded>0</occluded>
		<bndbox>
			<xmin>53</xmin>
			<xmax>439</xmax>
			<ymin>23</ymin>
			<ymax>337</ymax>
		</bndbox>
	</object>
</annotation>
