<annotation>
	<folder></folder>
	<filename>0146_jpg.rf.10d10201aae1c256e3809f50b586f1f7.jpg</filename>
	<path>0146_jpg.rf.10d10201aae1c256e3809f50b586f1f7.jpg</path>
	<source>
		<database>roboflow.ai</database>
	</source>
	<size>
		<width>512</width>
		<height>384</height>
		<depth>3</depth>
	</size>
	<segmented>0</segmented>
	<object>
		<name>Paper</name>
		<pose>Unspecified</pose>
		<truncated>0</truncated>
		<difficult>0</difficult>
		<occluded>0</occluded>
		<bndbox>
			<xmin>45</xmin>
			<xmax>468</xmax>
			<ymin>76</ymin>
			<ymax>348</ymax>
		</bndbox>
	</object>
</annotation>
