<annotation>
	<folder></folder>
	<filename>0149_jpg.rf.1aea2e9d8a848dabbce4d2b7d12e81d2.jpg</filename>
	<path>0149_jpg.rf.1aea2e9d8a848dabbce4d2b7d12e81d2.jpg</path>
	<source>
		<database>roboflow.ai</database>
	</source>
	<size>
		<width>512</width>
		<height>384</height>
		<depth>3</depth>
	</size>
	<segmented>0</segmented>
	<object>
		<name>Paper</name>
		<pose>Unspecified</pose>
		<truncated>0</truncated>
		<difficult>0</difficult>
		<occluded>0</occluded>
		<bndbox>
			<xmin>1</xmin>
			<xmax>454</xmax>
			<ymin>1</ymin>
			<ymax>382</ymax>
		</bndbox>
	</object>
</annotation>
