<annotation>
	<folder></folder>
	<filename>0150_jpg.rf.65d239d841e5ef84e6c3a0e621291e3d.jpg</filename>
	<path>0150_jpg.rf.65d239d841e5ef84e6c3a0e621291e3d.jpg</path>
	<source>
		<database>roboflow.ai</database>
	</source>
	<size>
		<width>512</width>
		<height>384</height>
		<depth>3</depth>
	</size>
	<segmented>0</segmented>
	<object>
		<name>Paper</name>
		<pose>Unspecified</pose>
		<truncated>0</truncated>
		<difficult>0</difficult>
		<occluded>0</occluded>
		<bndbox>
			<xmin>90</xmin>
			<xmax>379</xmax>
			<ymin>7</ymin>
			<ymax>366</ymax>
		</bndbox>
	</object>
</annotation>
