<annotation>
	<folder></folder>
	<filename>0151_jpg.rf.0648e71379ce40cc29b9ce051864a91c.jpg</filename>
	<path>0151_jpg.rf.0648e71379ce40cc29b9ce051864a91c.jpg</path>
	<source>
		<database>roboflow.ai</database>
	</source>
	<size>
		<width>512</width>
		<height>384</height>
		<depth>3</depth>
	</size>
	<segmented>0</segmented>
	<object>
		<name>Paper</name>
		<pose>Unspecified</pose>
		<truncated>0</truncated>
		<difficult>0</difficult>
		<occluded>0</occluded>
		<bndbox>
			<xmin>23</xmin>
			<xmax>488</xmax>
			<ymin>1</ymin>
			<ymax>273</ymax>
		</bndbox>
	</object>
</annotation>
