<annotation>
	<folder></folder>
	<filename>0152_jpg.rf.558877ef237c9345ddffc680fe03c1da.jpg</filename>
	<path>0152_jpg.rf.558877ef237c9345ddffc680fe03c1da.jpg</path>
	<source>
		<database>roboflow.ai</database>
	</source>
	<size>
		<width>512</width>
		<height>384</height>
		<depth>3</depth>
	</size>
	<segmented>0</segmented>
	<object>
		<name>Paper</name>
		<pose>Unspecified</pose>
		<truncated>0</truncated>
		<difficult>0</difficult>
		<occluded>0</occluded>
		<bndbox>
			<xmin>34</xmin>
			<xmax>486</xmax>
			<ymin>50</ymin>
			<ymax>356</ymax>
		</bndbox>
	</object>
</annotation>
