<annotation>
	<folder></folder>
	<filename>0153_jpg.rf.6b75d74d6e4e64f6fce8cdc5e0935596.jpg</filename>
	<path>0153_jpg.rf.6b75d74d6e4e64f6fce8cdc5e0935596.jpg</path>
	<source>
		<database>roboflow.ai</database>
	</source>
	<size>
		<width>512</width>
		<height>384</height>
		<depth>3</depth>
	</size>
	<segmented>0</segmented>
	<object>
		<name>Paper</name>
		<pose>Unspecified</pose>
		<truncated>0</truncated>
		<difficult>0</difficult>
		<occluded>0</occluded>
		<bndbox>
			<xmin>6</xmin>
			<xmax>424</xmax>
			<ymin>1</ymin>
			<ymax>379</ymax>
		</bndbox>
	</object>
</annotation>
