<annotation>
	<folder></folder>
	<filename>0156_jpg.rf.98ba630d16f818f0afe8791c80e2b70c.jpg</filename>
	<path>0156_jpg.rf.98ba630d16f818f0afe8791c80e2b70c.jpg</path>
	<source>
		<database>roboflow.ai</database>
	</source>
	<size>
		<width>512</width>
		<height>384</height>
		<depth>3</depth>
	</size>
	<segmented>0</segmented>
	<object>
		<name>Paper</name>
		<pose>Unspecified</pose>
		<truncated>0</truncated>
		<difficult>0</difficult>
		<occluded>0</occluded>
		<bndbox>
			<xmin>8</xmin>
			<xmax>503</xmax>
			<ymin>1</ymin>
			<ymax>382</ymax>
		</bndbox>
	</object>
</annotation>
