<annotation>
	<folder></folder>
	<filename>0157_jpg.rf.6987dd7029290bdbb734986376f5fb06.jpg</filename>
	<path>0157_jpg.rf.6987dd7029290bdbb734986376f5fb06.jpg</path>
	<source>
		<database>roboflow.ai</database>
	</source>
	<size>
		<width>512</width>
		<height>384</height>
		<depth>3</depth>
	</size>
	<segmented>0</segmented>
	<object>
		<name>Paper</name>
		<pose>Unspecified</pose>
		<truncated>0</truncated>
		<difficult>0</difficult>
		<occluded>0</occluded>
		<bndbox>
			<xmin>51</xmin>
			<xmax>439</xmax>
			<ymin>24</ymin>
			<ymax>327</ymax>
		</bndbox>
	</object>
</annotation>
