<annotation>
	<folder></folder>
	<filename>0158_jpg.rf.809416c5e1db270ab951d5e4c8e41431.jpg</filename>
	<path>0158_jpg.rf.809416c5e1db270ab951d5e4c8e41431.jpg</path>
	<source>
		<database>roboflow.ai</database>
	</source>
	<size>
		<width>512</width>
		<height>384</height>
		<depth>3</depth>
	</size>
	<segmented>0</segmented>
	<object>
		<name>Paper</name>
		<pose>Unspecified</pose>
		<truncated>0</truncated>
		<difficult>0</difficult>
		<occluded>0</occluded>
		<bndbox>
			<xmin>168</xmin>
			<xmax>305</xmax>
			<ymin>101</ymin>
			<ymax>305</ymax>
		</bndbox>
	</object>
</annotation>
