<annotation>
	<folder></folder>
	<filename>0159_jpg.rf.cccfd761e1217dc31ada0c990a789b05.jpg</filename>
	<path>0159_jpg.rf.cccfd761e1217dc31ada0c990a789b05.jpg</path>
	<source>
		<database>roboflow.ai</database>
	</source>
	<size>
		<width>512</width>
		<height>384</height>
		<depth>3</depth>
	</size>
	<segmented>0</segmented>
	<object>
		<name>Paper</name>
		<pose>Unspecified</pose>
		<truncated>0</truncated>
		<difficult>0</difficult>
		<occluded>0</occluded>
		<bndbox>
			<xmin>137</xmin>
			<xmax>331</xmax>
			<ymin>1</ymin>
			<ymax>323</ymax>
		</bndbox>
	</object>
</annotation>
