<annotation>
	<folder></folder>
	<filename>0160_jpg.rf.5e48a5c3b06bfcd795c72f2157ff73aa.jpg</filename>
	<path>0160_jpg.rf.5e48a5c3b06bfcd795c72f2157ff73aa.jpg</path>
	<source>
		<database>roboflow.ai</database>
	</source>
	<size>
		<width>512</width>
		<height>384</height>
		<depth>3</depth>
	</size>
	<segmented>0</segmented>
	<object>
		<name>Paper</name>
		<pose>Unspecified</pose>
		<truncated>0</truncated>
		<difficult>0</difficult>
		<occluded>0</occluded>
		<bndbox>
			<xmin>61</xmin>
			<xmax>501</xmax>
			<ymin>78</ymin>
			<ymax>302</ymax>
		</bndbox>
	</object>
</annotation>
