<annotation>
	<folder></folder>
	<filename>0161_jpg.rf.2abc19bcfd48f01c976e1b9330637a35.jpg</filename>
	<path>0161_jpg.rf.2abc19bcfd48f01c976e1b9330637a35.jpg</path>
	<source>
		<database>roboflow.ai</database>
	</source>
	<size>
		<width>512</width>
		<height>384</height>
		<depth>3</depth>
	</size>
	<segmented>0</segmented>
	<object>
		<name>Paper</name>
		<pose>Unspecified</pose>
		<truncated>0</truncated>
		<difficult>0</difficult>
		<occluded>0</occluded>
		<bndbox>
			<xmin>10</xmin>
			<xmax>497</xmax>
			<ymin>26</ymin>
			<ymax>371</ymax>
		</bndbox>
	</object>
</annotation>
