<annotation>
	<folder></folder>
	<filename>0162_jpg.rf.80e6135cccd327477f333e04e0375481.jpg</filename>
	<path>0162_jpg.rf.80e6135cccd327477f333e04e0375481.jpg</path>
	<source>
		<database>roboflow.ai</database>
	</source>
	<size>
		<width>512</width>
		<height>384</height>
		<depth>3</depth>
	</size>
	<segmented>0</segmented>
	<object>
		<name>Paper</name>
		<pose>Unspecified</pose>
		<truncated>0</truncated>
		<difficult>0</difficult>
		<occluded>0</occluded>
		<bndbox>
			<xmin>45</xmin>
			<xmax>351</xmax>
			<ymin>124</ymin>
			<ymax>292</ymax>
		</bndbox>
	</object>
</annotation>
