<annotation>
	<folder></folder>
	<filename>0164_jpg.rf.7e2d8e94696e1da217d6b1a0dd26dcdf.jpg</filename>
	<path>0164_jpg.rf.7e2d8e94696e1da217d6b1a0dd26dcdf.jpg</path>
	<source>
		<database>roboflow.ai</database>
	</source>
	<size>
		<width>512</width>
		<height>384</height>
		<depth>3</depth>
	</size>
	<segmented>0</segmented>
	<object>
		<name>Paper</name>
		<pose>Unspecified</pose>
		<truncated>0</truncated>
		<difficult>0</difficult>
		<occluded>0</occluded>
		<bndbox>
			<xmin>64</xmin>
			<xmax>357</xmax>
			<ymin>28</ymin>
			<ymax>371</ymax>
		</bndbox>
	</object>
</annotation>
