<annotation>
	<folder></folder>
	<filename>0165_jpg.rf.cdb5d38c62aa9ccd61ee8397fe107f1f.jpg</filename>
	<path>0165_jpg.rf.cdb5d38c62aa9ccd61ee8397fe107f1f.jpg</path>
	<source>
		<database>roboflow.ai</database>
	</source>
	<size>
		<width>512</width>
		<height>384</height>
		<depth>3</depth>
	</size>
	<segmented>0</segmented>
	<object>
		<name>Paper</name>
		<pose>Unspecified</pose>
		<truncated>0</truncated>
		<difficult>0</difficult>
		<occluded>0</occluded>
		<bndbox>
			<xmin>2</xmin>
			<xmax>446</xmax>
			<ymin>25</ymin>
			<ymax>353</ymax>
		</bndbox>
	</object>
</annotation>
