<annotation>
	<folder></folder>
	<filename>0166_jpg.rf.a807cb546c6b465053be93ecdf0a6752.jpg</filename>
	<path>0166_jpg.rf.a807cb546c6b465053be93ecdf0a6752.jpg</path>
	<source>
		<database>roboflow.ai</database>
	</source>
	<size>
		<width>512</width>
		<height>384</height>
		<depth>3</depth>
	</size>
	<segmented>0</segmented>
	<object>
		<name>Paper</name>
		<pose>Unspecified</pose>
		<truncated>0</truncated>
		<difficult>0</difficult>
		<occluded>0</occluded>
		<bndbox>
			<xmin>112</xmin>
			<xmax>512</xmax>
			<ymin>2</ymin>
			<ymax>382</ymax>
		</bndbox>
	</object>
</annotation>
