<annotation>
	<folder></folder>
	<filename>0168_jpg.rf.5c5a2a5c8d0b7942398c6da75776326d.jpg</filename>
	<path>0168_jpg.rf.5c5a2a5c8d0b7942398c6da75776326d.jpg</path>
	<source>
		<database>roboflow.ai</database>
	</source>
	<size>
		<width>512</width>
		<height>384</height>
		<depth>3</depth>
	</size>
	<segmented>0</segmented>
	<object>
		<name>Paper</name>
		<pose>Unspecified</pose>
		<truncated>0</truncated>
		<difficult>0</difficult>
		<occluded>0</occluded>
		<bndbox>
			<xmin>72</xmin>
			<xmax>389</xmax>
			<ymin>66</ymin>
			<ymax>356</ymax>
		</bndbox>
	</object>
</annotation>
