<annotation>
	<folder></folder>
	<filename>0169_jpg.rf.34711a23ef30a9df5a5660df5c1c62a3.jpg</filename>
	<path>0169_jpg.rf.34711a23ef30a9df5a5660df5c1c62a3.jpg</path>
	<source>
		<database>roboflow.ai</database>
	</source>
	<size>
		<width>512</width>
		<height>384</height>
		<depth>3</depth>
	</size>
	<segmented>0</segmented>
	<object>
		<name>Paper</name>
		<pose>Unspecified</pose>
		<truncated>0</truncated>
		<difficult>0</difficult>
		<occluded>0</occluded>
		<bndbox>
			<xmin>1</xmin>
			<xmax>512</xmax>
			<ymin>34</ymin>
			<ymax>384</ymax>
		</bndbox>
	</object>
</annotation>
