<annotation>
	<folder></folder>
	<filename>0170_jpg.rf.1555fa292edd1e96f41568a7f7aec808.jpg</filename>
	<path>0170_jpg.rf.1555fa292edd1e96f41568a7f7aec808.jpg</path>
	<source>
		<database>roboflow.ai</database>
	</source>
	<size>
		<width>512</width>
		<height>384</height>
		<depth>3</depth>
	</size>
	<segmented>0</segmented>
	<object>
		<name>Paper</name>
		<pose>Unspecified</pose>
		<truncated>0</truncated>
		<difficult>0</difficult>
		<occluded>0</occluded>
		<bndbox>
			<xmin>38</xmin>
			<xmax>395</xmax>
			<ymin>80</ymin>
			<ymax>303</ymax>
		</bndbox>
	</object>
</annotation>
