<annotation>
	<folder></folder>
	<filename>0171_jpg.rf.74f05527fc89c903f59eeb84b60e5724.jpg</filename>
	<path>0171_jpg.rf.74f05527fc89c903f59eeb84b60e5724.jpg</path>
	<source>
		<database>roboflow.ai</database>
	</source>
	<size>
		<width>512</width>
		<height>384</height>
		<depth>3</depth>
	</size>
	<segmented>0</segmented>
	<object>
		<name>Paper</name>
		<pose>Unspecified</pose>
		<truncated>0</truncated>
		<difficult>0</difficult>
		<occluded>0</occluded>
		<bndbox>
			<xmin>8</xmin>
			<xmax>468</xmax>
			<ymin>10</ymin>
			<ymax>384</ymax>
		</bndbox>
	</object>
</annotation>
