<annotation>
	<folder></folder>
	<filename>0172_jpg.rf.c494ad0c3e3decb075dbc7f4f70688ce.jpg</filename>
	<path>0172_jpg.rf.c494ad0c3e3decb075dbc7f4f70688ce.jpg</path>
	<source>
		<database>roboflow.ai</database>
	</source>
	<size>
		<width>512</width>
		<height>384</height>
		<depth>3</depth>
	</size>
	<segmented>0</segmented>
	<object>
		<name>Paper</name>
		<pose>Unspecified</pose>
		<truncated>0</truncated>
		<difficult>0</difficult>
		<occluded>0</occluded>
		<bndbox>
			<xmin>14</xmin>
			<xmax>512</xmax>
			<ymin>153</ymin>
			<ymax>384</ymax>
		</bndbox>
	</object>
</annotation>
