<annotation>
	<folder></folder>
	<filename>0173_jpg.rf.374d533f876c57f7ecb0532da7683e8f.jpg</filename>
	<path>0173_jpg.rf.374d533f876c57f7ecb0532da7683e8f.jpg</path>
	<source>
		<database>roboflow.ai</database>
	</source>
	<size>
		<width>512</width>
		<height>384</height>
		<depth>3</depth>
	</size>
	<segmented>0</segmented>
	<object>
		<name>Paper</name>
		<pose>Unspecified</pose>
		<truncated>0</truncated>
		<difficult>0</difficult>
		<occluded>0</occluded>
		<bndbox>
			<xmin>47</xmin>
			<xmax>433</xmax>
			<ymin>49</ymin>
			<ymax>335</ymax>
		</bndbox>
	</object>
</annotation>
