<annotation>
	<folder></folder>
	<filename>0175_jpg.rf.8446afbd2c087ef65d1c46efef107794.jpg</filename>
	<path>0175_jpg.rf.8446afbd2c087ef65d1c46efef107794.jpg</path>
	<source>
		<database>roboflow.ai</database>
	</source>
	<size>
		<width>512</width>
		<height>384</height>
		<depth>3</depth>
	</size>
	<segmented>0</segmented>
	<object>
		<name>Paper</name>
		<pose>Unspecified</pose>
		<truncated>0</truncated>
		<difficult>0</difficult>
		<occluded>0</occluded>
		<bndbox>
			<xmin>82</xmin>
			<xmax>337</xmax>
			<ymin>1</ymin>
			<ymax>342</ymax>
		</bndbox>
	</object>
</annotation>
