<annotation>
	<folder></folder>
	<filename>0177_jpg.rf.fae983fe711e3a7b3606e9f80206f2bd.jpg</filename>
	<path>0177_jpg.rf.fae983fe711e3a7b3606e9f80206f2bd.jpg</path>
	<source>
		<database>roboflow.ai</database>
	</source>
	<size>
		<width>512</width>
		<height>384</height>
		<depth>3</depth>
	</size>
	<segmented>0</segmented>
	<object>
		<name>Paper</name>
		<pose>Unspecified</pose>
		<truncated>0</truncated>
		<difficult>0</difficult>
		<occluded>0</occluded>
		<bndbox>
			<xmin>22</xmin>
			<xmax>504</xmax>
			<ymin>22</ymin>
			<ymax>382</ymax>
		</bndbox>
	</object>
</annotation>
