<annotation>
	<folder></folder>
	<filename>0179_jpg.rf.8f57b3eeac8b57adcb3c6fde9998d8ea.jpg</filename>
	<path>0179_jpg.rf.8f57b3eeac8b57adcb3c6fde9998d8ea.jpg</path>
	<source>
		<database>roboflow.ai</database>
	</source>
	<size>
		<width>512</width>
		<height>384</height>
		<depth>3</depth>
	</size>
	<segmented>0</segmented>
	<object>
		<name>Paper</name>
		<pose>Unspecified</pose>
		<truncated>0</truncated>
		<difficult>0</difficult>
		<occluded>0</occluded>
		<bndbox>
			<xmin>1</xmin>
			<xmax>486</xmax>
			<ymin>1</ymin>
			<ymax>382</ymax>
		</bndbox>
	</object>
</annotation>
