<annotation>
	<folder></folder>
	<filename>0181_jpg.rf.f8c9cb42019d824e9163cfd65093a40f.jpg</filename>
	<path>0181_jpg.rf.f8c9cb42019d824e9163cfd65093a40f.jpg</path>
	<source>
		<database>roboflow.ai</database>
	</source>
	<size>
		<width>512</width>
		<height>384</height>
		<depth>3</depth>
	</size>
	<segmented>0</segmented>
	<object>
		<name>Paper</name>
		<pose>Unspecified</pose>
		<truncated>0</truncated>
		<difficult>0</difficult>
		<occluded>0</occluded>
		<bndbox>
			<xmin>55</xmin>
			<xmax>459</xmax>
			<ymin>84</ymin>
			<ymax>353</ymax>
		</bndbox>
	</object>
</annotation>
