<annotation>
	<folder></folder>
	<filename>0184_jpg.rf.def0ee5226c99f30fbb89e8c4c8c948b.jpg</filename>
	<path>0184_jpg.rf.def0ee5226c99f30fbb89e8c4c8c948b.jpg</path>
	<source>
		<database>roboflow.ai</database>
	</source>
	<size>
		<width>512</width>
		<height>384</height>
		<depth>3</depth>
	</size>
	<segmented>0</segmented>
	<object>
		<name>Paper</name>
		<pose>Unspecified</pose>
		<truncated>0</truncated>
		<difficult>0</difficult>
		<occluded>0</occluded>
		<bndbox>
			<xmin>1</xmin>
			<xmax>480</xmax>
			<ymin>1</ymin>
			<ymax>384</ymax>
		</bndbox>
	</object>
</annotation>
