<annotation>
	<folder></folder>
	<filename>0185_jpg.rf.b2ccf6ff41a38e245f2705e1135c1194.jpg</filename>
	<path>0185_jpg.rf.b2ccf6ff41a38e245f2705e1135c1194.jpg</path>
	<source>
		<database>roboflow.ai</database>
	</source>
	<size>
		<width>512</width>
		<height>384</height>
		<depth>3</depth>
	</size>
	<segmented>0</segmented>
	<object>
		<name>Paper</name>
		<pose>Unspecified</pose>
		<truncated>0</truncated>
		<difficult>0</difficult>
		<occluded>0</occluded>
		<bndbox>
			<xmin>71</xmin>
			<xmax>423</xmax>
			<ymin>23</ymin>
			<ymax>384</ymax>
		</bndbox>
	</object>
</annotation>
