<annotation>
	<folder></folder>
	<filename>0186_jpg.rf.72fdb35eca44c292f6b540135f5322a3.jpg</filename>
	<path>0186_jpg.rf.72fdb35eca44c292f6b540135f5322a3.jpg</path>
	<source>
		<database>roboflow.ai</database>
	</source>
	<size>
		<width>512</width>
		<height>384</height>
		<depth>3</depth>
	</size>
	<segmented>0</segmented>
	<object>
		<name>Paper</name>
		<pose>Unspecified</pose>
		<truncated>0</truncated>
		<difficult>0</difficult>
		<occluded>0</occluded>
		<bndbox>
			<xmin>12</xmin>
			<xmax>465</xmax>
			<ymin>24</ymin>
			<ymax>384</ymax>
		</bndbox>
	</object>
</annotation>
