<annotation>
	<folder></folder>
	<filename>0187_jpg.rf.69fb25cf717bd0975da144958da38604.jpg</filename>
	<path>0187_jpg.rf.69fb25cf717bd0975da144958da38604.jpg</path>
	<source>
		<database>roboflow.ai</database>
	</source>
	<size>
		<width>512</width>
		<height>384</height>
		<depth>3</depth>
	</size>
	<segmented>0</segmented>
	<object>
		<name>Paper</name>
		<pose>Unspecified</pose>
		<truncated>0</truncated>
		<difficult>0</difficult>
		<occluded>0</occluded>
		<bndbox>
			<xmin>27</xmin>
			<xmax>479</xmax>
			<ymin>82</ymin>
			<ymax>331</ymax>
		</bndbox>
	</object>
</annotation>
