<annotation>
	<folder></folder>
	<filename>0190_jpg.rf.3e4318019ba76969a168f94759dea76b.jpg</filename>
	<path>0190_jpg.rf.3e4318019ba76969a168f94759dea76b.jpg</path>
	<source>
		<database>roboflow.ai</database>
	</source>
	<size>
		<width>512</width>
		<height>384</height>
		<depth>3</depth>
	</size>
	<segmented>0</segmented>
	<object>
		<name>Paper</name>
		<pose>Unspecified</pose>
		<truncated>0</truncated>
		<difficult>0</difficult>
		<occluded>0</occluded>
		<bndbox>
			<xmin>83</xmin>
			<xmax>414</xmax>
			<ymin>104</ymin>
			<ymax>330</ymax>
		</bndbox>
	</object>
</annotation>
