<annotation>
	<folder></folder>
	<filename>0191_jpg.rf.6c08fb0322d3c3d9dfdb88c550b3d64a.jpg</filename>
	<path>0191_jpg.rf.6c08fb0322d3c3d9dfdb88c550b3d64a.jpg</path>
	<source>
		<database>roboflow.ai</database>
	</source>
	<size>
		<width>512</width>
		<height>384</height>
		<depth>3</depth>
	</size>
	<segmented>0</segmented>
	<object>
		<name>Paper</name>
		<pose>Unspecified</pose>
		<truncated>0</truncated>
		<difficult>0</difficult>
		<occluded>0</occluded>
		<bndbox>
			<xmin>1</xmin>
			<xmax>474</xmax>
			<ymin>12</ymin>
			<ymax>384</ymax>
		</bndbox>
	</object>
</annotation>
