<annotation>
	<folder></folder>
	<filename>0193_jpg.rf.489e88585407ba1fddddd2e31e3feb02.jpg</filename>
	<path>0193_jpg.rf.489e88585407ba1fddddd2e31e3feb02.jpg</path>
	<source>
		<database>roboflow.ai</database>
	</source>
	<size>
		<width>512</width>
		<height>384</height>
		<depth>3</depth>
	</size>
	<segmented>0</segmented>
	<object>
		<name>Paper</name>
		<pose>Unspecified</pose>
		<truncated>0</truncated>
		<difficult>0</difficult>
		<occluded>0</occluded>
		<bndbox>
			<xmin>6</xmin>
			<xmax>477</xmax>
			<ymin>11</ymin>
			<ymax>377</ymax>
		</bndbox>
	</object>
</annotation>
