<annotation>
	<folder></folder>
	<filename>0195_jpg.rf.f57f075eee1d808335efb55493c5d451.jpg</filename>
	<path>0195_jpg.rf.f57f075eee1d808335efb55493c5d451.jpg</path>
	<source>
		<database>roboflow.ai</database>
	</source>
	<size>
		<width>512</width>
		<height>384</height>
		<depth>3</depth>
	</size>
	<segmented>0</segmented>
	<object>
		<name>Paper</name>
		<pose>Unspecified</pose>
		<truncated>0</truncated>
		<difficult>0</difficult>
		<occluded>0</occluded>
		<bndbox>
			<xmin>48</xmin>
			<xmax>433</xmax>
			<ymin>107</ymin>
			<ymax>291</ymax>
		</bndbox>
	</object>
</annotation>
