<annotation>
	<folder></folder>
	<filename>0196_jpg.rf.7671312d701c51f2f45158ca7fa21fa4.jpg</filename>
	<path>0196_jpg.rf.7671312d701c51f2f45158ca7fa21fa4.jpg</path>
	<source>
		<database>roboflow.ai</database>
	</source>
	<size>
		<width>512</width>
		<height>384</height>
		<depth>3</depth>
	</size>
	<segmented>0</segmented>
	<object>
		<name>Paper</name>
		<pose>Unspecified</pose>
		<truncated>0</truncated>
		<difficult>0</difficult>
		<occluded>0</occluded>
		<bndbox>
			<xmin>70</xmin>
			<xmax>398</xmax>
			<ymin>68</ymin>
			<ymax>312</ymax>
		</bndbox>
	</object>
</annotation>
