<annotation>
	<folder></folder>
	<filename>0199_jpg.rf.2a42f4908b5ef5debf95760b7ddfd6f8.jpg</filename>
	<path>0199_jpg.rf.2a42f4908b5ef5debf95760b7ddfd6f8.jpg</path>
	<source>
		<database>roboflow.ai</database>
	</source>
	<size>
		<width>512</width>
		<height>384</height>
		<depth>3</depth>
	</size>
	<segmented>0</segmented>
	<object>
		<name>Paper</name>
		<pose>Unspecified</pose>
		<truncated>0</truncated>
		<difficult>0</difficult>
		<occluded>0</occluded>
		<bndbox>
			<xmin>101</xmin>
			<xmax>398</xmax>
			<ymin>36</ymin>
			<ymax>323</ymax>
		</bndbox>
	</object>
</annotation>
