<annotation>
	<folder></folder>
	<filename>0201_jpg.rf.19f68b28c4f7b8bc234b8dcb940195b8.jpg</filename>
	<path>0201_jpg.rf.19f68b28c4f7b8bc234b8dcb940195b8.jpg</path>
	<source>
		<database>roboflow.ai</database>
	</source>
	<size>
		<width>512</width>
		<height>384</height>
		<depth>3</depth>
	</size>
	<segmented>0</segmented>
	<object>
		<name>Paper</name>
		<pose>Unspecified</pose>
		<truncated>0</truncated>
		<difficult>0</difficult>
		<occluded>0</occluded>
		<bndbox>
			<xmin>1</xmin>
			<xmax>454</xmax>
			<ymin>86</ymin>
			<ymax>384</ymax>
		</bndbox>
	</object>
</annotation>
