<annotation>
	<folder></folder>
	<filename>0202_jpg.rf.5b272f8bc7dccc01855d775d441c0355.jpg</filename>
	<path>0202_jpg.rf.5b272f8bc7dccc01855d775d441c0355.jpg</path>
	<source>
		<database>roboflow.ai</database>
	</source>
	<size>
		<width>512</width>
		<height>384</height>
		<depth>3</depth>
	</size>
	<segmented>0</segmented>
	<object>
		<name>Paper</name>
		<pose>Unspecified</pose>
		<truncated>0</truncated>
		<difficult>0</difficult>
		<occluded>0</occluded>
		<bndbox>
			<xmin>77</xmin>
			<xmax>473</xmax>
			<ymin>12</ymin>
			<ymax>370</ymax>
		</bndbox>
	</object>
</annotation>
