<annotation>
	<folder></folder>
	<filename>0203_jpg.rf.b8df3dbfb62bdb180b28974e4572ab80.jpg</filename>
	<path>0203_jpg.rf.b8df3dbfb62bdb180b28974e4572ab80.jpg</path>
	<source>
		<database>roboflow.ai</database>
	</source>
	<size>
		<width>512</width>
		<height>384</height>
		<depth>3</depth>
	</size>
	<segmented>0</segmented>
	<object>
		<name>Paper</name>
		<pose>Unspecified</pose>
		<truncated>0</truncated>
		<difficult>0</difficult>
		<occluded>0</occluded>
		<bndbox>
			<xmin>150</xmin>
			<xmax>334</xmax>
			<ymin>38</ymin>
			<ymax>339</ymax>
		</bndbox>
	</object>
</annotation>
