<annotation>
	<folder></folder>
	<filename>0204_jpg.rf.8f0c159a80006ab84dad0a19108e435a.jpg</filename>
	<path>0204_jpg.rf.8f0c159a80006ab84dad0a19108e435a.jpg</path>
	<source>
		<database>roboflow.ai</database>
	</source>
	<size>
		<width>512</width>
		<height>384</height>
		<depth>3</depth>
	</size>
	<segmented>0</segmented>
	<object>
		<name>Paper</name>
		<pose>Unspecified</pose>
		<truncated>0</truncated>
		<difficult>0</difficult>
		<occluded>0</occluded>
		<bndbox>
			<xmin>18</xmin>
			<xmax>430</xmax>
			<ymin>49</ymin>
			<ymax>360</ymax>
		</bndbox>
	</object>
</annotation>
