<annotation>
	<folder></folder>
	<filename>0206_jpg.rf.e4de789d5e1afe9dbbb5b2e1eb37f090.jpg</filename>
	<path>0206_jpg.rf.e4de789d5e1afe9dbbb5b2e1eb37f090.jpg</path>
	<source>
		<database>roboflow.ai</database>
	</source>
	<size>
		<width>512</width>
		<height>384</height>
		<depth>3</depth>
	</size>
	<segmented>0</segmented>
	<object>
		<name>Paper</name>
		<pose>Unspecified</pose>
		<truncated>0</truncated>
		<difficult>0</difficult>
		<occluded>0</occluded>
		<bndbox>
			<xmin>55</xmin>
			<xmax>396</xmax>
			<ymin>41</ymin>
			<ymax>384</ymax>
		</bndbox>
	</object>
</annotation>
