<annotation>
	<folder></folder>
	<filename>0208_jpg.rf.6b0c2e6b356bc736ce5b0791d72ed320.jpg</filename>
	<path>0208_jpg.rf.6b0c2e6b356bc736ce5b0791d72ed320.jpg</path>
	<source>
		<database>roboflow.ai</database>
	</source>
	<size>
		<width>512</width>
		<height>384</height>
		<depth>3</depth>
	</size>
	<segmented>0</segmented>
	<object>
		<name>Paper</name>
		<pose>Unspecified</pose>
		<truncated>0</truncated>
		<difficult>0</difficult>
		<occluded>0</occluded>
		<bndbox>
			<xmin>36</xmin>
			<xmax>512</xmax>
			<ymin>56</ymin>
			<ymax>384</ymax>
		</bndbox>
	</object>
</annotation>
