<annotation>
	<folder></folder>
	<filename>0210_jpg.rf.641506da654e2d57ce33b43a4b5ee6c4.jpg</filename>
	<path>0210_jpg.rf.641506da654e2d57ce33b43a4b5ee6c4.jpg</path>
	<source>
		<database>roboflow.ai</database>
	</source>
	<size>
		<width>512</width>
		<height>384</height>
		<depth>3</depth>
	</size>
	<segmented>0</segmented>
	<object>
		<name>Paper</name>
		<pose>Unspecified</pose>
		<truncated>0</truncated>
		<difficult>0</difficult>
		<occluded>0</occluded>
		<bndbox>
			<xmin>118</xmin>
			<xmax>405</xmax>
			<ymin>1</ymin>
			<ymax>323</ymax>
		</bndbox>
	</object>
</annotation>
