<annotation>
	<folder></folder>
	<filename>0213_jpg.rf.498fabae92e9255c5203a16c14f7f749.jpg</filename>
	<path>0213_jpg.rf.498fabae92e9255c5203a16c14f7f749.jpg</path>
	<source>
		<database>roboflow.ai</database>
	</source>
	<size>
		<width>512</width>
		<height>384</height>
		<depth>3</depth>
	</size>
	<segmented>0</segmented>
	<object>
		<name>Paper</name>
		<pose>Unspecified</pose>
		<truncated>0</truncated>
		<difficult>0</difficult>
		<occluded>0</occluded>
		<bndbox>
			<xmin>74</xmin>
			<xmax>419</xmax>
			<ymin>38</ymin>
			<ymax>358</ymax>
		</bndbox>
	</object>
</annotation>
