<annotation>
	<folder></folder>
	<filename>0214_jpg.rf.341779ae89fd2fea610b033809ad7df1.jpg</filename>
	<path>0214_jpg.rf.341779ae89fd2fea610b033809ad7df1.jpg</path>
	<source>
		<database>roboflow.ai</database>
	</source>
	<size>
		<width>512</width>
		<height>384</height>
		<depth>3</depth>
	</size>
	<segmented>0</segmented>
	<object>
		<name>Paper</name>
		<pose>Unspecified</pose>
		<truncated>0</truncated>
		<difficult>0</difficult>
		<occluded>0</occluded>
		<bndbox>
			<xmin>64</xmin>
			<xmax>469</xmax>
			<ymin>6</ymin>
			<ymax>384</ymax>
		</bndbox>
	</object>
</annotation>
