<annotation>
	<folder></folder>
	<filename>0215_jpg.rf.cd5c0183f46d63c4e9ce45c4c1a317c3.jpg</filename>
	<path>0215_jpg.rf.cd5c0183f46d63c4e9ce45c4c1a317c3.jpg</path>
	<source>
		<database>roboflow.ai</database>
	</source>
	<size>
		<width>512</width>
		<height>384</height>
		<depth>3</depth>
	</size>
	<segmented>0</segmented>
	<object>
		<name>Paper</name>
		<pose>Unspecified</pose>
		<truncated>0</truncated>
		<difficult>0</difficult>
		<occluded>0</occluded>
		<bndbox>
			<xmin>1</xmin>
			<xmax>399</xmax>
			<ymin>9</ymin>
			<ymax>384</ymax>
		</bndbox>
	</object>
</annotation>
