<annotation>
	<folder></folder>
	<filename>0216_jpg.rf.9244c061e37e391b442870054235f678.jpg</filename>
	<path>0216_jpg.rf.9244c061e37e391b442870054235f678.jpg</path>
	<source>
		<database>roboflow.ai</database>
	</source>
	<size>
		<width>512</width>
		<height>384</height>
		<depth>3</depth>
	</size>
	<segmented>0</segmented>
	<object>
		<name>Paper</name>
		<pose>Unspecified</pose>
		<truncated>0</truncated>
		<difficult>0</difficult>
		<occluded>0</occluded>
		<bndbox>
			<xmin>90</xmin>
			<xmax>391</xmax>
			<ymin>53</ymin>
			<ymax>335</ymax>
		</bndbox>
	</object>
</annotation>
