<annotation>
	<folder></folder>
	<filename>0217_jpg.rf.0b7a0c24dc1f206bd2a75166e0cfe5d2.jpg</filename>
	<path>0217_jpg.rf.0b7a0c24dc1f206bd2a75166e0cfe5d2.jpg</path>
	<source>
		<database>roboflow.ai</database>
	</source>
	<size>
		<width>512</width>
		<height>384</height>
		<depth>3</depth>
	</size>
	<segmented>0</segmented>
	<object>
		<name>Paper</name>
		<pose>Unspecified</pose>
		<truncated>0</truncated>
		<difficult>0</difficult>
		<occluded>0</occluded>
		<bndbox>
			<xmin>108</xmin>
			<xmax>425</xmax>
			<ymin>24</ymin>
			<ymax>362</ymax>
		</bndbox>
	</object>
</annotation>
