<annotation>
	<folder></folder>
	<filename>0218_jpg.rf.c10dd71861e6816a17d5383c1f920fe3.jpg</filename>
	<path>0218_jpg.rf.c10dd71861e6816a17d5383c1f920fe3.jpg</path>
	<source>
		<database>roboflow.ai</database>
	</source>
	<size>
		<width>512</width>
		<height>384</height>
		<depth>3</depth>
	</size>
	<segmented>0</segmented>
	<object>
		<name>Paper</name>
		<pose>Unspecified</pose>
		<truncated>0</truncated>
		<difficult>0</difficult>
		<occluded>0</occluded>
		<bndbox>
			<xmin>1</xmin>
			<xmax>464</xmax>
			<ymin>2</ymin>
			<ymax>361</ymax>
		</bndbox>
	</object>
</annotation>
