<annotation>
	<folder></folder>
	<filename>0219_jpg.rf.5d0c35595f991d087b84f76e7d23077b.jpg</filename>
	<path>0219_jpg.rf.5d0c35595f991d087b84f76e7d23077b.jpg</path>
	<source>
		<database>roboflow.ai</database>
	</source>
	<size>
		<width>512</width>
		<height>384</height>
		<depth>3</depth>
	</size>
	<segmented>0</segmented>
	<object>
		<name>Paper</name>
		<pose>Unspecified</pose>
		<truncated>0</truncated>
		<difficult>0</difficult>
		<occluded>0</occluded>
		<bndbox>
			<xmin>49</xmin>
			<xmax>464</xmax>
			<ymin>69</ymin>
			<ymax>349</ymax>
		</bndbox>
	</object>
</annotation>
