<annotation>
	<folder></folder>
	<filename>0220_jpg.rf.1985661d4c30a3b9a98c375b8462e4a9.jpg</filename>
	<path>0220_jpg.rf.1985661d4c30a3b9a98c375b8462e4a9.jpg</path>
	<source>
		<database>roboflow.ai</database>
	</source>
	<size>
		<width>512</width>
		<height>384</height>
		<depth>3</depth>
	</size>
	<segmented>0</segmented>
	<object>
		<name>Paper</name>
		<pose>Unspecified</pose>
		<truncated>0</truncated>
		<difficult>0</difficult>
		<occluded>0</occluded>
		<bndbox>
			<xmin>37</xmin>
			<xmax>427</xmax>
			<ymin>3</ymin>
			<ymax>375</ymax>
		</bndbox>
	</object>
</annotation>
