<annotation>
	<folder></folder>
	<filename>0222_jpg.rf.e26e9e05243e9af188b1e5994e65186a.jpg</filename>
	<path>0222_jpg.rf.e26e9e05243e9af188b1e5994e65186a.jpg</path>
	<source>
		<database>roboflow.ai</database>
	</source>
	<size>
		<width>512</width>
		<height>384</height>
		<depth>3</depth>
	</size>
	<segmented>0</segmented>
	<object>
		<name>Paper</name>
		<pose>Unspecified</pose>
		<truncated>0</truncated>
		<difficult>0</difficult>
		<occluded>0</occluded>
		<bndbox>
			<xmin>14</xmin>
			<xmax>509</xmax>
			<ymin>78</ymin>
			<ymax>384</ymax>
		</bndbox>
	</object>
</annotation>
