<annotation>
	<folder></folder>
	<filename>0223_jpg.rf.e47a308a9007669dbc7b57257a3e6762.jpg</filename>
	<path>0223_jpg.rf.e47a308a9007669dbc7b57257a3e6762.jpg</path>
	<source>
		<database>roboflow.ai</database>
	</source>
	<size>
		<width>512</width>
		<height>384</height>
		<depth>3</depth>
	</size>
	<segmented>0</segmented>
	<object>
		<name>Paper</name>
		<pose>Unspecified</pose>
		<truncated>0</truncated>
		<difficult>0</difficult>
		<occluded>0</occluded>
		<bndbox>
			<xmin>2</xmin>
			<xmax>413</xmax>
			<ymin>60</ymin>
			<ymax>372</ymax>
		</bndbox>
	</object>
</annotation>
