<annotation>
	<folder></folder>
	<filename>0232_jpg.rf.4eb5bb84ad2af51db2d6a8422bbaee7b.jpg</filename>
	<path>0232_jpg.rf.4eb5bb84ad2af51db2d6a8422bbaee7b.jpg</path>
	<source>
		<database>roboflow.ai</database>
	</source>
	<size>
		<width>512</width>
		<height>384</height>
		<depth>3</depth>
	</size>
	<segmented>0</segmented>
	<object>
		<name>Paper</name>
		<pose>Unspecified</pose>
		<truncated>0</truncated>
		<difficult>0</difficult>
		<occluded>0</occluded>
		<bndbox>
			<xmin>1</xmin>
			<xmax>493</xmax>
			<ymin>1</ymin>
			<ymax>384</ymax>
		</bndbox>
	</object>
</annotation>
