<annotation>
	<folder></folder>
	<filename>0234_jpg.rf.fc1d5fcdd65ee61c20e9ce6cecf48b71.jpg</filename>
	<path>0234_jpg.rf.fc1d5fcdd65ee61c20e9ce6cecf48b71.jpg</path>
	<source>
		<database>roboflow.ai</database>
	</source>
	<size>
		<width>512</width>
		<height>384</height>
		<depth>3</depth>
	</size>
	<segmented>0</segmented>
	<object>
		<name>Paper</name>
		<pose>Unspecified</pose>
		<truncated>0</truncated>
		<difficult>0</difficult>
		<occluded>0</occluded>
		<bndbox>
			<xmin>78</xmin>
			<xmax>410</xmax>
			<ymin>88</ymin>
			<ymax>349</ymax>
		</bndbox>
	</object>
</annotation>
