<annotation>
	<folder></folder>
	<filename>0236_jpg.rf.30f2c5906becc5cc7c856cc6264ba5dd.jpg</filename>
	<path>0236_jpg.rf.30f2c5906becc5cc7c856cc6264ba5dd.jpg</path>
	<source>
		<database>roboflow.ai</database>
	</source>
	<size>
		<width>512</width>
		<height>384</height>
		<depth>3</depth>
	</size>
	<segmented>0</segmented>
	<object>
		<name>Paper</name>
		<pose>Unspecified</pose>
		<truncated>0</truncated>
		<difficult>0</difficult>
		<occluded>0</occluded>
		<bndbox>
			<xmin>16</xmin>
			<xmax>469</xmax>
			<ymin>3</ymin>
			<ymax>384</ymax>
		</bndbox>
	</object>
</annotation>
