<annotation>
	<folder></folder>
	<filename>0237_jpg.rf.f40036f4ae87a1f4e5be24de73b6f81a.jpg</filename>
	<path>0237_jpg.rf.f40036f4ae87a1f4e5be24de73b6f81a.jpg</path>
	<source>
		<database>roboflow.ai</database>
	</source>
	<size>
		<width>512</width>
		<height>384</height>
		<depth>3</depth>
	</size>
	<segmented>0</segmented>
	<object>
		<name>Paper</name>
		<pose>Unspecified</pose>
		<truncated>0</truncated>
		<difficult>0</difficult>
		<occluded>0</occluded>
		<bndbox>
			<xmin>1</xmin>
			<xmax>467</xmax>
			<ymin>8</ymin>
			<ymax>331</ymax>
		</bndbox>
	</object>
</annotation>
