<annotation>
	<folder></folder>
	<filename>0240_jpg.rf.3bce35fc16eb0d8004d9bb8451c74fc2.jpg</filename>
	<path>0240_jpg.rf.3bce35fc16eb0d8004d9bb8451c74fc2.jpg</path>
	<source>
		<database>roboflow.ai</database>
	</source>
	<size>
		<width>512</width>
		<height>384</height>
		<depth>3</depth>
	</size>
	<segmented>0</segmented>
	<object>
		<name>Paper</name>
		<pose>Unspecified</pose>
		<truncated>0</truncated>
		<difficult>0</difficult>
		<occluded>0</occluded>
		<bndbox>
			<xmin>4</xmin>
			<xmax>508</xmax>
			<ymin>1</ymin>
			<ymax>336</ymax>
		</bndbox>
	</object>
</annotation>
