<annotation>
	<folder></folder>
	<filename>0243_jpg.rf.64348808ffeb2bc768b9602a3044cfd2.jpg</filename>
	<path>0243_jpg.rf.64348808ffeb2bc768b9602a3044cfd2.jpg</path>
	<source>
		<database>roboflow.ai</database>
	</source>
	<size>
		<width>512</width>
		<height>384</height>
		<depth>3</depth>
	</size>
	<segmented>0</segmented>
	<object>
		<name>Paper</name>
		<pose>Unspecified</pose>
		<truncated>0</truncated>
		<difficult>0</difficult>
		<occluded>0</occluded>
		<bndbox>
			<xmin>5</xmin>
			<xmax>501</xmax>
			<ymin>3</ymin>
			<ymax>384</ymax>
		</bndbox>
	</object>
</annotation>
