<annotation>
	<folder></folder>
	<filename>0244_jpg.rf.0df4e1979afd946964d746222d87fa9b.jpg</filename>
	<path>0244_jpg.rf.0df4e1979afd946964d746222d87fa9b.jpg</path>
	<source>
		<database>roboflow.ai</database>
	</source>
	<size>
		<width>512</width>
		<height>384</height>
		<depth>3</depth>
	</size>
	<segmented>0</segmented>
	<object>
		<name>Paper</name>
		<pose>Unspecified</pose>
		<truncated>0</truncated>
		<difficult>0</difficult>
		<occluded>0</occluded>
		<bndbox>
			<xmin>4</xmin>
			<xmax>512</xmax>
			<ymin>78</ymin>
			<ymax>384</ymax>
		</bndbox>
	</object>
</annotation>
