<annotation>
	<folder></folder>
	<filename>0246_jpg.rf.56653da4a082235c820aee737fdf66a9.jpg</filename>
	<path>0246_jpg.rf.56653da4a082235c820aee737fdf66a9.jpg</path>
	<source>
		<database>roboflow.ai</database>
	</source>
	<size>
		<width>512</width>
		<height>384</height>
		<depth>3</depth>
	</size>
	<segmented>0</segmented>
	<object>
		<name>Paper</name>
		<pose>Unspecified</pose>
		<truncated>0</truncated>
		<difficult>0</difficult>
		<occluded>0</occluded>
		<bndbox>
			<xmin>1</xmin>
			<xmax>309</xmax>
			<ymin>6</ymin>
			<ymax>384</ymax>
		</bndbox>
	</object>
	<object>
		<name>Paper</name>
		<pose>Unspecified</pose>
		<truncated>0</truncated>
		<difficult>0</difficult>
		<occluded>0</occluded>
		<bndbox>
			<xmin>313</xmin>
			<xmax>512</xmax>
			<ymin>90</ymin>
			<ymax>384</ymax>
		</bndbox>
	</object>
</annotation>
