<annotation>
	<folder></folder>
	<filename>0247_jpg.rf.be26538d6906a8dd73eb8dae1e3c9637.jpg</filename>
	<path>0247_jpg.rf.be26538d6906a8dd73eb8dae1e3c9637.jpg</path>
	<source>
		<database>roboflow.ai</database>
	</source>
	<size>
		<width>512</width>
		<height>384</height>
		<depth>3</depth>
	</size>
	<segmented>0</segmented>
	<object>
		<name>Paper</name>
		<pose>Unspecified</pose>
		<truncated>0</truncated>
		<difficult>0</difficult>
		<occluded>0</occluded>
		<bndbox>
			<xmin>46</xmin>
			<xmax>397</xmax>
			<ymin>113</ymin>
			<ymax>269</ymax>
		</bndbox>
	</object>
</annotation>
