<annotation>
	<folder></folder>
	<filename>0248_jpg.rf.3bb48f7f4a6094ecc22f18438ce4ca3a.jpg</filename>
	<path>0248_jpg.rf.3bb48f7f4a6094ecc22f18438ce4ca3a.jpg</path>
	<source>
		<database>roboflow.ai</database>
	</source>
	<size>
		<width>512</width>
		<height>384</height>
		<depth>3</depth>
	</size>
	<segmented>0</segmented>
	<object>
		<name>Paper</name>
		<pose>Unspecified</pose>
		<truncated>0</truncated>
		<difficult>0</difficult>
		<occluded>0</occluded>
		<bndbox>
			<xmin>94</xmin>
			<xmax>430</xmax>
			<ymin>66</ymin>
			<ymax>303</ymax>
		</bndbox>
	</object>
</annotation>
