<annotation>
	<folder></folder>
	<filename>0249_jpg.rf.c466f64944fb3c523ad9a6242697415a.jpg</filename>
	<path>0249_jpg.rf.c466f64944fb3c523ad9a6242697415a.jpg</path>
	<source>
		<database>roboflow.ai</database>
	</source>
	<size>
		<width>512</width>
		<height>384</height>
		<depth>3</depth>
	</size>
	<segmented>0</segmented>
	<object>
		<name>Paper</name>
		<pose>Unspecified</pose>
		<truncated>0</truncated>
		<difficult>0</difficult>
		<occluded>0</occluded>
		<bndbox>
			<xmin>98</xmin>
			<xmax>412</xmax>
			<ymin>68</ymin>
			<ymax>344</ymax>
		</bndbox>
	</object>
</annotation>
