<annotation>
	<folder></folder>
	<filename>0250_jpg.rf.a8393f60399513cab26f740d8c720238.jpg</filename>
	<path>0250_jpg.rf.a8393f60399513cab26f740d8c720238.jpg</path>
	<source>
		<database>roboflow.ai</database>
	</source>
	<size>
		<width>512</width>
		<height>384</height>
		<depth>3</depth>
	</size>
	<segmented>0</segmented>
	<object>
		<name>Paper</name>
		<pose>Unspecified</pose>
		<truncated>0</truncated>
		<difficult>0</difficult>
		<occluded>0</occluded>
		<bndbox>
			<xmin>121</xmin>
			<xmax>365</xmax>
			<ymin>111</ymin>
			<ymax>293</ymax>
		</bndbox>
	</object>
</annotation>
