<annotation>
	<folder></folder>
	<filename>0251_jpg.rf.9ed772637281ff9dcb3afbd9f3b25855.jpg</filename>
	<path>0251_jpg.rf.9ed772637281ff9dcb3afbd9f3b25855.jpg</path>
	<source>
		<database>roboflow.ai</database>
	</source>
	<size>
		<width>512</width>
		<height>384</height>
		<depth>3</depth>
	</size>
	<segmented>0</segmented>
	<object>
		<name>Paper</name>
		<pose>Unspecified</pose>
		<truncated>0</truncated>
		<difficult>0</difficult>
		<occluded>0</occluded>
		<bndbox>
			<xmin>86</xmin>
			<xmax>374</xmax>
			<ymin>13</ymin>
			<ymax>353</ymax>
		</bndbox>
	</object>
</annotation>
