<annotation>
	<folder></folder>
	<filename>0252_jpg.rf.c297deea1d0bd841364c06720a275dc6.jpg</filename>
	<path>0252_jpg.rf.c297deea1d0bd841364c06720a275dc6.jpg</path>
	<source>
		<database>roboflow.ai</database>
	</source>
	<size>
		<width>512</width>
		<height>384</height>
		<depth>3</depth>
	</size>
	<segmented>0</segmented>
	<object>
		<name>Paper</name>
		<pose>Unspecified</pose>
		<truncated>0</truncated>
		<difficult>0</difficult>
		<occluded>0</occluded>
		<bndbox>
			<xmin>3</xmin>
			<xmax>498</xmax>
			<ymin>64</ymin>
			<ymax>384</ymax>
		</bndbox>
	</object>
</annotation>
