<annotation>
	<folder></folder>
	<filename>0253_jpg.rf.b430538949a0c3855d78a1c1b170b13c.jpg</filename>
	<path>0253_jpg.rf.b430538949a0c3855d78a1c1b170b13c.jpg</path>
	<source>
		<database>roboflow.ai</database>
	</source>
	<size>
		<width>512</width>
		<height>384</height>
		<depth>3</depth>
	</size>
	<segmented>0</segmented>
	<object>
		<name>Paper</name>
		<pose>Unspecified</pose>
		<truncated>0</truncated>
		<difficult>0</difficult>
		<occluded>0</occluded>
		<bndbox>
			<xmin>11</xmin>
			<xmax>410</xmax>
			<ymin>3</ymin>
			<ymax>382</ymax>
		</bndbox>
	</object>
</annotation>
