<annotation>
	<folder></folder>
	<filename>0254_jpg.rf.005fa0c52cb6f8c5eb7d61fa3f558c69.jpg</filename>
	<path>0254_jpg.rf.005fa0c52cb6f8c5eb7d61fa3f558c69.jpg</path>
	<source>
		<database>roboflow.ai</database>
	</source>
	<size>
		<width>512</width>
		<height>384</height>
		<depth>3</depth>
	</size>
	<segmented>0</segmented>
	<object>
		<name>Paper</name>
		<pose>Unspecified</pose>
		<truncated>0</truncated>
		<difficult>0</difficult>
		<occluded>0</occluded>
		<bndbox>
			<xmin>10</xmin>
			<xmax>512</xmax>
			<ymin>76</ymin>
			<ymax>384</ymax>
		</bndbox>
	</object>
</annotation>
