<annotation>
	<folder></folder>
	<filename>0257_jpg.rf.f8e4450c86ef79b1e383f46187cde9ba.jpg</filename>
	<path>0257_jpg.rf.f8e4450c86ef79b1e383f46187cde9ba.jpg</path>
	<source>
		<database>roboflow.ai</database>
	</source>
	<size>
		<width>512</width>
		<height>384</height>
		<depth>3</depth>
	</size>
	<segmented>0</segmented>
	<object>
		<name>Paper</name>
		<pose>Unspecified</pose>
		<truncated>0</truncated>
		<difficult>0</difficult>
		<occluded>0</occluded>
		<bndbox>
			<xmin>62</xmin>
			<xmax>490</xmax>
			<ymin>126</ymin>
			<ymax>384</ymax>
		</bndbox>
	</object>
</annotation>
