<annotation>
	<folder></folder>
	<filename>0260_jpg.rf.e38ec4d7814b23dc7c7c6dcda0b132a7.jpg</filename>
	<path>0260_jpg.rf.e38ec4d7814b23dc7c7c6dcda0b132a7.jpg</path>
	<source>
		<database>roboflow.ai</database>
	</source>
	<size>
		<width>512</width>
		<height>384</height>
		<depth>3</depth>
	</size>
	<segmented>0</segmented>
	<object>
		<name>Paper</name>
		<pose>Unspecified</pose>
		<truncated>0</truncated>
		<difficult>0</difficult>
		<occluded>0</occluded>
		<bndbox>
			<xmin>62</xmin>
			<xmax>484</xmax>
			<ymin>77</ymin>
			<ymax>358</ymax>
		</bndbox>
	</object>
</annotation>
