<annotation>
	<folder></folder>
	<filename>0261_jpg.rf.cc0edc6a9e6aebe7f96266ab149c9aea.jpg</filename>
	<path>0261_jpg.rf.cc0edc6a9e6aebe7f96266ab149c9aea.jpg</path>
	<source>
		<database>roboflow.ai</database>
	</source>
	<size>
		<width>512</width>
		<height>384</height>
		<depth>3</depth>
	</size>
	<segmented>0</segmented>
	<object>
		<name>Paper</name>
		<pose>Unspecified</pose>
		<truncated>0</truncated>
		<difficult>0</difficult>
		<occluded>0</occluded>
		<bndbox>
			<xmin>73</xmin>
			<xmax>360</xmax>
			<ymin>12</ymin>
			<ymax>351</ymax>
		</bndbox>
	</object>
</annotation>
