<annotation>
	<folder></folder>
	<filename>0262_jpg.rf.160c210ea655a1b1e35b52dcc2414f7d.jpg</filename>
	<path>0262_jpg.rf.160c210ea655a1b1e35b52dcc2414f7d.jpg</path>
	<source>
		<database>roboflow.ai</database>
	</source>
	<size>
		<width>512</width>
		<height>384</height>
		<depth>3</depth>
	</size>
	<segmented>0</segmented>
	<object>
		<name>Paper</name>
		<pose>Unspecified</pose>
		<truncated>0</truncated>
		<difficult>0</difficult>
		<occluded>0</occluded>
		<bndbox>
			<xmin>4</xmin>
			<xmax>506</xmax>
			<ymin>4</ymin>
			<ymax>379</ymax>
		</bndbox>
	</object>
</annotation>
