<annotation>
	<folder></folder>
	<filename>0264_jpg.rf.9ed89a85ccf4a3f5570b789b902b1c44.jpg</filename>
	<path>0264_jpg.rf.9ed89a85ccf4a3f5570b789b902b1c44.jpg</path>
	<source>
		<database>roboflow.ai</database>
	</source>
	<size>
		<width>512</width>
		<height>384</height>
		<depth>3</depth>
	</size>
	<segmented>0</segmented>
	<object>
		<name>Paper</name>
		<pose>Unspecified</pose>
		<truncated>0</truncated>
		<difficult>0</difficult>
		<occluded>0</occluded>
		<bndbox>
			<xmin>107</xmin>
			<xmax>438</xmax>
			<ymin>90</ymin>
			<ymax>330</ymax>
		</bndbox>
	</object>
</annotation>
