<annotation>
	<folder></folder>
	<filename>0266_jpg.rf.49cb95c1394cb338a43bfd6d3d17c9e9.jpg</filename>
	<path>0266_jpg.rf.49cb95c1394cb338a43bfd6d3d17c9e9.jpg</path>
	<source>
		<database>roboflow.ai</database>
	</source>
	<size>
		<width>512</width>
		<height>384</height>
		<depth>3</depth>
	</size>
	<segmented>0</segmented>
	<object>
		<name>Paper</name>
		<pose>Unspecified</pose>
		<truncated>0</truncated>
		<difficult>0</difficult>
		<occluded>0</occluded>
		<bndbox>
			<xmin>48</xmin>
			<xmax>337</xmax>
			<ymin>5</ymin>
			<ymax>384</ymax>
		</bndbox>
	</object>
</annotation>
