<annotation>
	<folder></folder>
	<filename>0266_jpg.rf.d8b6c3d07853d27385d74a4ae6c4ccfe.jpg</filename>
	<path>0266_jpg.rf.d8b6c3d07853d27385d74a4ae6c4ccfe.jpg</path>
	<source>
		<database>roboflow.ai</database>
	</source>
	<size>
		<width>512</width>
		<height>384</height>
		<depth>3</depth>
	</size>
	<segmented>0</segmented>
	<object>
		<name>Paper</name>
		<pose>Unspecified</pose>
		<truncated>0</truncated>
		<difficult>0</difficult>
		<occluded>0</occluded>
		<bndbox>
			<xmin>48</xmin>
			<xmax>337</xmax>
			<ymin>5</ymin>
			<ymax>384</ymax>
		</bndbox>
	</object>
</annotation>
