<annotation>
	<folder></folder>
	<filename>0267_jpg.rf.42017adbea10099cda5df601cda8cd64.jpg</filename>
	<path>0267_jpg.rf.42017adbea10099cda5df601cda8cd64.jpg</path>
	<source>
		<database>roboflow.ai</database>
	</source>
	<size>
		<width>512</width>
		<height>384</height>
		<depth>3</depth>
	</size>
	<segmented>0</segmented>
	<object>
		<name>Paper</name>
		<pose>Unspecified</pose>
		<truncated>0</truncated>
		<difficult>0</difficult>
		<occluded>0</occluded>
		<bndbox>
			<xmin>9</xmin>
			<xmax>487</xmax>
			<ymin>75</ymin>
			<ymax>384</ymax>
		</bndbox>
	</object>
</annotation>
