<annotation>
	<folder></folder>
	<filename>0268_jpg.rf.ba03ba62da0729146e5ec882955bd1fe.jpg</filename>
	<path>0268_jpg.rf.ba03ba62da0729146e5ec882955bd1fe.jpg</path>
	<source>
		<database>roboflow.ai</database>
	</source>
	<size>
		<width>512</width>
		<height>384</height>
		<depth>3</depth>
	</size>
	<segmented>0</segmented>
	<object>
		<name>Paper</name>
		<pose>Unspecified</pose>
		<truncated>0</truncated>
		<difficult>0</difficult>
		<occluded>0</occluded>
		<bndbox>
			<xmin>47</xmin>
			<xmax>419</xmax>
			<ymin>33</ymin>
			<ymax>372</ymax>
		</bndbox>
	</object>
</annotation>
