<annotation>
	<folder></folder>
	<filename>0270_jpg.rf.a9ed57678ba757abf1ce1a7bb7a03e6a.jpg</filename>
	<path>0270_jpg.rf.a9ed57678ba757abf1ce1a7bb7a03e6a.jpg</path>
	<source>
		<database>roboflow.ai</database>
	</source>
	<size>
		<width>512</width>
		<height>384</height>
		<depth>3</depth>
	</size>
	<segmented>0</segmented>
	<object>
		<name>Paper</name>
		<pose>Unspecified</pose>
		<truncated>0</truncated>
		<difficult>0</difficult>
		<occluded>0</occluded>
		<bndbox>
			<xmin>1</xmin>
			<xmax>510</xmax>
			<ymin>1</ymin>
			<ymax>384</ymax>
		</bndbox>
	</object>
</annotation>
