<annotation>
	<folder></folder>
	<filename>0271_jpg.rf.8141d932f923f677f4e1f31931901bf8.jpg</filename>
	<path>0271_jpg.rf.8141d932f923f677f4e1f31931901bf8.jpg</path>
	<source>
		<database>roboflow.ai</database>
	</source>
	<size>
		<width>512</width>
		<height>384</height>
		<depth>3</depth>
	</size>
	<segmented>0</segmented>
	<object>
		<name>Paper</name>
		<pose>Unspecified</pose>
		<truncated>0</truncated>
		<difficult>0</difficult>
		<occluded>0</occluded>
		<bndbox>
			<xmin>76</xmin>
			<xmax>330</xmax>
			<ymin>82</ymin>
			<ymax>384</ymax>
		</bndbox>
	</object>
</annotation>
