<annotation>
	<folder></folder>
	<filename>0273_jpg.rf.9925c8b650823d316d87f7b921b62006.jpg</filename>
	<path>0273_jpg.rf.9925c8b650823d316d87f7b921b62006.jpg</path>
	<source>
		<database>roboflow.ai</database>
	</source>
	<size>
		<width>512</width>
		<height>384</height>
		<depth>3</depth>
	</size>
	<segmented>0</segmented>
	<object>
		<name>Paper</name>
		<pose>Unspecified</pose>
		<truncated>0</truncated>
		<difficult>0</difficult>
		<occluded>0</occluded>
		<bndbox>
			<xmin>31</xmin>
			<xmax>478</xmax>
			<ymin>35</ymin>
			<ymax>384</ymax>
		</bndbox>
	</object>
</annotation>
