<annotation>
	<folder></folder>
	<filename>0274_jpg.rf.5aae3ace0a90f3051abc4cef6faeda62.jpg</filename>
	<path>0274_jpg.rf.5aae3ace0a90f3051abc4cef6faeda62.jpg</path>
	<source>
		<database>roboflow.ai</database>
	</source>
	<size>
		<width>512</width>
		<height>384</height>
		<depth>3</depth>
	</size>
	<segmented>0</segmented>
	<object>
		<name>Paper</name>
		<pose>Unspecified</pose>
		<truncated>0</truncated>
		<difficult>0</difficult>
		<occluded>0</occluded>
		<bndbox>
			<xmin>108</xmin>
			<xmax>423</xmax>
			<ymin>47</ymin>
			<ymax>357</ymax>
		</bndbox>
	</object>
</annotation>
