<annotation>
	<folder></folder>
	<filename>0275_jpg.rf.7911dc7aaf4ff127f2a4e99849e35d2c.jpg</filename>
	<path>0275_jpg.rf.7911dc7aaf4ff127f2a4e99849e35d2c.jpg</path>
	<source>
		<database>roboflow.ai</database>
	</source>
	<size>
		<width>512</width>
		<height>384</height>
		<depth>3</depth>
	</size>
	<segmented>0</segmented>
	<object>
		<name>Paper</name>
		<pose>Unspecified</pose>
		<truncated>0</truncated>
		<difficult>0</difficult>
		<occluded>0</occluded>
		<bndbox>
			<xmin>109</xmin>
			<xmax>350</xmax>
			<ymin>107</ymin>
			<ymax>314</ymax>
		</bndbox>
	</object>
</annotation>
