<annotation>
	<folder></folder>
	<filename>0275_jpg.rf.626c467346eacded7ff8561b23246b9d.jpg</filename>
	<path>0275_jpg.rf.626c467346eacded7ff8561b23246b9d.jpg</path>
	<source>
		<database>roboflow.ai</database>
	</source>
	<size>
		<width>512</width>
		<height>384</height>
		<depth>3</depth>
	</size>
	<segmented>0</segmented>
	<object>
		<name>Paper</name>
		<pose>Unspecified</pose>
		<truncated>0</truncated>
		<difficult>0</difficult>
		<occluded>0</occluded>
		<bndbox>
			<xmin>109</xmin>
			<xmax>350</xmax>
			<ymin>107</ymin>
			<ymax>314</ymax>
		</bndbox>
	</object>
</annotation>
