<annotation>
	<folder></folder>
	<filename>0277_jpg.rf.791b7ea95f23769c0674edfe58dac2e7.jpg</filename>
	<path>0277_jpg.rf.791b7ea95f23769c0674edfe58dac2e7.jpg</path>
	<source>
		<database>roboflow.ai</database>
	</source>
	<size>
		<width>512</width>
		<height>384</height>
		<depth>3</depth>
	</size>
	<segmented>0</segmented>
	<object>
		<name>Paper</name>
		<pose>Unspecified</pose>
		<truncated>0</truncated>
		<difficult>0</difficult>
		<occluded>0</occluded>
		<bndbox>
			<xmin>166</xmin>
			<xmax>276</xmax>
			<ymin>84</ymin>
			<ymax>232</ymax>
		</bndbox>
	</object>
</annotation>
