<annotation>
	<folder></folder>
	<filename>0279_jpg.rf.b84abd9a3cab1ddaa0d86e4c2030f44c.jpg</filename>
	<path>0279_jpg.rf.b84abd9a3cab1ddaa0d86e4c2030f44c.jpg</path>
	<source>
		<database>roboflow.ai</database>
	</source>
	<size>
		<width>512</width>
		<height>384</height>
		<depth>3</depth>
	</size>
	<segmented>0</segmented>
	<object>
		<name>Paper</name>
		<pose>Unspecified</pose>
		<truncated>0</truncated>
		<difficult>0</difficult>
		<occluded>0</occluded>
		<bndbox>
			<xmin>1</xmin>
			<xmax>512</xmax>
			<ymin>1</ymin>
			<ymax>337</ymax>
		</bndbox>
	</object>
</annotation>
