<annotation>
	<folder></folder>
	<filename>0280_jpg.rf.3f95710ce196ffbc98ccb88bdb5752cc.jpg</filename>
	<path>0280_jpg.rf.3f95710ce196ffbc98ccb88bdb5752cc.jpg</path>
	<source>
		<database>roboflow.ai</database>
	</source>
	<size>
		<width>512</width>
		<height>384</height>
		<depth>3</depth>
	</size>
	<segmented>0</segmented>
	<object>
		<name>Paper</name>
		<pose>Unspecified</pose>
		<truncated>0</truncated>
		<difficult>0</difficult>
		<occluded>0</occluded>
		<bndbox>
			<xmin>1</xmin>
			<xmax>512</xmax>
			<ymin>1</ymin>
			<ymax>163</ymax>
		</bndbox>
	</object>
</annotation>
