<annotation>
	<folder></folder>
	<filename>0281_jpg.rf.c9608532822c80f51dbac9bcd8d5afdb.jpg</filename>
	<path>0281_jpg.rf.c9608532822c80f51dbac9bcd8d5afdb.jpg</path>
	<source>
		<database>roboflow.ai</database>
	</source>
	<size>
		<width>512</width>
		<height>384</height>
		<depth>3</depth>
	</size>
	<segmented>0</segmented>
	<object>
		<name>Paper</name>
		<pose>Unspecified</pose>
		<truncated>0</truncated>
		<difficult>0</difficult>
		<occluded>0</occluded>
		<bndbox>
			<xmin>3</xmin>
			<xmax>442</xmax>
			<ymin>12</ymin>
			<ymax>361</ymax>
		</bndbox>
	</object>
</annotation>
