<annotation>
	<folder></folder>
	<filename>0282_jpg.rf.809f2ac1612ec1bac77881bda5145cec.jpg</filename>
	<path>0282_jpg.rf.809f2ac1612ec1bac77881bda5145cec.jpg</path>
	<source>
		<database>roboflow.ai</database>
	</source>
	<size>
		<width>512</width>
		<height>384</height>
		<depth>3</depth>
	</size>
	<segmented>0</segmented>
	<object>
		<name>Paper</name>
		<pose>Unspecified</pose>
		<truncated>0</truncated>
		<difficult>0</difficult>
		<occluded>0</occluded>
		<bndbox>
			<xmin>1</xmin>
			<xmax>442</xmax>
			<ymin>51</ymin>
			<ymax>384</ymax>
		</bndbox>
	</object>
</annotation>
