<annotation>
	<folder></folder>
	<filename>0283_jpg.rf.7690318a784409de55f1401ff9ddeb88.jpg</filename>
	<path>0283_jpg.rf.7690318a784409de55f1401ff9ddeb88.jpg</path>
	<source>
		<database>roboflow.ai</database>
	</source>
	<size>
		<width>512</width>
		<height>384</height>
		<depth>3</depth>
	</size>
	<segmented>0</segmented>
	<object>
		<name>Paper</name>
		<pose>Unspecified</pose>
		<truncated>0</truncated>
		<difficult>0</difficult>
		<occluded>0</occluded>
		<bndbox>
			<xmin>1</xmin>
			<xmax>469</xmax>
			<ymin>101</ymin>
			<ymax>381</ymax>
		</bndbox>
	</object>
</annotation>
