<annotation>
	<folder></folder>
	<filename>0285_jpg.rf.f2128935957b82285fc91406f98eea99.jpg</filename>
	<path>0285_jpg.rf.f2128935957b82285fc91406f98eea99.jpg</path>
	<source>
		<database>roboflow.ai</database>
	</source>
	<size>
		<width>512</width>
		<height>384</height>
		<depth>3</depth>
	</size>
	<segmented>0</segmented>
	<object>
		<name>Paper</name>
		<pose>Unspecified</pose>
		<truncated>0</truncated>
		<difficult>0</difficult>
		<occluded>0</occluded>
		<bndbox>
			<xmin>74</xmin>
			<xmax>425</xmax>
			<ymin>41</ymin>
			<ymax>353</ymax>
		</bndbox>
	</object>
</annotation>
