<annotation>
	<folder></folder>
	<filename>0288_jpg.rf.2511b31e71efeb8ed29f3beaf8c74da7.jpg</filename>
	<path>0288_jpg.rf.2511b31e71efeb8ed29f3beaf8c74da7.jpg</path>
	<source>
		<database>roboflow.ai</database>
	</source>
	<size>
		<width>512</width>
		<height>384</height>
		<depth>3</depth>
	</size>
	<segmented>0</segmented>
	<object>
		<name>Paper</name>
		<pose>Unspecified</pose>
		<truncated>0</truncated>
		<difficult>0</difficult>
		<occluded>0</occluded>
		<bndbox>
			<xmin>1</xmin>
			<xmax>415</xmax>
			<ymin>60</ymin>
			<ymax>358</ymax>
		</bndbox>
	</object>
</annotation>
