<annotation>
	<folder></folder>
	<filename>0289_jpg.rf.ef090efa1723c1c7490a11398aaee9d6.jpg</filename>
	<path>0289_jpg.rf.ef090efa1723c1c7490a11398aaee9d6.jpg</path>
	<source>
		<database>roboflow.ai</database>
	</source>
	<size>
		<width>512</width>
		<height>384</height>
		<depth>3</depth>
	</size>
	<segmented>0</segmented>
	<object>
		<name>Paper</name>
		<pose>Unspecified</pose>
		<truncated>0</truncated>
		<difficult>0</difficult>
		<occluded>0</occluded>
		<bndbox>
			<xmin>57</xmin>
			<xmax>384</xmax>
			<ymin>36</ymin>
			<ymax>342</ymax>
		</bndbox>
	</object>
</annotation>
