<annotation>
	<folder></folder>
	<filename>0292_jpg.rf.ab2a9767886fc149c9d3dcdd5bd846c8.jpg</filename>
	<path>0292_jpg.rf.ab2a9767886fc149c9d3dcdd5bd846c8.jpg</path>
	<source>
		<database>roboflow.ai</database>
	</source>
	<size>
		<width>512</width>
		<height>384</height>
		<depth>3</depth>
	</size>
	<segmented>0</segmented>
	<object>
		<name>Paper</name>
		<pose>Unspecified</pose>
		<truncated>0</truncated>
		<difficult>0</difficult>
		<occluded>0</occluded>
		<bndbox>
			<xmin>17</xmin>
			<xmax>491</xmax>
			<ymin>88</ymin>
			<ymax>367</ymax>
		</bndbox>
	</object>
</annotation>
