<annotation>
	<folder></folder>
	<filename>0293_jpg.rf.4d9350307a980d7ea3a99415775e5832.jpg</filename>
	<path>0293_jpg.rf.4d9350307a980d7ea3a99415775e5832.jpg</path>
	<source>
		<database>roboflow.ai</database>
	</source>
	<size>
		<width>512</width>
		<height>384</height>
		<depth>3</depth>
	</size>
	<segmented>0</segmented>
	<object>
		<name>Paper</name>
		<pose>Unspecified</pose>
		<truncated>0</truncated>
		<difficult>0</difficult>
		<occluded>0</occluded>
		<bndbox>
			<xmin>76</xmin>
			<xmax>332</xmax>
			<ymin>149</ymin>
			<ymax>350</ymax>
		</bndbox>
	</object>
</annotation>
