<annotation>
	<folder></folder>
	<filename>0294_jpg.rf.158f85139a818867e6dc98ea57649d63.jpg</filename>
	<path>0294_jpg.rf.158f85139a818867e6dc98ea57649d63.jpg</path>
	<source>
		<database>roboflow.ai</database>
	</source>
	<size>
		<width>512</width>
		<height>384</height>
		<depth>3</depth>
	</size>
	<segmented>0</segmented>
	<object>
		<name>Paper</name>
		<pose>Unspecified</pose>
		<truncated>0</truncated>
		<difficult>0</difficult>
		<occluded>0</occluded>
		<bndbox>
			<xmin>79</xmin>
			<xmax>403</xmax>
			<ymin>28</ymin>
			<ymax>353</ymax>
		</bndbox>
	</object>
</annotation>
