<annotation>
	<folder></folder>
	<filename>0295_jpg.rf.8f6285e24abfd1f183c4f65248434377.jpg</filename>
	<path>0295_jpg.rf.8f6285e24abfd1f183c4f65248434377.jpg</path>
	<source>
		<database>roboflow.ai</database>
	</source>
	<size>
		<width>512</width>
		<height>384</height>
		<depth>3</depth>
	</size>
	<segmented>0</segmented>
	<object>
		<name>Paper</name>
		<pose>Unspecified</pose>
		<truncated>0</truncated>
		<difficult>0</difficult>
		<occluded>0</occluded>
		<bndbox>
			<xmin>34</xmin>
			<xmax>433</xmax>
			<ymin>44</ymin>
			<ymax>222</ymax>
		</bndbox>
	</object>
	<object>
		<name>Paper</name>
		<pose>Unspecified</pose>
		<truncated>0</truncated>
		<difficult>0</difficult>
		<occluded>0</occluded>
		<bndbox>
			<xmin>25</xmin>
			<xmax>453</xmax>
			<ymin>177</ymin>
			<ymax>353</ymax>
		</bndbox>
	</object>
</annotation>
