<annotation>
	<folder></folder>
	<filename>0299_jpg.rf.4a5e6849597fc0f8cfaad83fbc7fb935.jpg</filename>
	<path>0299_jpg.rf.4a5e6849597fc0f8cfaad83fbc7fb935.jpg</path>
	<source>
		<database>roboflow.ai</database>
	</source>
	<size>
		<width>512</width>
		<height>384</height>
		<depth>3</depth>
	</size>
	<segmented>0</segmented>
	<object>
		<name>Paper</name>
		<pose>Unspecified</pose>
		<truncated>0</truncated>
		<difficult>0</difficult>
		<occluded>0</occluded>
		<bndbox>
			<xmin>39</xmin>
			<xmax>475</xmax>
			<ymin>2</ymin>
			<ymax>370</ymax>
		</bndbox>
	</object>
</annotation>
