<annotation>
	<folder></folder>
	<filename>0300_jpg.rf.829abe4b915d4f48e9654578c3288043.jpg</filename>
	<path>0300_jpg.rf.829abe4b915d4f48e9654578c3288043.jpg</path>
	<source>
		<database>roboflow.ai</database>
	</source>
	<size>
		<width>512</width>
		<height>384</height>
		<depth>3</depth>
	</size>
	<segmented>0</segmented>
	<object>
		<name>Paper</name>
		<pose>Unspecified</pose>
		<truncated>0</truncated>
		<difficult>0</difficult>
		<occluded>0</occluded>
		<bndbox>
			<xmin>51</xmin>
			<xmax>366</xmax>
			<ymin>63</ymin>
			<ymax>324</ymax>
		</bndbox>
	</object>
</annotation>
