<annotation>
	<folder></folder>
	<filename>0301_jpg.rf.f0f18f362b072c442d52deab6f88bde9.jpg</filename>
	<path>0301_jpg.rf.f0f18f362b072c442d52deab6f88bde9.jpg</path>
	<source>
		<database>roboflow.ai</database>
	</source>
	<size>
		<width>512</width>
		<height>384</height>
		<depth>3</depth>
	</size>
	<segmented>0</segmented>
	<object>
		<name>Paper</name>
		<pose>Unspecified</pose>
		<truncated>0</truncated>
		<difficult>0</difficult>
		<occluded>0</occluded>
		<bndbox>
			<xmin>1</xmin>
			<xmax>479</xmax>
			<ymin>2</ymin>
			<ymax>312</ymax>
		</bndbox>
	</object>
</annotation>
