<annotation>
	<folder></folder>
	<filename>0302_jpg.rf.bfd446f4a4a5e7da2b04fd9d50b86638.jpg</filename>
	<path>0302_jpg.rf.bfd446f4a4a5e7da2b04fd9d50b86638.jpg</path>
	<source>
		<database>roboflow.ai</database>
	</source>
	<size>
		<width>512</width>
		<height>384</height>
		<depth>3</depth>
	</size>
	<segmented>0</segmented>
	<object>
		<name>Paper</name>
		<pose>Unspecified</pose>
		<truncated>0</truncated>
		<difficult>0</difficult>
		<occluded>0</occluded>
		<bndbox>
			<xmin>1</xmin>
			<xmax>473</xmax>
			<ymin>10</ymin>
			<ymax>384</ymax>
		</bndbox>
	</object>
</annotation>
