<annotation>
	<folder></folder>
	<filename>0303_jpg.rf.5bb53ca73219ba4fd6c6303b780d3599.jpg</filename>
	<path>0303_jpg.rf.5bb53ca73219ba4fd6c6303b780d3599.jpg</path>
	<source>
		<database>roboflow.ai</database>
	</source>
	<size>
		<width>512</width>
		<height>384</height>
		<depth>3</depth>
	</size>
	<segmented>0</segmented>
	<object>
		<name>Paper</name>
		<pose>Unspecified</pose>
		<truncated>0</truncated>
		<difficult>0</difficult>
		<occluded>0</occluded>
		<bndbox>
			<xmin>66</xmin>
			<xmax>331</xmax>
			<ymin>29</ymin>
			<ymax>358</ymax>
		</bndbox>
	</object>
</annotation>
