<annotation>
	<folder></folder>
	<filename>0304_jpg.rf.cbd15c7cc4069476d1447e2d1bd3f079.jpg</filename>
	<path>0304_jpg.rf.cbd15c7cc4069476d1447e2d1bd3f079.jpg</path>
	<source>
		<database>roboflow.ai</database>
	</source>
	<size>
		<width>512</width>
		<height>384</height>
		<depth>3</depth>
	</size>
	<segmented>0</segmented>
	<object>
		<name>Paper</name>
		<pose>Unspecified</pose>
		<truncated>0</truncated>
		<difficult>0</difficult>
		<occluded>0</occluded>
		<bndbox>
			<xmin>62</xmin>
			<xmax>461</xmax>
			<ymin>68</ymin>
			<ymax>350</ymax>
		</bndbox>
	</object>
</annotation>
