<annotation>
	<folder></folder>
	<filename>0305_jpg.rf.cb619666bc81863291a6de715322cbc6.jpg</filename>
	<path>0305_jpg.rf.cb619666bc81863291a6de715322cbc6.jpg</path>
	<source>
		<database>roboflow.ai</database>
	</source>
	<size>
		<width>512</width>
		<height>384</height>
		<depth>3</depth>
	</size>
	<segmented>0</segmented>
	<object>
		<name>Paper</name>
		<pose>Unspecified</pose>
		<truncated>0</truncated>
		<difficult>0</difficult>
		<occluded>0</occluded>
		<bndbox>
			<xmin>56</xmin>
			<xmax>442</xmax>
			<ymin>60</ymin>
			<ymax>349</ymax>
		</bndbox>
	</object>
</annotation>
