<annotation>
	<folder></folder>
	<filename>0307_jpg.rf.80dfb5f02d8dd86f8a832fdf9e75593e.jpg</filename>
	<path>0307_jpg.rf.80dfb5f02d8dd86f8a832fdf9e75593e.jpg</path>
	<source>
		<database>roboflow.ai</database>
	</source>
	<size>
		<width>512</width>
		<height>384</height>
		<depth>3</depth>
	</size>
	<segmented>0</segmented>
	<object>
		<name>Paper</name>
		<pose>Unspecified</pose>
		<truncated>0</truncated>
		<difficult>0</difficult>
		<occluded>0</occluded>
		<bndbox>
			<xmin>27</xmin>
			<xmax>471</xmax>
			<ymin>6</ymin>
			<ymax>382</ymax>
		</bndbox>
	</object>
</annotation>
