<annotation>
	<folder></folder>
	<filename>0308_jpg.rf.8d13b653952a71b0debfefb653709f6b.jpg</filename>
	<path>0308_jpg.rf.8d13b653952a71b0debfefb653709f6b.jpg</path>
	<source>
		<database>roboflow.ai</database>
	</source>
	<size>
		<width>512</width>
		<height>384</height>
		<depth>3</depth>
	</size>
	<segmented>0</segmented>
	<object>
		<name>Paper</name>
		<pose>Unspecified</pose>
		<truncated>0</truncated>
		<difficult>0</difficult>
		<occluded>0</occluded>
		<bndbox>
			<xmin>138</xmin>
			<xmax>360</xmax>
			<ymin>49</ymin>
			<ymax>272</ymax>
		</bndbox>
	</object>
</annotation>
