<annotation>
	<folder></folder>
	<filename>0309_jpg.rf.5d0a3ef522acf045f29b438db28b4267.jpg</filename>
	<path>0309_jpg.rf.5d0a3ef522acf045f29b438db28b4267.jpg</path>
	<source>
		<database>roboflow.ai</database>
	</source>
	<size>
		<width>512</width>
		<height>384</height>
		<depth>3</depth>
	</size>
	<segmented>0</segmented>
	<object>
		<name>Paper</name>
		<pose>Unspecified</pose>
		<truncated>0</truncated>
		<difficult>0</difficult>
		<occluded>0</occluded>
		<bndbox>
			<xmin>39</xmin>
			<xmax>444</xmax>
			<ymin>99</ymin>
			<ymax>384</ymax>
		</bndbox>
	</object>
</annotation>
