<annotation>
	<folder></folder>
	<filename>0311_jpg.rf.448963166ae94013fd49e914a0b7cf5b.jpg</filename>
	<path>0311_jpg.rf.448963166ae94013fd49e914a0b7cf5b.jpg</path>
	<source>
		<database>roboflow.ai</database>
	</source>
	<size>
		<width>512</width>
		<height>384</height>
		<depth>3</depth>
	</size>
	<segmented>0</segmented>
	<object>
		<name>Paper</name>
		<pose>Unspecified</pose>
		<truncated>0</truncated>
		<difficult>0</difficult>
		<occluded>0</occluded>
		<bndbox>
			<xmin>1</xmin>
			<xmax>430</xmax>
			<ymin>38</ymin>
			<ymax>384</ymax>
		</bndbox>
	</object>
</annotation>
