<annotation>
	<folder></folder>
	<filename>0314_jpg.rf.caaa1a1f07ee5b6266541b4d1890421b.jpg</filename>
	<path>0314_jpg.rf.caaa1a1f07ee5b6266541b4d1890421b.jpg</path>
	<source>
		<database>roboflow.ai</database>
	</source>
	<size>
		<width>512</width>
		<height>384</height>
		<depth>3</depth>
	</size>
	<segmented>0</segmented>
	<object>
		<name>Paper</name>
		<pose>Unspecified</pose>
		<truncated>0</truncated>
		<difficult>0</difficult>
		<occluded>0</occluded>
		<bndbox>
			<xmin>53</xmin>
			<xmax>406</xmax>
			<ymin>63</ymin>
			<ymax>344</ymax>
		</bndbox>
	</object>
</annotation>
