<annotation>
	<folder></folder>
	<filename>0315_jpg.rf.0f7b2c74abcf05d243b0aa2bc97eadb6.jpg</filename>
	<path>0315_jpg.rf.0f7b2c74abcf05d243b0aa2bc97eadb6.jpg</path>
	<source>
		<database>roboflow.ai</database>
	</source>
	<size>
		<width>512</width>
		<height>384</height>
		<depth>3</depth>
	</size>
	<segmented>0</segmented>
	<object>
		<name>Paper</name>
		<pose>Unspecified</pose>
		<truncated>0</truncated>
		<difficult>0</difficult>
		<occluded>0</occluded>
		<bndbox>
			<xmin>38</xmin>
			<xmax>488</xmax>
			<ymin>1</ymin>
			<ymax>369</ymax>
		</bndbox>
	</object>
</annotation>
