<annotation>
	<folder></folder>
	<filename>0317_jpg.rf.efad05962157e561e7fc87d66490ddff.jpg</filename>
	<path>0317_jpg.rf.efad05962157e561e7fc87d66490ddff.jpg</path>
	<source>
		<database>roboflow.ai</database>
	</source>
	<size>
		<width>512</width>
		<height>384</height>
		<depth>3</depth>
	</size>
	<segmented>0</segmented>
	<object>
		<name>Paper</name>
		<pose>Unspecified</pose>
		<truncated>0</truncated>
		<difficult>0</difficult>
		<occluded>0</occluded>
		<bndbox>
			<xmin>151</xmin>
			<xmax>391</xmax>
			<ymin>102</ymin>
			<ymax>298</ymax>
		</bndbox>
	</object>
</annotation>
