<annotation>
	<folder></folder>
	<filename>0318_jpg.rf.931a222029593538fcfc5d0d5654cf0c.jpg</filename>
	<path>0318_jpg.rf.931a222029593538fcfc5d0d5654cf0c.jpg</path>
	<source>
		<database>roboflow.ai</database>
	</source>
	<size>
		<width>512</width>
		<height>384</height>
		<depth>3</depth>
	</size>
	<segmented>0</segmented>
	<object>
		<name>Paper</name>
		<pose>Unspecified</pose>
		<truncated>0</truncated>
		<difficult>0</difficult>
		<occluded>0</occluded>
		<bndbox>
			<xmin>1</xmin>
			<xmax>451</xmax>
			<ymin>8</ymin>
			<ymax>384</ymax>
		</bndbox>
	</object>
</annotation>
