<annotation>
	<folder></folder>
	<filename>0321_jpg.rf.e7bbbbe61e93fcd4c3857a9c6798b5eb.jpg</filename>
	<path>0321_jpg.rf.e7bbbbe61e93fcd4c3857a9c6798b5eb.jpg</path>
	<source>
		<database>roboflow.ai</database>
	</source>
	<size>
		<width>512</width>
		<height>384</height>
		<depth>3</depth>
	</size>
	<segmented>0</segmented>
	<object>
		<name>Paper</name>
		<pose>Unspecified</pose>
		<truncated>0</truncated>
		<difficult>0</difficult>
		<occluded>0</occluded>
		<bndbox>
			<xmin>7</xmin>
			<xmax>412</xmax>
			<ymin>1</ymin>
			<ymax>349</ymax>
		</bndbox>
	</object>
</annotation>
