<annotation>
	<folder></folder>
	<filename>0323_jpg.rf.ed3ca6fdcada1e373f45b30bd22b46bc.jpg</filename>
	<path>0323_jpg.rf.ed3ca6fdcada1e373f45b30bd22b46bc.jpg</path>
	<source>
		<database>roboflow.ai</database>
	</source>
	<size>
		<width>512</width>
		<height>384</height>
		<depth>3</depth>
	</size>
	<segmented>0</segmented>
	<object>
		<name>Paper</name>
		<pose>Unspecified</pose>
		<truncated>0</truncated>
		<difficult>0</difficult>
		<occluded>0</occluded>
		<bndbox>
			<xmin>1</xmin>
			<xmax>476</xmax>
			<ymin>54</ymin>
			<ymax>360</ymax>
		</bndbox>
	</object>
</annotation>
