<annotation>
	<folder></folder>
	<filename>0324_jpg.rf.e3d77a5c0c04a900eca30ebe4ba91a21.jpg</filename>
	<path>0324_jpg.rf.e3d77a5c0c04a900eca30ebe4ba91a21.jpg</path>
	<source>
		<database>roboflow.ai</database>
	</source>
	<size>
		<width>512</width>
		<height>384</height>
		<depth>3</depth>
	</size>
	<segmented>0</segmented>
	<object>
		<name>Paper</name>
		<pose>Unspecified</pose>
		<truncated>0</truncated>
		<difficult>0</difficult>
		<occluded>0</occluded>
		<bndbox>
			<xmin>21</xmin>
			<xmax>495</xmax>
			<ymin>2</ymin>
			<ymax>384</ymax>
		</bndbox>
	</object>
</annotation>
