<annotation>
	<folder></folder>
	<filename>0325_jpg.rf.a4e8a5ee9214cd75db9950b622a863b7.jpg</filename>
	<path>0325_jpg.rf.a4e8a5ee9214cd75db9950b622a863b7.jpg</path>
	<source>
		<database>roboflow.ai</database>
	</source>
	<size>
		<width>512</width>
		<height>384</height>
		<depth>3</depth>
	</size>
	<segmented>0</segmented>
	<object>
		<name>Paper</name>
		<pose>Unspecified</pose>
		<truncated>0</truncated>
		<difficult>0</difficult>
		<occluded>0</occluded>
		<bndbox>
			<xmin>57</xmin>
			<xmax>444</xmax>
			<ymin>1</ymin>
			<ymax>372</ymax>
		</bndbox>
	</object>
</annotation>
