<annotation>
	<folder></folder>
	<filename>0326_jpg.rf.7e8d0e8acadae4b044d8c43145e5870b.jpg</filename>
	<path>0326_jpg.rf.7e8d0e8acadae4b044d8c43145e5870b.jpg</path>
	<source>
		<database>roboflow.ai</database>
	</source>
	<size>
		<width>512</width>
		<height>384</height>
		<depth>3</depth>
	</size>
	<segmented>0</segmented>
	<object>
		<name>Paper</name>
		<pose>Unspecified</pose>
		<truncated>0</truncated>
		<difficult>0</difficult>
		<occluded>0</occluded>
		<bndbox>
			<xmin>11</xmin>
			<xmax>377</xmax>
			<ymin>60</ymin>
			<ymax>323</ymax>
		</bndbox>
	</object>
</annotation>
