<annotation>
	<folder></folder>
	<filename>0327_jpg.rf.2926b814bdb88aa03dc7c701bf27aa50.jpg</filename>
	<path>0327_jpg.rf.2926b814bdb88aa03dc7c701bf27aa50.jpg</path>
	<source>
		<database>roboflow.ai</database>
	</source>
	<size>
		<width>512</width>
		<height>384</height>
		<depth>3</depth>
	</size>
	<segmented>0</segmented>
	<object>
		<name>Paper</name>
		<pose>Unspecified</pose>
		<truncated>0</truncated>
		<difficult>0</difficult>
		<occluded>0</occluded>
		<bndbox>
			<xmin>38</xmin>
			<xmax>463</xmax>
			<ymin>6</ymin>
			<ymax>379</ymax>
		</bndbox>
	</object>
</annotation>
