<annotation>
	<folder></folder>
	<filename>0328_jpg.rf.15417f2676002448bd5730b60761d0ac.jpg</filename>
	<path>0328_jpg.rf.15417f2676002448bd5730b60761d0ac.jpg</path>
	<source>
		<database>roboflow.ai</database>
	</source>
	<size>
		<width>512</width>
		<height>384</height>
		<depth>3</depth>
	</size>
	<segmented>0</segmented>
	<object>
		<name>Paper</name>
		<pose>Unspecified</pose>
		<truncated>0</truncated>
		<difficult>0</difficult>
		<occluded>0</occluded>
		<bndbox>
			<xmin>110</xmin>
			<xmax>424</xmax>
			<ymin>85</ymin>
			<ymax>312</ymax>
		</bndbox>
	</object>
</annotation>
