<annotation>
	<folder></folder>
	<filename>0329_jpg.rf.4422bddbc7c839d13efcc03cec372da2.jpg</filename>
	<path>0329_jpg.rf.4422bddbc7c839d13efcc03cec372da2.jpg</path>
	<source>
		<database>roboflow.ai</database>
	</source>
	<size>
		<width>512</width>
		<height>384</height>
		<depth>3</depth>
	</size>
	<segmented>0</segmented>
	<object>
		<name>Paper</name>
		<pose>Unspecified</pose>
		<truncated>0</truncated>
		<difficult>0</difficult>
		<occluded>0</occluded>
		<bndbox>
			<xmin>55</xmin>
			<xmax>426</xmax>
			<ymin>33</ymin>
			<ymax>350</ymax>
		</bndbox>
	</object>
</annotation>
