<annotation>
	<folder></folder>
	<filename>0330_jpg.rf.4c89930076ff9a1b60f1ecdb16b76e36.jpg</filename>
	<path>0330_jpg.rf.4c89930076ff9a1b60f1ecdb16b76e36.jpg</path>
	<source>
		<database>roboflow.ai</database>
	</source>
	<size>
		<width>512</width>
		<height>384</height>
		<depth>3</depth>
	</size>
	<segmented>0</segmented>
	<object>
		<name>Paper</name>
		<pose>Unspecified</pose>
		<truncated>0</truncated>
		<difficult>0</difficult>
		<occluded>0</occluded>
		<bndbox>
			<xmin>76</xmin>
			<xmax>379</xmax>
			<ymin>45</ymin>
			<ymax>346</ymax>
		</bndbox>
	</object>
</annotation>
