<annotation>
	<folder></folder>
	<filename>0332_jpg.rf.216c6a886e184aa976472facece80fbd.jpg</filename>
	<path>0332_jpg.rf.216c6a886e184aa976472facece80fbd.jpg</path>
	<source>
		<database>roboflow.ai</database>
	</source>
	<size>
		<width>512</width>
		<height>384</height>
		<depth>3</depth>
	</size>
	<segmented>0</segmented>
	<object>
		<name>Paper</name>
		<pose>Unspecified</pose>
		<truncated>0</truncated>
		<difficult>0</difficult>
		<occluded>0</occluded>
		<bndbox>
			<xmin>104</xmin>
			<xmax>390</xmax>
			<ymin>62</ymin>
			<ymax>358</ymax>
		</bndbox>
	</object>
</annotation>
