<annotation>
	<folder></folder>
	<filename>0333_jpg.rf.90d1e0b46cd6dbd2bb80d4bdf1bb0499.jpg</filename>
	<path>0333_jpg.rf.90d1e0b46cd6dbd2bb80d4bdf1bb0499.jpg</path>
	<source>
		<database>roboflow.ai</database>
	</source>
	<size>
		<width>512</width>
		<height>384</height>
		<depth>3</depth>
	</size>
	<segmented>0</segmented>
	<object>
		<name>Paper</name>
		<pose>Unspecified</pose>
		<truncated>0</truncated>
		<difficult>0</difficult>
		<occluded>0</occluded>
		<bndbox>
			<xmin>96</xmin>
			<xmax>395</xmax>
			<ymin>7</ymin>
			<ymax>384</ymax>
		</bndbox>
	</object>
</annotation>
