<annotation>
	<folder></folder>
	<filename>0337_jpg.rf.3ce61e30d444932611d6537fa75fe49f.jpg</filename>
	<path>0337_jpg.rf.3ce61e30d444932611d6537fa75fe49f.jpg</path>
	<source>
		<database>roboflow.ai</database>
	</source>
	<size>
		<width>512</width>
		<height>384</height>
		<depth>3</depth>
	</size>
	<segmented>0</segmented>
	<object>
		<name>Paper</name>
		<pose>Unspecified</pose>
		<truncated>0</truncated>
		<difficult>0</difficult>
		<occluded>0</occluded>
		<bndbox>
			<xmin>19</xmin>
			<xmax>438</xmax>
			<ymin>90</ymin>
			<ymax>334</ymax>
		</bndbox>
	</object>
</annotation>
