<annotation>
	<folder></folder>
	<filename>0339_jpg.rf.2795fa44a3da5f5e7bcde047effcdadc.jpg</filename>
	<path>0339_jpg.rf.2795fa44a3da5f5e7bcde047effcdadc.jpg</path>
	<source>
		<database>roboflow.ai</database>
	</source>
	<size>
		<width>512</width>
		<height>384</height>
		<depth>3</depth>
	</size>
	<segmented>0</segmented>
	<object>
		<name>Paper</name>
		<pose>Unspecified</pose>
		<truncated>0</truncated>
		<difficult>0</difficult>
		<occluded>0</occluded>
		<bndbox>
			<xmin>1</xmin>
			<xmax>361</xmax>
			<ymin>5</ymin>
			<ymax>378</ymax>
		</bndbox>
	</object>
</annotation>
