<annotation>
	<folder></folder>
	<filename>0340_jpg.rf.c2ca842d79fa35e1d044422680b506b9.jpg</filename>
	<path>0340_jpg.rf.c2ca842d79fa35e1d044422680b506b9.jpg</path>
	<source>
		<database>roboflow.ai</database>
	</source>
	<size>
		<width>512</width>
		<height>384</height>
		<depth>3</depth>
	</size>
	<segmented>0</segmented>
	<object>
		<name>Paper</name>
		<pose>Unspecified</pose>
		<truncated>0</truncated>
		<difficult>0</difficult>
		<occluded>0</occluded>
		<bndbox>
			<xmin>14</xmin>
			<xmax>510</xmax>
			<ymin>23</ymin>
			<ymax>382</ymax>
		</bndbox>
	</object>
</annotation>
