<annotation>
	<folder>simple_images</folder>
	<filename>0342.jpg</filename>
	<path>D:\A\S7project\simple_image_download-master\Example\simple_images\0342.jpg</path>
	<source>
		<database>Unknown</database>
	</source>
	<size>
		<width>512</width>
		<height>384</height>
		<depth>3</depth>
	</size>
	<segmented>0</segmented>
	<object>
		<name>Paper</name>
		<pose>Unspecified</pose>
		<truncated>1</truncated>
		<difficult>0</difficult>
		<bndbox>
			<xmin>46</xmin>
			<ymin>3</ymin>
			<xmax>392</xmax>
			<ymax>384</ymax>
		</bndbox>
	</object>
</annotation>
