<annotation>
	<folder></folder>
	<filename>0343_jpg.rf.2a06a80655a64d63d7f483c262342295.jpg</filename>
	<path>0343_jpg.rf.2a06a80655a64d63d7f483c262342295.jpg</path>
	<source>
		<database>roboflow.ai</database>
	</source>
	<size>
		<width>512</width>
		<height>384</height>
		<depth>3</depth>
	</size>
	<segmented>0</segmented>
	<object>
		<name>Paper</name>
		<pose>Unspecified</pose>
		<truncated>0</truncated>
		<difficult>0</difficult>
		<occluded>0</occluded>
		<bndbox>
			<xmin>164</xmin>
			<xmax>340</xmax>
			<ymin>16</ymin>
			<ymax>366</ymax>
		</bndbox>
	</object>
</annotation>
