<annotation>
	<folder></folder>
	<filename>0345_jpg.rf.baa50d892999c24838bd9e63de4d530e.jpg</filename>
	<path>0345_jpg.rf.baa50d892999c24838bd9e63de4d530e.jpg</path>
	<source>
		<database>roboflow.ai</database>
	</source>
	<size>
		<width>512</width>
		<height>384</height>
		<depth>3</depth>
	</size>
	<segmented>0</segmented>
	<object>
		<name>Paper</name>
		<pose>Unspecified</pose>
		<truncated>0</truncated>
		<difficult>0</difficult>
		<occluded>0</occluded>
		<bndbox>
			<xmin>73</xmin>
			<xmax>399</xmax>
			<ymin>51</ymin>
			<ymax>384</ymax>
		</bndbox>
	</object>
</annotation>
