<annotation>
	<folder></folder>
	<filename>0346_jpg.rf.ef3b037cd3180ab21c90b30c1d3b184d.jpg</filename>
	<path>0346_jpg.rf.ef3b037cd3180ab21c90b30c1d3b184d.jpg</path>
	<source>
		<database>roboflow.ai</database>
	</source>
	<size>
		<width>512</width>
		<height>384</height>
		<depth>3</depth>
	</size>
	<segmented>0</segmented>
	<object>
		<name>Paper</name>
		<pose>Unspecified</pose>
		<truncated>0</truncated>
		<difficult>0</difficult>
		<occluded>0</occluded>
		<bndbox>
			<xmin>1</xmin>
			<xmax>496</xmax>
			<ymin>1</ymin>
			<ymax>363</ymax>
		</bndbox>
	</object>
</annotation>
