<annotation>
	<folder></folder>
	<filename>0347_jpg.rf.52d4d8bc294880aac1a8f2898727a3cb.jpg</filename>
	<path>0347_jpg.rf.52d4d8bc294880aac1a8f2898727a3cb.jpg</path>
	<source>
		<database>roboflow.ai</database>
	</source>
	<size>
		<width>512</width>
		<height>384</height>
		<depth>3</depth>
	</size>
	<segmented>0</segmented>
	<object>
		<name>Paper</name>
		<pose>Unspecified</pose>
		<truncated>0</truncated>
		<difficult>0</difficult>
		<occluded>0</occluded>
		<bndbox>
			<xmin>36</xmin>
			<xmax>462</xmax>
			<ymin>6</ymin>
			<ymax>384</ymax>
		</bndbox>
	</object>
</annotation>
