<annotation>
	<folder></folder>
	<filename>0348_jpg.rf.0c73a0e154a0378a00b9865c9eb239d5.jpg</filename>
	<path>0348_jpg.rf.0c73a0e154a0378a00b9865c9eb239d5.jpg</path>
	<source>
		<database>roboflow.ai</database>
	</source>
	<size>
		<width>512</width>
		<height>384</height>
		<depth>3</depth>
	</size>
	<segmented>0</segmented>
	<object>
		<name>Paper</name>
		<pose>Unspecified</pose>
		<truncated>0</truncated>
		<difficult>0</difficult>
		<occluded>0</occluded>
		<bndbox>
			<xmin>1</xmin>
			<xmax>512</xmax>
			<ymin>120</ymin>
			<ymax>384</ymax>
		</bndbox>
	</object>
</annotation>
