<annotation>
	<folder></folder>
	<filename>0349_jpg.rf.09ef82568bc9df7a4e5233f6506dbffc.jpg</filename>
	<path>0349_jpg.rf.09ef82568bc9df7a4e5233f6506dbffc.jpg</path>
	<source>
		<database>roboflow.ai</database>
	</source>
	<size>
		<width>512</width>
		<height>384</height>
		<depth>3</depth>
	</size>
	<segmented>0</segmented>
	<object>
		<name>Paper</name>
		<pose>Unspecified</pose>
		<truncated>0</truncated>
		<difficult>0</difficult>
		<occluded>0</occluded>
		<bndbox>
			<xmin>17</xmin>
			<xmax>450</xmax>
			<ymin>56</ymin>
			<ymax>384</ymax>
		</bndbox>
	</object>
</annotation>
