<annotation>
	<folder></folder>
	<filename>0351_jpg.rf.2421b9d5c8db694b2c8f8d16aca5ac2a.jpg</filename>
	<path>0351_jpg.rf.2421b9d5c8db694b2c8f8d16aca5ac2a.jpg</path>
	<source>
		<database>roboflow.ai</database>
	</source>
	<size>
		<width>512</width>
		<height>384</height>
		<depth>3</depth>
	</size>
	<segmented>0</segmented>
	<object>
		<name>Paper</name>
		<pose>Unspecified</pose>
		<truncated>0</truncated>
		<difficult>0</difficult>
		<occluded>0</occluded>
		<bndbox>
			<xmin>16</xmin>
			<xmax>440</xmax>
			<ymin>79</ymin>
			<ymax>344</ymax>
		</bndbox>
	</object>
</annotation>
