<annotation>
	<folder></folder>
	<filename>0352_jpg.rf.a8578a98941c8fa335129d1d33670437.jpg</filename>
	<path>0352_jpg.rf.a8578a98941c8fa335129d1d33670437.jpg</path>
	<source>
		<database>roboflow.ai</database>
	</source>
	<size>
		<width>512</width>
		<height>384</height>
		<depth>3</depth>
	</size>
	<segmented>0</segmented>
	<object>
		<name>Paper</name>
		<pose>Unspecified</pose>
		<truncated>0</truncated>
		<difficult>0</difficult>
		<occluded>0</occluded>
		<bndbox>
			<xmin>36</xmin>
			<xmax>403</xmax>
			<ymin>104</ymin>
			<ymax>303</ymax>
		</bndbox>
	</object>
</annotation>
