<annotation>
	<folder></folder>
	<filename>0353_jpg.rf.4a0c549ec17ad5058f07cf6054f0f6b0.jpg</filename>
	<path>0353_jpg.rf.4a0c549ec17ad5058f07cf6054f0f6b0.jpg</path>
	<source>
		<database>roboflow.ai</database>
	</source>
	<size>
		<width>512</width>
		<height>384</height>
		<depth>3</depth>
	</size>
	<segmented>0</segmented>
	<object>
		<name>Paper</name>
		<pose>Unspecified</pose>
		<truncated>0</truncated>
		<difficult>0</difficult>
		<occluded>0</occluded>
		<bndbox>
			<xmin>1</xmin>
			<xmax>479</xmax>
			<ymin>8</ymin>
			<ymax>384</ymax>
		</bndbox>
	</object>
</annotation>
