<annotation>
	<folder></folder>
	<filename>0355_jpg.rf.8dd254e218564184a70c985a7575e655.jpg</filename>
	<path>0355_jpg.rf.8dd254e218564184a70c985a7575e655.jpg</path>
	<source>
		<database>roboflow.ai</database>
	</source>
	<size>
		<width>512</width>
		<height>384</height>
		<depth>3</depth>
	</size>
	<segmented>0</segmented>
	<object>
		<name>Paper</name>
		<pose>Unspecified</pose>
		<truncated>0</truncated>
		<difficult>0</difficult>
		<occluded>0</occluded>
		<bndbox>
			<xmin>31</xmin>
			<xmax>479</xmax>
			<ymin>36</ymin>
			<ymax>341</ymax>
		</bndbox>
	</object>
</annotation>
