<annotation>
	<folder></folder>
	<filename>0356_jpg.rf.726fcb9cbfffb4736b895b2332f351f3.jpg</filename>
	<path>0356_jpg.rf.726fcb9cbfffb4736b895b2332f351f3.jpg</path>
	<source>
		<database>roboflow.ai</database>
	</source>
	<size>
		<width>512</width>
		<height>384</height>
		<depth>3</depth>
	</size>
	<segmented>0</segmented>
	<object>
		<name>Paper</name>
		<pose>Unspecified</pose>
		<truncated>0</truncated>
		<difficult>0</difficult>
		<occluded>0</occluded>
		<bndbox>
			<xmin>50</xmin>
			<xmax>388</xmax>
			<ymin>2</ymin>
			<ymax>325</ymax>
		</bndbox>
	</object>
</annotation>
