<annotation>
	<folder></folder>
	<filename>0357_jpg.rf.31472f94f1d5d81752010e5669611ae7.jpg</filename>
	<path>0357_jpg.rf.31472f94f1d5d81752010e5669611ae7.jpg</path>
	<source>
		<database>roboflow.ai</database>
	</source>
	<size>
		<width>512</width>
		<height>384</height>
		<depth>3</depth>
	</size>
	<segmented>0</segmented>
	<object>
		<name>Paper</name>
		<pose>Unspecified</pose>
		<truncated>0</truncated>
		<difficult>0</difficult>
		<occluded>0</occluded>
		<bndbox>
			<xmin>27</xmin>
			<xmax>387</xmax>
			<ymin>79</ymin>
			<ymax>329</ymax>
		</bndbox>
	</object>
</annotation>
