<annotation>
	<folder></folder>
	<filename>0358_jpg.rf.cbe244413a26e3a107cda60cd027bf4e.jpg</filename>
	<path>0358_jpg.rf.cbe244413a26e3a107cda60cd027bf4e.jpg</path>
	<source>
		<database>roboflow.ai</database>
	</source>
	<size>
		<width>512</width>
		<height>384</height>
		<depth>3</depth>
	</size>
	<segmented>0</segmented>
	<object>
		<name>Paper</name>
		<pose>Unspecified</pose>
		<truncated>0</truncated>
		<difficult>0</difficult>
		<occluded>0</occluded>
		<bndbox>
			<xmin>54</xmin>
			<xmax>483</xmax>
			<ymin>13</ymin>
			<ymax>361</ymax>
		</bndbox>
	</object>
</annotation>
