<annotation>
	<folder></folder>
	<filename>0360_jpg.rf.0078f91986b91fd7d4c06c9759da3322.jpg</filename>
	<path>0360_jpg.rf.0078f91986b91fd7d4c06c9759da3322.jpg</path>
	<source>
		<database>roboflow.ai</database>
	</source>
	<size>
		<width>512</width>
		<height>384</height>
		<depth>3</depth>
	</size>
	<segmented>0</segmented>
	<object>
		<name>Paper</name>
		<pose>Unspecified</pose>
		<truncated>0</truncated>
		<difficult>0</difficult>
		<occluded>0</occluded>
		<bndbox>
			<xmin>9</xmin>
			<xmax>460</xmax>
			<ymin>68</ymin>
			<ymax>337</ymax>
		</bndbox>
	</object>
</annotation>
