<annotation>
	<folder></folder>
	<filename>0364_jpg.rf.fbea3e7a0b2bfcec008d0a132d54e723.jpg</filename>
	<path>0364_jpg.rf.fbea3e7a0b2bfcec008d0a132d54e723.jpg</path>
	<source>
		<database>roboflow.ai</database>
	</source>
	<size>
		<width>512</width>
		<height>384</height>
		<depth>3</depth>
	</size>
	<segmented>0</segmented>
	<object>
		<name>Paper</name>
		<pose>Unspecified</pose>
		<truncated>0</truncated>
		<difficult>0</difficult>
		<occluded>0</occluded>
		<bndbox>
			<xmin>1</xmin>
			<xmax>401</xmax>
			<ymin>57</ymin>
			<ymax>384</ymax>
		</bndbox>
	</object>
</annotation>
