<annotation>
	<folder></folder>
	<filename>0369_jpg.rf.b11814aa4e6ff37723c7b0741ae0114d.jpg</filename>
	<path>0369_jpg.rf.b11814aa4e6ff37723c7b0741ae0114d.jpg</path>
	<source>
		<database>roboflow.ai</database>
	</source>
	<size>
		<width>512</width>
		<height>384</height>
		<depth>3</depth>
	</size>
	<segmented>0</segmented>
	<object>
		<name>Paper</name>
		<pose>Unspecified</pose>
		<truncated>0</truncated>
		<difficult>0</difficult>
		<occluded>0</occluded>
		<bndbox>
			<xmin>140</xmin>
			<xmax>397</xmax>
			<ymin>84</ymin>
			<ymax>305</ymax>
		</bndbox>
	</object>
</annotation>
