<annotation>
	<folder></folder>
	<filename>0370_jpg.rf.b1db00ce9372ed84b1b584009c181b19.jpg</filename>
	<path>0370_jpg.rf.b1db00ce9372ed84b1b584009c181b19.jpg</path>
	<source>
		<database>roboflow.ai</database>
	</source>
	<size>
		<width>512</width>
		<height>384</height>
		<depth>3</depth>
	</size>
	<segmented>0</segmented>
	<object>
		<name>Paper</name>
		<pose>Unspecified</pose>
		<truncated>0</truncated>
		<difficult>0</difficult>
		<occluded>0</occluded>
		<bndbox>
			<xmin>1</xmin>
			<xmax>464</xmax>
			<ymin>24</ymin>
			<ymax>384</ymax>
		</bndbox>
	</object>
</annotation>
