<annotation>
	<folder></folder>
	<filename>0372_jpg.rf.b45dcab7a69d010e4dcadd5323d2e0f8.jpg</filename>
	<path>0372_jpg.rf.b45dcab7a69d010e4dcadd5323d2e0f8.jpg</path>
	<source>
		<database>roboflow.ai</database>
	</source>
	<size>
		<width>512</width>
		<height>384</height>
		<depth>3</depth>
	</size>
	<segmented>0</segmented>
	<object>
		<name>Paper</name>
		<pose>Unspecified</pose>
		<truncated>0</truncated>
		<difficult>0</difficult>
		<occluded>0</occluded>
		<bndbox>
			<xmin>1</xmin>
			<xmax>490</xmax>
			<ymin>13</ymin>
			<ymax>384</ymax>
		</bndbox>
	</object>
</annotation>
