<annotation>
	<folder></folder>
	<filename>0373_jpg.rf.384906152340e1e53ebebd4a91929504.jpg</filename>
	<path>0373_jpg.rf.384906152340e1e53ebebd4a91929504.jpg</path>
	<source>
		<database>roboflow.ai</database>
	</source>
	<size>
		<width>512</width>
		<height>384</height>
		<depth>3</depth>
	</size>
	<segmented>0</segmented>
	<object>
		<name>Paper</name>
		<pose>Unspecified</pose>
		<truncated>0</truncated>
		<difficult>0</difficult>
		<occluded>0</occluded>
		<bndbox>
			<xmin>1</xmin>
			<xmax>511</xmax>
			<ymin>4</ymin>
			<ymax>384</ymax>
		</bndbox>
	</object>
</annotation>
