<annotation>
	<folder></folder>
	<filename>0374_jpg.rf.d03dbb2c7c9e1bde8c49e1bcf23805d6.jpg</filename>
	<path>0374_jpg.rf.d03dbb2c7c9e1bde8c49e1bcf23805d6.jpg</path>
	<source>
		<database>roboflow.ai</database>
	</source>
	<size>
		<width>512</width>
		<height>384</height>
		<depth>3</depth>
	</size>
	<segmented>0</segmented>
	<object>
		<name>Paper</name>
		<pose>Unspecified</pose>
		<truncated>0</truncated>
		<difficult>0</difficult>
		<occluded>0</occluded>
		<bndbox>
			<xmin>71</xmin>
			<xmax>434</xmax>
			<ymin>13</ymin>
			<ymax>379</ymax>
		</bndbox>
	</object>
</annotation>
