<annotation>
	<folder></folder>
	<filename>0376_jpg.rf.e4c23b3b3df13b9d41294e7025da1d1c.jpg</filename>
	<path>0376_jpg.rf.e4c23b3b3df13b9d41294e7025da1d1c.jpg</path>
	<source>
		<database>roboflow.ai</database>
	</source>
	<size>
		<width>512</width>
		<height>384</height>
		<depth>3</depth>
	</size>
	<segmented>0</segmented>
	<object>
		<name>Paper</name>
		<pose>Unspecified</pose>
		<truncated>0</truncated>
		<difficult>0</difficult>
		<occluded>0</occluded>
		<bndbox>
			<xmin>155</xmin>
			<xmax>319</xmax>
			<ymin>74</ymin>
			<ymax>277</ymax>
		</bndbox>
	</object>
</annotation>
