<annotation>
	<folder></folder>
	<filename>0377_jpg.rf.07ad559cadb5067317673b15c2620490.jpg</filename>
	<path>0377_jpg.rf.07ad559cadb5067317673b15c2620490.jpg</path>
	<source>
		<database>roboflow.ai</database>
	</source>
	<size>
		<width>512</width>
		<height>384</height>
		<depth>3</depth>
	</size>
	<segmented>0</segmented>
	<object>
		<name>Paper</name>
		<pose>Unspecified</pose>
		<truncated>0</truncated>
		<difficult>0</difficult>
		<occluded>0</occluded>
		<bndbox>
			<xmin>43</xmin>
			<xmax>467</xmax>
			<ymin>56</ymin>
			<ymax>355</ymax>
		</bndbox>
	</object>
</annotation>
