<annotation>
	<folder></folder>
	<filename>0378_jpg.rf.47d99a89e4af3360817b0ec5fd7fac77.jpg</filename>
	<path>0378_jpg.rf.47d99a89e4af3360817b0ec5fd7fac77.jpg</path>
	<source>
		<database>roboflow.ai</database>
	</source>
	<size>
		<width>512</width>
		<height>384</height>
		<depth>3</depth>
	</size>
	<segmented>0</segmented>
	<object>
		<name>Paper</name>
		<pose>Unspecified</pose>
		<truncated>0</truncated>
		<difficult>0</difficult>
		<occluded>0</occluded>
		<bndbox>
			<xmin>1</xmin>
			<xmax>476</xmax>
			<ymin>1</ymin>
			<ymax>384</ymax>
		</bndbox>
	</object>
</annotation>
