<annotation>
	<folder></folder>
	<filename>0379_jpg.rf.8b7629a8050e018e31422553a08ee256.jpg</filename>
	<path>0379_jpg.rf.8b7629a8050e018e31422553a08ee256.jpg</path>
	<source>
		<database>roboflow.ai</database>
	</source>
	<size>
		<width>512</width>
		<height>384</height>
		<depth>3</depth>
	</size>
	<segmented>0</segmented>
	<object>
		<name>Paper</name>
		<pose>Unspecified</pose>
		<truncated>0</truncated>
		<difficult>0</difficult>
		<occluded>0</occluded>
		<bndbox>
			<xmin>48</xmin>
			<xmax>432</xmax>
			<ymin>15</ymin>
			<ymax>372</ymax>
		</bndbox>
	</object>
</annotation>
