<annotation>
	<folder></folder>
	<filename>0384_jpg.rf.4c2aee35658b7c9f292399e9bba51974.jpg</filename>
	<path>0384_jpg.rf.4c2aee35658b7c9f292399e9bba51974.jpg</path>
	<source>
		<database>roboflow.ai</database>
	</source>
	<size>
		<width>512</width>
		<height>384</height>
		<depth>3</depth>
	</size>
	<segmented>0</segmented>
	<object>
		<name>Paper</name>
		<pose>Unspecified</pose>
		<truncated>0</truncated>
		<difficult>0</difficult>
		<occluded>0</occluded>
		<bndbox>
			<xmin>43</xmin>
			<xmax>452</xmax>
			<ymin>71</ymin>
			<ymax>297</ymax>
		</bndbox>
	</object>
</annotation>
