<annotation>
	<folder></folder>
	<filename>0385_jpg.rf.ef1076ef4fe64b7043aac2dc3a257a32.jpg</filename>
	<path>0385_jpg.rf.ef1076ef4fe64b7043aac2dc3a257a32.jpg</path>
	<source>
		<database>roboflow.ai</database>
	</source>
	<size>
		<width>512</width>
		<height>384</height>
		<depth>3</depth>
	</size>
	<segmented>0</segmented>
	<object>
		<name>Paper</name>
		<pose>Unspecified</pose>
		<truncated>0</truncated>
		<difficult>0</difficult>
		<occluded>0</occluded>
		<bndbox>
			<xmin>52</xmin>
			<xmax>392</xmax>
			<ymin>45</ymin>
			<ymax>325</ymax>
		</bndbox>
	</object>
</annotation>
