<annotation>
	<folder></folder>
	<filename>0386_jpg.rf.f0841c2d9bd78efa5900d1537905c79b.jpg</filename>
	<path>0386_jpg.rf.f0841c2d9bd78efa5900d1537905c79b.jpg</path>
	<source>
		<database>roboflow.ai</database>
	</source>
	<size>
		<width>512</width>
		<height>384</height>
		<depth>3</depth>
	</size>
	<segmented>0</segmented>
	<object>
		<name>Paper</name>
		<pose>Unspecified</pose>
		<truncated>0</truncated>
		<difficult>0</difficult>
		<occluded>0</occluded>
		<bndbox>
			<xmin>1</xmin>
			<xmax>510</xmax>
			<ymin>2</ymin>
			<ymax>384</ymax>
		</bndbox>
	</object>
</annotation>
