<annotation>
	<folder></folder>
	<filename>0387_jpg.rf.6c60e4700477d6a4cda668efd62d05ec.jpg</filename>
	<path>0387_jpg.rf.6c60e4700477d6a4cda668efd62d05ec.jpg</path>
	<source>
		<database>roboflow.ai</database>
	</source>
	<size>
		<width>512</width>
		<height>384</height>
		<depth>3</depth>
	</size>
	<segmented>0</segmented>
	<object>
		<name>Paper</name>
		<pose>Unspecified</pose>
		<truncated>0</truncated>
		<difficult>0</difficult>
		<occluded>0</occluded>
		<bndbox>
			<xmin>67</xmin>
			<xmax>395</xmax>
			<ymin>38</ymin>
			<ymax>335</ymax>
		</bndbox>
	</object>
</annotation>
