<annotation>
	<folder></folder>
	<filename>0388_jpg.rf.b7c6cdcac5e2795d2a5b4633b488a738.jpg</filename>
	<path>0388_jpg.rf.b7c6cdcac5e2795d2a5b4633b488a738.jpg</path>
	<source>
		<database>roboflow.ai</database>
	</source>
	<size>
		<width>512</width>
		<height>384</height>
		<depth>3</depth>
	</size>
	<segmented>0</segmented>
	<object>
		<name>Paper</name>
		<pose>Unspecified</pose>
		<truncated>0</truncated>
		<difficult>0</difficult>
		<occluded>0</occluded>
		<bndbox>
			<xmin>8</xmin>
			<xmax>512</xmax>
			<ymin>111</ymin>
			<ymax>384</ymax>
		</bndbox>
	</object>
</annotation>
