<annotation>
	<folder></folder>
	<filename>0391_jpg.rf.e262d41cede3b5d482d43b933336313d.jpg</filename>
	<path>0391_jpg.rf.e262d41cede3b5d482d43b933336313d.jpg</path>
	<source>
		<database>roboflow.ai</database>
	</source>
	<size>
		<width>512</width>
		<height>384</height>
		<depth>3</depth>
	</size>
	<segmented>0</segmented>
	<object>
		<name>Paper</name>
		<pose>Unspecified</pose>
		<truncated>0</truncated>
		<difficult>0</difficult>
		<occluded>0</occluded>
		<bndbox>
			<xmin>71</xmin>
			<xmax>506</xmax>
			<ymin>1</ymin>
			<ymax>353</ymax>
		</bndbox>
	</object>
</annotation>
