<annotation>
	<folder></folder>
	<filename>0392_jpg.rf.89754932561ccfe4949dd312719b6ccb.jpg</filename>
	<path>0392_jpg.rf.89754932561ccfe4949dd312719b6ccb.jpg</path>
	<source>
		<database>roboflow.ai</database>
	</source>
	<size>
		<width>512</width>
		<height>384</height>
		<depth>3</depth>
	</size>
	<segmented>0</segmented>
	<object>
		<name>Paper</name>
		<pose>Unspecified</pose>
		<truncated>0</truncated>
		<difficult>0</difficult>
		<occluded>0</occluded>
		<bndbox>
			<xmin>22</xmin>
			<xmax>404</xmax>
			<ymin>32</ymin>
			<ymax>351</ymax>
		</bndbox>
	</object>
</annotation>
