<annotation>
	<folder></folder>
	<filename>0393_jpg.rf.0a2f05a93bb7f73cc458d8ffcc2d6de0.jpg</filename>
	<path>0393_jpg.rf.0a2f05a93bb7f73cc458d8ffcc2d6de0.jpg</path>
	<source>
		<database>roboflow.ai</database>
	</source>
	<size>
		<width>512</width>
		<height>384</height>
		<depth>3</depth>
	</size>
	<segmented>0</segmented>
	<object>
		<name>Paper</name>
		<pose>Unspecified</pose>
		<truncated>0</truncated>
		<difficult>0</difficult>
		<occluded>0</occluded>
		<bndbox>
			<xmin>5</xmin>
			<xmax>474</xmax>
			<ymin>40</ymin>
			<ymax>384</ymax>
		</bndbox>
	</object>
</annotation>
