<annotation>
	<folder></folder>
	<filename>0394_jpg.rf.333d58d902aea331496c255b65949d7e.jpg</filename>
	<path>0394_jpg.rf.333d58d902aea331496c255b65949d7e.jpg</path>
	<source>
		<database>roboflow.ai</database>
	</source>
	<size>
		<width>512</width>
		<height>384</height>
		<depth>3</depth>
	</size>
	<segmented>0</segmented>
	<object>
		<name>Paper</name>
		<pose>Unspecified</pose>
		<truncated>0</truncated>
		<difficult>0</difficult>
		<occluded>0</occluded>
		<bndbox>
			<xmin>68</xmin>
			<xmax>466</xmax>
			<ymin>19</ymin>
			<ymax>322</ymax>
		</bndbox>
	</object>
</annotation>
