<annotation>
	<folder></folder>
	<filename>0395_jpg.rf.973f1713fa9bb2a8f63e330370bd4ae9.jpg</filename>
	<path>0395_jpg.rf.973f1713fa9bb2a8f63e330370bd4ae9.jpg</path>
	<source>
		<database>roboflow.ai</database>
	</source>
	<size>
		<width>512</width>
		<height>384</height>
		<depth>3</depth>
	</size>
	<segmented>0</segmented>
	<object>
		<name>Paper</name>
		<pose>Unspecified</pose>
		<truncated>0</truncated>
		<difficult>0</difficult>
		<occluded>0</occluded>
		<bndbox>
			<xmin>167</xmin>
			<xmax>361</xmax>
			<ymin>87</ymin>
			<ymax>319</ymax>
		</bndbox>
	</object>
</annotation>
