<annotation>
	<folder></folder>
	<filename>0396_jpg.rf.c48adab71a2a93d1206d025a4969f845.jpg</filename>
	<path>0396_jpg.rf.c48adab71a2a93d1206d025a4969f845.jpg</path>
	<source>
		<database>roboflow.ai</database>
	</source>
	<size>
		<width>512</width>
		<height>384</height>
		<depth>3</depth>
	</size>
	<segmented>0</segmented>
	<object>
		<name>Paper</name>
		<pose>Unspecified</pose>
		<truncated>0</truncated>
		<difficult>0</difficult>
		<occluded>0</occluded>
		<bndbox>
			<xmin>1</xmin>
			<xmax>512</xmax>
			<ymin>1</ymin>
			<ymax>367</ymax>
		</bndbox>
	</object>
</annotation>
