<annotation>
	<folder></folder>
	<filename>0397_jpg.rf.88df614d4d5234a5dcb1071bb7698564.jpg</filename>
	<path>0397_jpg.rf.88df614d4d5234a5dcb1071bb7698564.jpg</path>
	<source>
		<database>roboflow.ai</database>
	</source>
	<size>
		<width>512</width>
		<height>384</height>
		<depth>3</depth>
	</size>
	<segmented>0</segmented>
	<object>
		<name>Paper</name>
		<pose>Unspecified</pose>
		<truncated>0</truncated>
		<difficult>0</difficult>
		<occluded>0</occluded>
		<bndbox>
			<xmin>1</xmin>
			<xmax>508</xmax>
			<ymin>3</ymin>
			<ymax>384</ymax>
		</bndbox>
	</object>
</annotation>
