<annotation>
	<folder></folder>
	<filename>0398_jpg.rf.d63fb2079a7632770a79205966e782d5.jpg</filename>
	<path>0398_jpg.rf.d63fb2079a7632770a79205966e782d5.jpg</path>
	<source>
		<database>roboflow.ai</database>
	</source>
	<size>
		<width>512</width>
		<height>384</height>
		<depth>3</depth>
	</size>
	<segmented>0</segmented>
	<object>
		<name>Paper</name>
		<pose>Unspecified</pose>
		<truncated>0</truncated>
		<difficult>0</difficult>
		<occluded>0</occluded>
		<bndbox>
			<xmin>41</xmin>
			<xmax>432</xmax>
			<ymin>40</ymin>
			<ymax>374</ymax>
		</bndbox>
	</object>
</annotation>
