<annotation>
	<folder></folder>
	<filename>0401_jpg.rf.4a04e4b4372d130062c67309f099b4c5.jpg</filename>
	<path>0401_jpg.rf.4a04e4b4372d130062c67309f099b4c5.jpg</path>
	<source>
		<database>roboflow.ai</database>
	</source>
	<size>
		<width>512</width>
		<height>384</height>
		<depth>3</depth>
	</size>
	<segmented>0</segmented>
	<object>
		<name>Paper</name>
		<pose>Unspecified</pose>
		<truncated>0</truncated>
		<difficult>0</difficult>
		<occluded>0</occluded>
		<bndbox>
			<xmin>1</xmin>
			<xmax>503</xmax>
			<ymin>1</ymin>
			<ymax>375</ymax>
		</bndbox>
	</object>
</annotation>
