<annotation>
	<folder></folder>
	<filename>0403_jpg.rf.5cd5238a93ab2ae9cfbaedeeb073c04b.jpg</filename>
	<path>0403_jpg.rf.5cd5238a93ab2ae9cfbaedeeb073c04b.jpg</path>
	<source>
		<database>roboflow.ai</database>
	</source>
	<size>
		<width>512</width>
		<height>384</height>
		<depth>3</depth>
	</size>
	<segmented>0</segmented>
	<object>
		<name>Paper</name>
		<pose>Unspecified</pose>
		<truncated>0</truncated>
		<difficult>0</difficult>
		<occluded>0</occluded>
		<bndbox>
			<xmin>1</xmin>
			<xmax>478</xmax>
			<ymin>92</ymin>
			<ymax>384</ymax>
		</bndbox>
	</object>
</annotation>
