<annotation>
	<folder></folder>
	<filename>0405_jpg.rf.82a79c71a7d9f6065405a1127300c781.jpg</filename>
	<path>0405_jpg.rf.82a79c71a7d9f6065405a1127300c781.jpg</path>
	<source>
		<database>roboflow.ai</database>
	</source>
	<size>
		<width>512</width>
		<height>384</height>
		<depth>3</depth>
	</size>
	<segmented>0</segmented>
	<object>
		<name>Paper</name>
		<pose>Unspecified</pose>
		<truncated>0</truncated>
		<difficult>0</difficult>
		<occluded>0</occluded>
		<bndbox>
			<xmin>24</xmin>
			<xmax>512</xmax>
			<ymin>109</ymin>
			<ymax>384</ymax>
		</bndbox>
	</object>
</annotation>
