<annotation>
	<folder></folder>
	<filename>0408_jpg.rf.356294771b4e04d47c716cde96c755b4.jpg</filename>
	<path>0408_jpg.rf.356294771b4e04d47c716cde96c755b4.jpg</path>
	<source>
		<database>roboflow.ai</database>
	</source>
	<size>
		<width>512</width>
		<height>384</height>
		<depth>3</depth>
	</size>
	<segmented>0</segmented>
	<object>
		<name>Paper</name>
		<pose>Unspecified</pose>
		<truncated>0</truncated>
		<difficult>0</difficult>
		<occluded>0</occluded>
		<bndbox>
			<xmin>94</xmin>
			<xmax>445</xmax>
			<ymin>36</ymin>
			<ymax>382</ymax>
		</bndbox>
	</object>
</annotation>
