<annotation>
	<folder></folder>
	<filename>0409_jpg.rf.e9eba1980ae5b4305546683e4d9a1f80.jpg</filename>
	<path>0409_jpg.rf.e9eba1980ae5b4305546683e4d9a1f80.jpg</path>
	<source>
		<database>roboflow.ai</database>
	</source>
	<size>
		<width>512</width>
		<height>384</height>
		<depth>3</depth>
	</size>
	<segmented>0</segmented>
	<object>
		<name>Paper</name>
		<pose>Unspecified</pose>
		<truncated>0</truncated>
		<difficult>0</difficult>
		<occluded>0</occluded>
		<bndbox>
			<xmin>1</xmin>
			<xmax>467</xmax>
			<ymin>12</ymin>
			<ymax>384</ymax>
		</bndbox>
	</object>
</annotation>
