<annotation>
	<folder></folder>
	<filename>0410_jpg.rf.b5370a612a4fefadae482e098db66948.jpg</filename>
	<path>0410_jpg.rf.b5370a612a4fefadae482e098db66948.jpg</path>
	<source>
		<database>roboflow.ai</database>
	</source>
	<size>
		<width>512</width>
		<height>384</height>
		<depth>3</depth>
	</size>
	<segmented>0</segmented>
	<object>
		<name>Paper</name>
		<pose>Unspecified</pose>
		<truncated>0</truncated>
		<difficult>0</difficult>
		<occluded>0</occluded>
		<bndbox>
			<xmin>22</xmin>
			<xmax>423</xmax>
			<ymin>92</ymin>
			<ymax>353</ymax>
		</bndbox>
	</object>
</annotation>
