<annotation>
	<folder></folder>
	<filename>0411_jpg.rf.32f5d2234298b72c15dc1f865b93346d.jpg</filename>
	<path>0411_jpg.rf.32f5d2234298b72c15dc1f865b93346d.jpg</path>
	<source>
		<database>roboflow.ai</database>
	</source>
	<size>
		<width>512</width>
		<height>384</height>
		<depth>3</depth>
	</size>
	<segmented>0</segmented>
	<object>
		<name>Paper</name>
		<pose>Unspecified</pose>
		<truncated>0</truncated>
		<difficult>0</difficult>
		<occluded>0</occluded>
		<bndbox>
			<xmin>1</xmin>
			<xmax>397</xmax>
			<ymin>12</ymin>
			<ymax>384</ymax>
		</bndbox>
	</object>
</annotation>
