<annotation>
	<folder></folder>
	<filename>0413_jpg.rf.9b53ad631bec16b6d0d13a7c9bc40be9.jpg</filename>
	<path>0413_jpg.rf.9b53ad631bec16b6d0d13a7c9bc40be9.jpg</path>
	<source>
		<database>roboflow.ai</database>
	</source>
	<size>
		<width>512</width>
		<height>384</height>
		<depth>3</depth>
	</size>
	<segmented>0</segmented>
	<object>
		<name>Paper</name>
		<pose>Unspecified</pose>
		<truncated>0</truncated>
		<difficult>0</difficult>
		<occluded>0</occluded>
		<bndbox>
			<xmin>56</xmin>
			<xmax>434</xmax>
			<ymin>23</ymin>
			<ymax>345</ymax>
		</bndbox>
	</object>
</annotation>
