<annotation>
	<folder></folder>
	<filename>0415_jpg.rf.806b8217e0ee22bbc200dbb3c18b4846.jpg</filename>
	<path>0415_jpg.rf.806b8217e0ee22bbc200dbb3c18b4846.jpg</path>
	<source>
		<database>roboflow.ai</database>
	</source>
	<size>
		<width>512</width>
		<height>384</height>
		<depth>3</depth>
	</size>
	<segmented>0</segmented>
	<object>
		<name>Paper</name>
		<pose>Unspecified</pose>
		<truncated>0</truncated>
		<difficult>0</difficult>
		<occluded>0</occluded>
		<bndbox>
			<xmin>136</xmin>
			<xmax>409</xmax>
			<ymin>31</ymin>
			<ymax>369</ymax>
		</bndbox>
	</object>
</annotation>
