<annotation>
	<folder></folder>
	<filename>0417_jpg.rf.97b5426e506ccb33c1415e7f15e0ea22.jpg</filename>
	<path>0417_jpg.rf.97b5426e506ccb33c1415e7f15e0ea22.jpg</path>
	<source>
		<database>roboflow.ai</database>
	</source>
	<size>
		<width>512</width>
		<height>384</height>
		<depth>3</depth>
	</size>
	<segmented>0</segmented>
	<object>
		<name>Paper</name>
		<pose>Unspecified</pose>
		<truncated>0</truncated>
		<difficult>0</difficult>
		<occluded>0</occluded>
		<bndbox>
			<xmin>64</xmin>
			<xmax>430</xmax>
			<ymin>63</ymin>
			<ymax>323</ymax>
		</bndbox>
	</object>
</annotation>
