<annotation>
	<folder></folder>
	<filename>0419_jpg.rf.8e51a98d40a25b75e20a5fb3c708b500.jpg</filename>
	<path>0419_jpg.rf.8e51a98d40a25b75e20a5fb3c708b500.jpg</path>
	<source>
		<database>roboflow.ai</database>
	</source>
	<size>
		<width>512</width>
		<height>384</height>
		<depth>3</depth>
	</size>
	<segmented>0</segmented>
	<object>
		<name>Paper</name>
		<pose>Unspecified</pose>
		<truncated>0</truncated>
		<difficult>0</difficult>
		<occluded>0</occluded>
		<bndbox>
			<xmin>22</xmin>
			<xmax>471</xmax>
			<ymin>8</ymin>
			<ymax>360</ymax>
		</bndbox>
	</object>
</annotation>
