<annotation>
	<folder></folder>
	<filename>0420_jpg.rf.58ca3ff8138232d0c86d8c31ea492aec.jpg</filename>
	<path>0420_jpg.rf.58ca3ff8138232d0c86d8c31ea492aec.jpg</path>
	<source>
		<database>roboflow.ai</database>
	</source>
	<size>
		<width>512</width>
		<height>384</height>
		<depth>3</depth>
	</size>
	<segmented>0</segmented>
	<object>
		<name>Paper</name>
		<pose>Unspecified</pose>
		<truncated>0</truncated>
		<difficult>0</difficult>
		<occluded>0</occluded>
		<bndbox>
			<xmin>25</xmin>
			<xmax>429</xmax>
			<ymin>11</ymin>
			<ymax>352</ymax>
		</bndbox>
	</object>
</annotation>
