<annotation>
	<folder></folder>
	<filename>0421_jpg.rf.6ebbe1f075faa943c326af6d4f683580.jpg</filename>
	<path>0421_jpg.rf.6ebbe1f075faa943c326af6d4f683580.jpg</path>
	<source>
		<database>roboflow.ai</database>
	</source>
	<size>
		<width>512</width>
		<height>384</height>
		<depth>3</depth>
	</size>
	<segmented>0</segmented>
	<object>
		<name>Paper</name>
		<pose>Unspecified</pose>
		<truncated>0</truncated>
		<difficult>0</difficult>
		<occluded>0</occluded>
		<bndbox>
			<xmin>3</xmin>
			<xmax>512</xmax>
			<ymin>5</ymin>
			<ymax>376</ymax>
		</bndbox>
	</object>
</annotation>
