<annotation>
	<folder></folder>
	<filename>0422_jpg.rf.7f6848541b6de52e82544f227c5d1473.jpg</filename>
	<path>0422_jpg.rf.7f6848541b6de52e82544f227c5d1473.jpg</path>
	<source>
		<database>roboflow.ai</database>
	</source>
	<size>
		<width>512</width>
		<height>384</height>
		<depth>3</depth>
	</size>
	<segmented>0</segmented>
	<object>
		<name>Paper</name>
		<pose>Unspecified</pose>
		<truncated>0</truncated>
		<difficult>0</difficult>
		<occluded>0</occluded>
		<bndbox>
			<xmin>81</xmin>
			<xmax>400</xmax>
			<ymin>33</ymin>
			<ymax>363</ymax>
		</bndbox>
	</object>
</annotation>
