<annotation>
	<folder></folder>
	<filename>0423_jpg.rf.503ccb885d2412dcff0b3c513ccadfee.jpg</filename>
	<path>0423_jpg.rf.503ccb885d2412dcff0b3c513ccadfee.jpg</path>
	<source>
		<database>roboflow.ai</database>
	</source>
	<size>
		<width>512</width>
		<height>384</height>
		<depth>3</depth>
	</size>
	<segmented>0</segmented>
	<object>
		<name>Paper</name>
		<pose>Unspecified</pose>
		<truncated>0</truncated>
		<difficult>0</difficult>
		<occluded>0</occluded>
		<bndbox>
			<xmin>73</xmin>
			<xmax>494</xmax>
			<ymin>38</ymin>
			<ymax>371</ymax>
		</bndbox>
	</object>
</annotation>
