<annotation>
	<folder></folder>
	<filename>0425_jpg.rf.7f6248a9774340690fd4692f845c7151.jpg</filename>
	<path>0425_jpg.rf.7f6248a9774340690fd4692f845c7151.jpg</path>
	<source>
		<database>roboflow.ai</database>
	</source>
	<size>
		<width>512</width>
		<height>384</height>
		<depth>3</depth>
	</size>
	<segmented>0</segmented>
	<object>
		<name>Paper</name>
		<pose>Unspecified</pose>
		<truncated>0</truncated>
		<difficult>0</difficult>
		<occluded>0</occluded>
		<bndbox>
			<xmin>12</xmin>
			<xmax>462</xmax>
			<ymin>8</ymin>
			<ymax>347</ymax>
		</bndbox>
	</object>
</annotation>
