<annotation>
	<folder></folder>
	<filename>0427_jpg.rf.7316181ef98a2d92b9325934ff6f8088.jpg</filename>
	<path>0427_jpg.rf.7316181ef98a2d92b9325934ff6f8088.jpg</path>
	<source>
		<database>roboflow.ai</database>
	</source>
	<size>
		<width>512</width>
		<height>384</height>
		<depth>3</depth>
	</size>
	<segmented>0</segmented>
	<object>
		<name>Paper</name>
		<pose>Unspecified</pose>
		<truncated>0</truncated>
		<difficult>0</difficult>
		<occluded>0</occluded>
		<bndbox>
			<xmin>138</xmin>
			<xmax>344</xmax>
			<ymin>16</ymin>
			<ymax>303</ymax>
		</bndbox>
	</object>
</annotation>
