<annotation>
	<folder></folder>
	<filename>0429_jpg.rf.eabbf57d3b3d2ff139fffa9e6a12fcc3.jpg</filename>
	<path>0429_jpg.rf.eabbf57d3b3d2ff139fffa9e6a12fcc3.jpg</path>
	<source>
		<database>roboflow.ai</database>
	</source>
	<size>
		<width>512</width>
		<height>384</height>
		<depth>3</depth>
	</size>
	<segmented>0</segmented>
	<object>
		<name>Paper</name>
		<pose>Unspecified</pose>
		<truncated>0</truncated>
		<difficult>0</difficult>
		<occluded>0</occluded>
		<bndbox>
			<xmin>1</xmin>
			<xmax>414</xmax>
			<ymin>6</ymin>
			<ymax>384</ymax>
		</bndbox>
	</object>
</annotation>
