<annotation>
	<folder></folder>
	<filename>0430_jpg.rf.9485b7756ba4fc89268dc87458f9a0a0.jpg</filename>
	<path>0430_jpg.rf.9485b7756ba4fc89268dc87458f9a0a0.jpg</path>
	<source>
		<database>roboflow.ai</database>
	</source>
	<size>
		<width>512</width>
		<height>384</height>
		<depth>3</depth>
	</size>
	<segmented>0</segmented>
	<object>
		<name>Paper</name>
		<pose>Unspecified</pose>
		<truncated>0</truncated>
		<difficult>0</difficult>
		<occluded>0</occluded>
		<bndbox>
			<xmin>2</xmin>
			<xmax>502</xmax>
			<ymin>19</ymin>
			<ymax>352</ymax>
		</bndbox>
	</object>
</annotation>
