<annotation>
	<folder></folder>
	<filename>0431_jpg.rf.c7f3e654e9cf3f07721bb972866d7d0f.jpg</filename>
	<path>0431_jpg.rf.c7f3e654e9cf3f07721bb972866d7d0f.jpg</path>
	<source>
		<database>roboflow.ai</database>
	</source>
	<size>
		<width>512</width>
		<height>384</height>
		<depth>3</depth>
	</size>
	<segmented>0</segmented>
	<object>
		<name>Paper</name>
		<pose>Unspecified</pose>
		<truncated>0</truncated>
		<difficult>0</difficult>
		<occluded>0</occluded>
		<bndbox>
			<xmin>23</xmin>
			<xmax>431</xmax>
			<ymin>9</ymin>
			<ymax>384</ymax>
		</bndbox>
	</object>
</annotation>
