<annotation>
	<folder></folder>
	<filename>0432_jpg.rf.be83572b0174decc0cf4c0f1ea852520.jpg</filename>
	<path>0432_jpg.rf.be83572b0174decc0cf4c0f1ea852520.jpg</path>
	<source>
		<database>roboflow.ai</database>
	</source>
	<size>
		<width>512</width>
		<height>384</height>
		<depth>3</depth>
	</size>
	<segmented>0</segmented>
	<object>
		<name>Paper</name>
		<pose>Unspecified</pose>
		<truncated>0</truncated>
		<difficult>0</difficult>
		<occluded>0</occluded>
		<bndbox>
			<xmin>103</xmin>
			<xmax>388</xmax>
			<ymin>68</ymin>
			<ymax>351</ymax>
		</bndbox>
	</object>
</annotation>
