<annotation>
	<folder></folder>
	<filename>0433_jpg.rf.324dd3d945ef6e28a1fc66a212cf972e.jpg</filename>
	<path>0433_jpg.rf.324dd3d945ef6e28a1fc66a212cf972e.jpg</path>
	<source>
		<database>roboflow.ai</database>
	</source>
	<size>
		<width>512</width>
		<height>384</height>
		<depth>3</depth>
	</size>
	<segmented>0</segmented>
	<object>
		<name>Paper</name>
		<pose>Unspecified</pose>
		<truncated>0</truncated>
		<difficult>0</difficult>
		<occluded>0</occluded>
		<bndbox>
			<xmin>3</xmin>
			<xmax>498</xmax>
			<ymin>7</ymin>
			<ymax>369</ymax>
		</bndbox>
	</object>
</annotation>
