<annotation>
	<folder></folder>
	<filename>0435_jpg.rf.7c595500bb5703e8162e1c5cb942a5d9.jpg</filename>
	<path>0435_jpg.rf.7c595500bb5703e8162e1c5cb942a5d9.jpg</path>
	<source>
		<database>roboflow.ai</database>
	</source>
	<size>
		<width>512</width>
		<height>384</height>
		<depth>3</depth>
	</size>
	<segmented>0</segmented>
	<object>
		<name>Paper</name>
		<pose>Unspecified</pose>
		<truncated>0</truncated>
		<difficult>0</difficult>
		<occluded>0</occluded>
		<bndbox>
			<xmin>45</xmin>
			<xmax>392</xmax>
			<ymin>107</ymin>
			<ymax>310</ymax>
		</bndbox>
	</object>
</annotation>
