<annotation>
	<folder></folder>
	<filename>0436_jpg.rf.119f1662df54bc34e6b44cb297e1ffec.jpg</filename>
	<path>0436_jpg.rf.119f1662df54bc34e6b44cb297e1ffec.jpg</path>
	<source>
		<database>roboflow.ai</database>
	</source>
	<size>
		<width>512</width>
		<height>384</height>
		<depth>3</depth>
	</size>
	<segmented>0</segmented>
	<object>
		<name>Paper</name>
		<pose>Unspecified</pose>
		<truncated>0</truncated>
		<difficult>0</difficult>
		<occluded>0</occluded>
		<bndbox>
			<xmin>1</xmin>
			<xmax>458</xmax>
			<ymin>55</ymin>
			<ymax>375</ymax>
		</bndbox>
	</object>
</annotation>
