<annotation>
	<folder></folder>
	<filename>0437_jpg.rf.0f8605ff337256dededcfdf27ca5de1a.jpg</filename>
	<path>0437_jpg.rf.0f8605ff337256dededcfdf27ca5de1a.jpg</path>
	<source>
		<database>roboflow.ai</database>
	</source>
	<size>
		<width>512</width>
		<height>384</height>
		<depth>3</depth>
	</size>
	<segmented>0</segmented>
	<object>
		<name>Paper</name>
		<pose>Unspecified</pose>
		<truncated>0</truncated>
		<difficult>0</difficult>
		<occluded>0</occluded>
		<bndbox>
			<xmin>6</xmin>
			<xmax>506</xmax>
			<ymin>13</ymin>
			<ymax>374</ymax>
		</bndbox>
	</object>
</annotation>
