<annotation>
	<folder></folder>
	<filename>0438_jpg.rf.885f38cd23203a3b2c4befdf3d320baf.jpg</filename>
	<path>0438_jpg.rf.885f38cd23203a3b2c4befdf3d320baf.jpg</path>
	<source>
		<database>roboflow.ai</database>
	</source>
	<size>
		<width>512</width>
		<height>384</height>
		<depth>3</depth>
	</size>
	<segmented>0</segmented>
	<object>
		<name>Paper</name>
		<pose>Unspecified</pose>
		<truncated>0</truncated>
		<difficult>0</difficult>
		<occluded>0</occluded>
		<bndbox>
			<xmin>74</xmin>
			<xmax>306</xmax>
			<ymin>51</ymin>
			<ymax>349</ymax>
		</bndbox>
	</object>
</annotation>
