<annotation>
	<folder></folder>
	<filename>0440_jpg.rf.fb330d34a9d9e7aea7a588cb6665ef49.jpg</filename>
	<path>0440_jpg.rf.fb330d34a9d9e7aea7a588cb6665ef49.jpg</path>
	<source>
		<database>roboflow.ai</database>
	</source>
	<size>
		<width>512</width>
		<height>384</height>
		<depth>3</depth>
	</size>
	<segmented>0</segmented>
	<object>
		<name>Paper</name>
		<pose>Unspecified</pose>
		<truncated>0</truncated>
		<difficult>0</difficult>
		<occluded>0</occluded>
		<bndbox>
			<xmin>19</xmin>
			<xmax>467</xmax>
			<ymin>3</ymin>
			<ymax>384</ymax>
		</bndbox>
	</object>
</annotation>
