<annotation>
	<folder></folder>
	<filename>0441_jpg.rf.1de66d25ff35bd834c2eb04fca6bd2e5.jpg</filename>
	<path>0441_jpg.rf.1de66d25ff35bd834c2eb04fca6bd2e5.jpg</path>
	<source>
		<database>roboflow.ai</database>
	</source>
	<size>
		<width>512</width>
		<height>384</height>
		<depth>3</depth>
	</size>
	<segmented>0</segmented>
	<object>
		<name>Paper</name>
		<pose>Unspecified</pose>
		<truncated>0</truncated>
		<difficult>0</difficult>
		<occluded>0</occluded>
		<bndbox>
			<xmin>1</xmin>
			<xmax>440</xmax>
			<ymin>60</ymin>
			<ymax>347</ymax>
		</bndbox>
	</object>
</annotation>
