<annotation>
	<folder></folder>
	<filename>0442_jpg.rf.afaccde61b6deec8c34f19b8c00f663c.jpg</filename>
	<path>0442_jpg.rf.afaccde61b6deec8c34f19b8c00f663c.jpg</path>
	<source>
		<database>roboflow.ai</database>
	</source>
	<size>
		<width>512</width>
		<height>384</height>
		<depth>3</depth>
	</size>
	<segmented>0</segmented>
	<object>
		<name>Paper</name>
		<pose>Unspecified</pose>
		<truncated>0</truncated>
		<difficult>0</difficult>
		<occluded>0</occluded>
		<bndbox>
			<xmin>58</xmin>
			<xmax>413</xmax>
			<ymin>55</ymin>
			<ymax>295</ymax>
		</bndbox>
	</object>
</annotation>
