<annotation>
	<folder></folder>
	<filename>0446_jpg.rf.2e777b29b1ffc9de444a92b8da5cbcbc.jpg</filename>
	<path>0446_jpg.rf.2e777b29b1ffc9de444a92b8da5cbcbc.jpg</path>
	<source>
		<database>roboflow.ai</database>
	</source>
	<size>
		<width>512</width>
		<height>384</height>
		<depth>3</depth>
	</size>
	<segmented>0</segmented>
	<object>
		<name>Paper</name>
		<pose>Unspecified</pose>
		<truncated>0</truncated>
		<difficult>0</difficult>
		<occluded>0</occluded>
		<bndbox>
			<xmin>1</xmin>
			<xmax>508</xmax>
			<ymin>1</ymin>
			<ymax>384</ymax>
		</bndbox>
	</object>
</annotation>
