<annotation>
	<folder></folder>
	<filename>0447_jpg.rf.a372659bec4a5fb2b034961c97b0e42c.jpg</filename>
	<path>0447_jpg.rf.a372659bec4a5fb2b034961c97b0e42c.jpg</path>
	<source>
		<database>roboflow.ai</database>
	</source>
	<size>
		<width>512</width>
		<height>384</height>
		<depth>3</depth>
	</size>
	<segmented>0</segmented>
	<object>
		<name>Paper</name>
		<pose>Unspecified</pose>
		<truncated>0</truncated>
		<difficult>0</difficult>
		<occluded>0</occluded>
		<bndbox>
			<xmin>3</xmin>
			<xmax>504</xmax>
			<ymin>1</ymin>
			<ymax>380</ymax>
		</bndbox>
	</object>
</annotation>
