<annotation>
	<folder></folder>
	<filename>0448_jpg.rf.c138296f6eeeafd203d2e73902695ff5.jpg</filename>
	<path>0448_jpg.rf.c138296f6eeeafd203d2e73902695ff5.jpg</path>
	<source>
		<database>roboflow.ai</database>
	</source>
	<size>
		<width>512</width>
		<height>384</height>
		<depth>3</depth>
	</size>
	<segmented>0</segmented>
	<object>
		<name>Paper</name>
		<pose>Unspecified</pose>
		<truncated>0</truncated>
		<difficult>0</difficult>
		<occluded>0</occluded>
		<bndbox>
			<xmin>1</xmin>
			<xmax>502</xmax>
			<ymin>153</ymin>
			<ymax>315</ymax>
		</bndbox>
	</object>
</annotation>
