<annotation>
	<folder></folder>
	<filename>0450_jpg.rf.0ac843c5d57d10675b4fa90a1c81f8b0.jpg</filename>
	<path>0450_jpg.rf.0ac843c5d57d10675b4fa90a1c81f8b0.jpg</path>
	<source>
		<database>roboflow.ai</database>
	</source>
	<size>
		<width>512</width>
		<height>384</height>
		<depth>3</depth>
	</size>
	<segmented>0</segmented>
	<object>
		<name>Paper</name>
		<pose>Unspecified</pose>
		<truncated>0</truncated>
		<difficult>0</difficult>
		<occluded>0</occluded>
		<bndbox>
			<xmin>7</xmin>
			<xmax>486</xmax>
			<ymin>60</ymin>
			<ymax>315</ymax>
		</bndbox>
	</object>
</annotation>
