<annotation>
	<folder></folder>
	<filename>0451_jpg.rf.daffd19cc31d159ef9a871ad71a6d915.jpg</filename>
	<path>0451_jpg.rf.daffd19cc31d159ef9a871ad71a6d915.jpg</path>
	<source>
		<database>roboflow.ai</database>
	</source>
	<size>
		<width>512</width>
		<height>384</height>
		<depth>3</depth>
	</size>
	<segmented>0</segmented>
	<object>
		<name>Paper</name>
		<pose>Unspecified</pose>
		<truncated>0</truncated>
		<difficult>0</difficult>
		<occluded>0</occluded>
		<bndbox>
			<xmin>173</xmin>
			<xmax>371</xmax>
			<ymin>86</ymin>
			<ymax>313</ymax>
		</bndbox>
	</object>
</annotation>
