<annotation>
	<folder></folder>
	<filename>0453_jpg.rf.3fb6c68568e63cf529d52fc5a4527732.jpg</filename>
	<path>0453_jpg.rf.3fb6c68568e63cf529d52fc5a4527732.jpg</path>
	<source>
		<database>roboflow.ai</database>
	</source>
	<size>
		<width>512</width>
		<height>384</height>
		<depth>3</depth>
	</size>
	<segmented>0</segmented>
	<object>
		<name>Paper</name>
		<pose>Unspecified</pose>
		<truncated>0</truncated>
		<difficult>0</difficult>
		<occluded>0</occluded>
		<bndbox>
			<xmin>145</xmin>
			<xmax>347</xmax>
			<ymin>84</ymin>
			<ymax>279</ymax>
		</bndbox>
	</object>
</annotation>
