<annotation>
	<folder></folder>
	<filename>0454_jpg.rf.1b4f845290b2bf4f60e2eb4e5e5a2cc6.jpg</filename>
	<path>0454_jpg.rf.1b4f845290b2bf4f60e2eb4e5e5a2cc6.jpg</path>
	<source>
		<database>roboflow.ai</database>
	</source>
	<size>
		<width>512</width>
		<height>384</height>
		<depth>3</depth>
	</size>
	<segmented>0</segmented>
	<object>
		<name>Paper</name>
		<pose>Unspecified</pose>
		<truncated>0</truncated>
		<difficult>0</difficult>
		<occluded>0</occluded>
		<bndbox>
			<xmin>24</xmin>
			<xmax>478</xmax>
			<ymin>3</ymin>
			<ymax>384</ymax>
		</bndbox>
	</object>
</annotation>
