<annotation>
	<folder></folder>
	<filename>0455_jpg.rf.ea602831741779318d488bdddfa0da28.jpg</filename>
	<path>0455_jpg.rf.ea602831741779318d488bdddfa0da28.jpg</path>
	<source>
		<database>roboflow.ai</database>
	</source>
	<size>
		<width>512</width>
		<height>384</height>
		<depth>3</depth>
	</size>
	<segmented>0</segmented>
	<object>
		<name>Paper</name>
		<pose>Unspecified</pose>
		<truncated>0</truncated>
		<difficult>0</difficult>
		<occluded>0</occluded>
		<bndbox>
			<xmin>38</xmin>
			<xmax>476</xmax>
			<ymin>76</ymin>
			<ymax>341</ymax>
		</bndbox>
	</object>
</annotation>
