<annotation>
	<folder></folder>
	<filename>0456_jpg.rf.5c07fd69f0f90a7f583ac803d070813d.jpg</filename>
	<path>0456_jpg.rf.5c07fd69f0f90a7f583ac803d070813d.jpg</path>
	<source>
		<database>roboflow.ai</database>
	</source>
	<size>
		<width>512</width>
		<height>384</height>
		<depth>3</depth>
	</size>
	<segmented>0</segmented>
	<object>
		<name>Paper</name>
		<pose>Unspecified</pose>
		<truncated>0</truncated>
		<difficult>0</difficult>
		<occluded>0</occluded>
		<bndbox>
			<xmin>35</xmin>
			<xmax>419</xmax>
			<ymin>93</ymin>
			<ymax>384</ymax>
		</bndbox>
	</object>
</annotation>
