<annotation>
	<folder></folder>
	<filename>0461_jpg.rf.e3d90c355fef0e408a1e0f58e87f3f12.jpg</filename>
	<path>0461_jpg.rf.e3d90c355fef0e408a1e0f58e87f3f12.jpg</path>
	<source>
		<database>roboflow.ai</database>
	</source>
	<size>
		<width>512</width>
		<height>384</height>
		<depth>3</depth>
	</size>
	<segmented>0</segmented>
	<object>
		<name>Paper</name>
		<pose>Unspecified</pose>
		<truncated>0</truncated>
		<difficult>0</difficult>
		<occluded>0</occluded>
		<bndbox>
			<xmin>45</xmin>
			<xmax>410</xmax>
			<ymin>59</ymin>
			<ymax>329</ymax>
		</bndbox>
	</object>
</annotation>
