<annotation>
	<folder></folder>
	<filename>0462_jpg.rf.77b7cd3ebe06f031c55311be1cb1b74c.jpg</filename>
	<path>0462_jpg.rf.77b7cd3ebe06f031c55311be1cb1b74c.jpg</path>
	<source>
		<database>roboflow.ai</database>
	</source>
	<size>
		<width>512</width>
		<height>384</height>
		<depth>3</depth>
	</size>
	<segmented>0</segmented>
	<object>
		<name>Paper</name>
		<pose>Unspecified</pose>
		<truncated>0</truncated>
		<difficult>0</difficult>
		<occluded>0</occluded>
		<bndbox>
			<xmin>14</xmin>
			<xmax>462</xmax>
			<ymin>35</ymin>
			<ymax>384</ymax>
		</bndbox>
	</object>
</annotation>
