<annotation>
	<folder></folder>
	<filename>0464_jpg.rf.64e879963b2bc3e3623b1a07efd36819.jpg</filename>
	<path>0464_jpg.rf.64e879963b2bc3e3623b1a07efd36819.jpg</path>
	<source>
		<database>roboflow.ai</database>
	</source>
	<size>
		<width>512</width>
		<height>384</height>
		<depth>3</depth>
	</size>
	<segmented>0</segmented>
	<object>
		<name>Paper</name>
		<pose>Unspecified</pose>
		<truncated>0</truncated>
		<difficult>0</difficult>
		<occluded>0</occluded>
		<bndbox>
			<xmin>19</xmin>
			<xmax>496</xmax>
			<ymin>33</ymin>
			<ymax>384</ymax>
		</bndbox>
	</object>
</annotation>
