<annotation>
	<folder></folder>
	<filename>0465_jpg.rf.85687953ad54c283e1819d1dcf174621.jpg</filename>
	<path>0465_jpg.rf.85687953ad54c283e1819d1dcf174621.jpg</path>
	<source>
		<database>roboflow.ai</database>
	</source>
	<size>
		<width>512</width>
		<height>384</height>
		<depth>3</depth>
	</size>
	<segmented>0</segmented>
	<object>
		<name>Paper</name>
		<pose>Unspecified</pose>
		<truncated>0</truncated>
		<difficult>0</difficult>
		<occluded>0</occluded>
		<bndbox>
			<xmin>30</xmin>
			<xmax>385</xmax>
			<ymin>3</ymin>
			<ymax>364</ymax>
		</bndbox>
	</object>
</annotation>
