<annotation>
	<folder></folder>
	<filename>0466_jpg.rf.a2716fdad5e1878550fc140e4371c264.jpg</filename>
	<path>0466_jpg.rf.a2716fdad5e1878550fc140e4371c264.jpg</path>
	<source>
		<database>roboflow.ai</database>
	</source>
	<size>
		<width>512</width>
		<height>384</height>
		<depth>3</depth>
	</size>
	<segmented>0</segmented>
	<object>
		<name>Paper</name>
		<pose>Unspecified</pose>
		<truncated>0</truncated>
		<difficult>0</difficult>
		<occluded>0</occluded>
		<bndbox>
			<xmin>32</xmin>
			<xmax>512</xmax>
			<ymin>5</ymin>
			<ymax>384</ymax>
		</bndbox>
	</object>
</annotation>
