<annotation>
	<folder></folder>
	<filename>0469_jpg.rf.20f31705d4d73e2249a6a588d3b38f0f.jpg</filename>
	<path>0469_jpg.rf.20f31705d4d73e2249a6a588d3b38f0f.jpg</path>
	<source>
		<database>roboflow.ai</database>
	</source>
	<size>
		<width>512</width>
		<height>384</height>
		<depth>3</depth>
	</size>
	<segmented>0</segmented>
	<object>
		<name>Paper</name>
		<pose>Unspecified</pose>
		<truncated>0</truncated>
		<difficult>0</difficult>
		<occluded>0</occluded>
		<bndbox>
			<xmin>34</xmin>
			<xmax>488</xmax>
			<ymin>56</ymin>
			<ymax>377</ymax>
		</bndbox>
	</object>
</annotation>
