<annotation>
	<folder></folder>
	<filename>0470_jpg.rf.8c22cdcbf4fbf47b7a1d309450bd42a5.jpg</filename>
	<path>0470_jpg.rf.8c22cdcbf4fbf47b7a1d309450bd42a5.jpg</path>
	<source>
		<database>roboflow.ai</database>
	</source>
	<size>
		<width>512</width>
		<height>384</height>
		<depth>3</depth>
	</size>
	<segmented>0</segmented>
	<object>
		<name>Paper</name>
		<pose>Unspecified</pose>
		<truncated>0</truncated>
		<difficult>0</difficult>
		<occluded>0</occluded>
		<bndbox>
			<xmin>1</xmin>
			<xmax>500</xmax>
			<ymin>1</ymin>
			<ymax>379</ymax>
		</bndbox>
	</object>
</annotation>
