<annotation>
	<folder></folder>
	<filename>0471_jpg.rf.97806d824e6f6f3a7cc742c655404138.jpg</filename>
	<path>0471_jpg.rf.97806d824e6f6f3a7cc742c655404138.jpg</path>
	<source>
		<database>roboflow.ai</database>
	</source>
	<size>
		<width>512</width>
		<height>384</height>
		<depth>3</depth>
	</size>
	<segmented>0</segmented>
	<object>
		<name>Paper</name>
		<pose>Unspecified</pose>
		<truncated>0</truncated>
		<difficult>0</difficult>
		<occluded>0</occluded>
		<bndbox>
			<xmin>1</xmin>
			<xmax>447</xmax>
			<ymin>4</ymin>
			<ymax>353</ymax>
		</bndbox>
	</object>
</annotation>
