<annotation>
	<folder></folder>
	<filename>0473_jpg.rf.8a5af710b35b3efe43e477d295c6255d.jpg</filename>
	<path>0473_jpg.rf.8a5af710b35b3efe43e477d295c6255d.jpg</path>
	<source>
		<database>roboflow.ai</database>
	</source>
	<size>
		<width>512</width>
		<height>384</height>
		<depth>3</depth>
	</size>
	<segmented>0</segmented>
	<object>
		<name>Paper</name>
		<pose>Unspecified</pose>
		<truncated>0</truncated>
		<difficult>0</difficult>
		<occluded>0</occluded>
		<bndbox>
			<xmin>1</xmin>
			<xmax>438</xmax>
			<ymin>24</ymin>
			<ymax>384</ymax>
		</bndbox>
	</object>
</annotation>
