<annotation>
	<folder></folder>
	<filename>0474_jpg.rf.74d7594bb86ef966a620e0722786d1de.jpg</filename>
	<path>0474_jpg.rf.74d7594bb86ef966a620e0722786d1de.jpg</path>
	<source>
		<database>roboflow.ai</database>
	</source>
	<size>
		<width>512</width>
		<height>384</height>
		<depth>3</depth>
	</size>
	<segmented>0</segmented>
	<object>
		<name>Paper</name>
		<pose>Unspecified</pose>
		<truncated>0</truncated>
		<difficult>0</difficult>
		<occluded>0</occluded>
		<bndbox>
			<xmin>6</xmin>
			<xmax>483</xmax>
			<ymin>2</ymin>
			<ymax>384</ymax>
		</bndbox>
	</object>
</annotation>
