<annotation>
	<folder></folder>
	<filename>0475_jpg.rf.9d20e78c9bf364f3fa46ac2f8fd2af5f.jpg</filename>
	<path>0475_jpg.rf.9d20e78c9bf364f3fa46ac2f8fd2af5f.jpg</path>
	<source>
		<database>roboflow.ai</database>
	</source>
	<size>
		<width>512</width>
		<height>384</height>
		<depth>3</depth>
	</size>
	<segmented>0</segmented>
	<object>
		<name>Paper</name>
		<pose>Unspecified</pose>
		<truncated>0</truncated>
		<difficult>0</difficult>
		<occluded>0</occluded>
		<bndbox>
			<xmin>109</xmin>
			<xmax>471</xmax>
			<ymin>201</ymin>
			<ymax>384</ymax>
		</bndbox>
	</object>
</annotation>
