<annotation>
	<folder></folder>
	<filename>0476_jpg.rf.1843740dbbf95c1724bd939043c9fbf0.jpg</filename>
	<path>0476_jpg.rf.1843740dbbf95c1724bd939043c9fbf0.jpg</path>
	<source>
		<database>roboflow.ai</database>
	</source>
	<size>
		<width>512</width>
		<height>384</height>
		<depth>3</depth>
	</size>
	<segmented>0</segmented>
	<object>
		<name>Paper</name>
		<pose>Unspecified</pose>
		<truncated>0</truncated>
		<difficult>0</difficult>
		<occluded>0</occluded>
		<bndbox>
			<xmin>15</xmin>
			<xmax>476</xmax>
			<ymin>5</ymin>
			<ymax>384</ymax>
		</bndbox>
	</object>
</annotation>
