<annotation>
	<folder></folder>
	<filename>0478_jpg.rf.c58a33e70fbf4fff6ec600763c7dcf4c.jpg</filename>
	<path>0478_jpg.rf.c58a33e70fbf4fff6ec600763c7dcf4c.jpg</path>
	<source>
		<database>roboflow.ai</database>
	</source>
	<size>
		<width>512</width>
		<height>384</height>
		<depth>3</depth>
	</size>
	<segmented>0</segmented>
	<object>
		<name>Paper</name>
		<pose>Unspecified</pose>
		<truncated>0</truncated>
		<difficult>0</difficult>
		<occluded>0</occluded>
		<bndbox>
			<xmin>5</xmin>
			<xmax>508</xmax>
			<ymin>3</ymin>
			<ymax>272</ymax>
		</bndbox>
	</object>
</annotation>
