<annotation>
	<folder></folder>
	<filename>0480_jpg.rf.80134c36bb5cf83b6dde2a0a1fa61446.jpg</filename>
	<path>0480_jpg.rf.80134c36bb5cf83b6dde2a0a1fa61446.jpg</path>
	<source>
		<database>roboflow.ai</database>
	</source>
	<size>
		<width>512</width>
		<height>384</height>
		<depth>3</depth>
	</size>
	<segmented>0</segmented>
	<object>
		<name>Paper</name>
		<pose>Unspecified</pose>
		<truncated>0</truncated>
		<difficult>0</difficult>
		<occluded>0</occluded>
		<bndbox>
			<xmin>1</xmin>
			<xmax>396</xmax>
			<ymin>9</ymin>
			<ymax>384</ymax>
		</bndbox>
	</object>
</annotation>
