<annotation>
	<folder></folder>
	<filename>0481_jpg.rf.0592b85e2eba79ea31862da7c76af415.jpg</filename>
	<path>0481_jpg.rf.0592b85e2eba79ea31862da7c76af415.jpg</path>
	<source>
		<database>roboflow.ai</database>
	</source>
	<size>
		<width>512</width>
		<height>384</height>
		<depth>3</depth>
	</size>
	<segmented>0</segmented>
	<object>
		<name>Paper</name>
		<pose>Unspecified</pose>
		<truncated>0</truncated>
		<difficult>0</difficult>
		<occluded>0</occluded>
		<bndbox>
			<xmin>1</xmin>
			<xmax>509</xmax>
			<ymin>6</ymin>
			<ymax>381</ymax>
		</bndbox>
	</object>
</annotation>
