<annotation>
	<folder></folder>
	<filename>0482_jpg.rf.3bb972a37fc664af6cd0b2f523d85022.jpg</filename>
	<path>0482_jpg.rf.3bb972a37fc664af6cd0b2f523d85022.jpg</path>
	<source>
		<database>roboflow.ai</database>
	</source>
	<size>
		<width>512</width>
		<height>384</height>
		<depth>3</depth>
	</size>
	<segmented>0</segmented>
	<object>
		<name>Paper</name>
		<pose>Unspecified</pose>
		<truncated>0</truncated>
		<difficult>0</difficult>
		<occluded>0</occluded>
		<bndbox>
			<xmin>1</xmin>
			<xmax>508</xmax>
			<ymin>42</ymin>
			<ymax>384</ymax>
		</bndbox>
	</object>
</annotation>
