<annotation>
	<folder></folder>
	<filename>0484_jpg.rf.089a3e75b562d518ac274bfde98f07b3.jpg</filename>
	<path>0484_jpg.rf.089a3e75b562d518ac274bfde98f07b3.jpg</path>
	<source>
		<database>roboflow.ai</database>
	</source>
	<size>
		<width>512</width>
		<height>384</height>
		<depth>3</depth>
	</size>
	<segmented>0</segmented>
	<object>
		<name>Paper</name>
		<pose>Unspecified</pose>
		<truncated>0</truncated>
		<difficult>0</difficult>
		<occluded>0</occluded>
		<bndbox>
			<xmin>32</xmin>
			<xmax>509</xmax>
			<ymin>36</ymin>
			<ymax>384</ymax>
		</bndbox>
	</object>
</annotation>
