<annotation>
	<folder></folder>
	<filename>0487_jpg.rf.4ab1be6df55ae791778b2681bc53fa49.jpg</filename>
	<path>0487_jpg.rf.4ab1be6df55ae791778b2681bc53fa49.jpg</path>
	<source>
		<database>roboflow.ai</database>
	</source>
	<size>
		<width>512</width>
		<height>384</height>
		<depth>3</depth>
	</size>
	<segmented>0</segmented>
	<object>
		<name>Paper</name>
		<pose>Unspecified</pose>
		<truncated>0</truncated>
		<difficult>0</difficult>
		<occluded>0</occluded>
		<bndbox>
			<xmin>99</xmin>
			<xmax>337</xmax>
			<ymin>56</ymin>
			<ymax>334</ymax>
		</bndbox>
	</object>
</annotation>
