<annotation>
	<folder></folder>
	<filename>0489_jpg.rf.4d140966e49965bc82ed6a6e9b482066.jpg</filename>
	<path>0489_jpg.rf.4d140966e49965bc82ed6a6e9b482066.jpg</path>
	<source>
		<database>roboflow.ai</database>
	</source>
	<size>
		<width>512</width>
		<height>384</height>
		<depth>3</depth>
	</size>
	<segmented>0</segmented>
	<object>
		<name>Paper</name>
		<pose>Unspecified</pose>
		<truncated>0</truncated>
		<difficult>0</difficult>
		<occluded>0</occluded>
		<bndbox>
			<xmin>97</xmin>
			<xmax>370</xmax>
			<ymin>73</ymin>
			<ymax>295</ymax>
		</bndbox>
	</object>
</annotation>
