<annotation>
	<folder></folder>
	<filename>0492_jpg.rf.795cadc7a7e7bcc5b32780bf9da50a3e.jpg</filename>
	<path>0492_jpg.rf.795cadc7a7e7bcc5b32780bf9da50a3e.jpg</path>
	<source>
		<database>roboflow.ai</database>
	</source>
	<size>
		<width>512</width>
		<height>384</height>
		<depth>3</depth>
	</size>
	<segmented>0</segmented>
	<object>
		<name>Paper</name>
		<pose>Unspecified</pose>
		<truncated>0</truncated>
		<difficult>0</difficult>
		<occluded>0</occluded>
		<bndbox>
			<xmin>74</xmin>
			<xmax>364</xmax>
			<ymin>102</ymin>
			<ymax>299</ymax>
		</bndbox>
	</object>
</annotation>
