<annotation>
	<folder></folder>
	<filename>0494_jpg.rf.3e99c47f56c81132935326c7e455e713.jpg</filename>
	<path>0494_jpg.rf.3e99c47f56c81132935326c7e455e713.jpg</path>
	<source>
		<database>roboflow.ai</database>
	</source>
	<size>
		<width>512</width>
		<height>384</height>
		<depth>3</depth>
	</size>
	<segmented>0</segmented>
	<object>
		<name>Paper</name>
		<pose>Unspecified</pose>
		<truncated>0</truncated>
		<difficult>0</difficult>
		<occluded>0</occluded>
		<bndbox>
			<xmin>1</xmin>
			<xmax>403</xmax>
			<ymin>1</ymin>
			<ymax>351</ymax>
		</bndbox>
	</object>
</annotation>
