<annotation>
	<folder></folder>
	<filename>0498_jpg.rf.dba4fd43e08ffdf97fc5726d3202be07.jpg</filename>
	<path>0498_jpg.rf.dba4fd43e08ffdf97fc5726d3202be07.jpg</path>
	<source>
		<database>roboflow.ai</database>
	</source>
	<size>
		<width>512</width>
		<height>384</height>
		<depth>3</depth>
	</size>
	<segmented>0</segmented>
	<object>
		<name>Paper</name>
		<pose>Unspecified</pose>
		<truncated>0</truncated>
		<difficult>0</difficult>
		<occluded>0</occluded>
		<bndbox>
			<xmin>51</xmin>
			<xmax>450</xmax>
			<ymin>26</ymin>
			<ymax>367</ymax>
		</bndbox>
	</object>
</annotation>
