<annotation>
	<folder></folder>
	<filename>0499_jpg.rf.30d0055e84d3ad1d51e989d87884ec99.jpg</filename>
	<path>0499_jpg.rf.30d0055e84d3ad1d51e989d87884ec99.jpg</path>
	<source>
		<database>roboflow.ai</database>
	</source>
	<size>
		<width>512</width>
		<height>384</height>
		<depth>3</depth>
	</size>
	<segmented>0</segmented>
	<object>
		<name>Paper</name>
		<pose>Unspecified</pose>
		<truncated>0</truncated>
		<difficult>0</difficult>
		<occluded>0</occluded>
		<bndbox>
			<xmin>179</xmin>
			<xmax>356</xmax>
			<ymin>85</ymin>
			<ymax>293</ymax>
		</bndbox>
	</object>
</annotation>
