<annotation>
	<folder></folder>
	<filename>0500_jpg.rf.18961874ac20c49625f38c4f30890f34.jpg</filename>
	<path>0500_jpg.rf.18961874ac20c49625f38c4f30890f34.jpg</path>
	<source>
		<database>roboflow.ai</database>
	</source>
	<size>
		<width>512</width>
		<height>384</height>
		<depth>3</depth>
	</size>
	<segmented>0</segmented>
	<object>
		<name>Paper</name>
		<pose>Unspecified</pose>
		<truncated>0</truncated>
		<difficult>0</difficult>
		<occluded>0</occluded>
		<bndbox>
			<xmin>3</xmin>
			<xmax>454</xmax>
			<ymin>6</ymin>
			<ymax>373</ymax>
		</bndbox>
	</object>
</annotation>
