<annotation>
	<folder></folder>
	<filename>0502_jpg.rf.854d900c3b73e148618a6ff9ca4d226e.jpg</filename>
	<path>0502_jpg.rf.854d900c3b73e148618a6ff9ca4d226e.jpg</path>
	<source>
		<database>roboflow.ai</database>
	</source>
	<size>
		<width>512</width>
		<height>384</height>
		<depth>3</depth>
	</size>
	<segmented>0</segmented>
	<object>
		<name>Paper</name>
		<pose>Unspecified</pose>
		<truncated>0</truncated>
		<difficult>0</difficult>
		<occluded>0</occluded>
		<bndbox>
			<xmin>3</xmin>
			<xmax>510</xmax>
			<ymin>1</ymin>
			<ymax>383</ymax>
		</bndbox>
	</object>
</annotation>
