<annotation>
	<folder></folder>
	<filename>0503_jpg.rf.788a41021482f51013147ac8d654e7d3.jpg</filename>
	<path>0503_jpg.rf.788a41021482f51013147ac8d654e7d3.jpg</path>
	<source>
		<database>roboflow.ai</database>
	</source>
	<size>
		<width>512</width>
		<height>384</height>
		<depth>3</depth>
	</size>
	<segmented>0</segmented>
	<object>
		<name>Paper</name>
		<pose>Unspecified</pose>
		<truncated>0</truncated>
		<difficult>0</difficult>
		<occluded>0</occluded>
		<bndbox>
			<xmin>62</xmin>
			<xmax>368</xmax>
			<ymin>31</ymin>
			<ymax>377</ymax>
		</bndbox>
	</object>
</annotation>
