<annotation>
	<folder></folder>
	<filename>0505_jpg.rf.a6523d3c2d3bb3f0ded1878878454264.jpg</filename>
	<path>0505_jpg.rf.a6523d3c2d3bb3f0ded1878878454264.jpg</path>
	<source>
		<database>roboflow.ai</database>
	</source>
	<size>
		<width>512</width>
		<height>384</height>
		<depth>3</depth>
	</size>
	<segmented>0</segmented>
	<object>
		<name>Paper</name>
		<pose>Unspecified</pose>
		<truncated>0</truncated>
		<difficult>0</difficult>
		<occluded>0</occluded>
		<bndbox>
			<xmin>1</xmin>
			<xmax>455</xmax>
			<ymin>3</ymin>
			<ymax>378</ymax>
		</bndbox>
	</object>
</annotation>
