<annotation>
	<folder></folder>
	<filename>0506_jpg.rf.502e1401141e1d3969804f3696f572ee.jpg</filename>
	<path>0506_jpg.rf.502e1401141e1d3969804f3696f572ee.jpg</path>
	<source>
		<database>roboflow.ai</database>
	</source>
	<size>
		<width>512</width>
		<height>384</height>
		<depth>3</depth>
	</size>
	<segmented>0</segmented>
	<object>
		<name>Paper</name>
		<pose>Unspecified</pose>
		<truncated>0</truncated>
		<difficult>0</difficult>
		<occluded>0</occluded>
		<bndbox>
			<xmin>1</xmin>
			<xmax>489</xmax>
			<ymin>1</ymin>
			<ymax>328</ymax>
		</bndbox>
	</object>
</annotation>
