<annotation>
	<folder></folder>
	<filename>0507_jpg.rf.15f89fc68d53ec1ba2d793cd2786d34d.jpg</filename>
	<path>0507_jpg.rf.15f89fc68d53ec1ba2d793cd2786d34d.jpg</path>
	<source>
		<database>roboflow.ai</database>
	</source>
	<size>
		<width>512</width>
		<height>384</height>
		<depth>3</depth>
	</size>
	<segmented>0</segmented>
	<object>
		<name>Paper</name>
		<pose>Unspecified</pose>
		<truncated>0</truncated>
		<difficult>0</difficult>
		<occluded>0</occluded>
		<bndbox>
			<xmin>47</xmin>
			<xmax>482</xmax>
			<ymin>3</ymin>
			<ymax>379</ymax>
		</bndbox>
	</object>
</annotation>
