<annotation>
	<folder></folder>
	<filename>0508_jpg.rf.60fdee34229f3590c7ec8da4f88ff7d7.jpg</filename>
	<path>0508_jpg.rf.60fdee34229f3590c7ec8da4f88ff7d7.jpg</path>
	<source>
		<database>roboflow.ai</database>
	</source>
	<size>
		<width>512</width>
		<height>384</height>
		<depth>3</depth>
	</size>
	<segmented>0</segmented>
	<object>
		<name>Paper</name>
		<pose>Unspecified</pose>
		<truncated>0</truncated>
		<difficult>0</difficult>
		<occluded>0</occluded>
		<bndbox>
			<xmin>1</xmin>
			<xmax>510</xmax>
			<ymin>1</ymin>
			<ymax>383</ymax>
		</bndbox>
	</object>
</annotation>
