<annotation>
	<folder></folder>
	<filename>0509_jpg.rf.292dd7dd484f338b1c0e3f332dc0e2cc.jpg</filename>
	<path>0509_jpg.rf.292dd7dd484f338b1c0e3f332dc0e2cc.jpg</path>
	<source>
		<database>roboflow.ai</database>
	</source>
	<size>
		<width>512</width>
		<height>384</height>
		<depth>3</depth>
	</size>
	<segmented>0</segmented>
	<object>
		<name>Paper</name>
		<pose>Unspecified</pose>
		<truncated>0</truncated>
		<difficult>0</difficult>
		<occluded>0</occluded>
		<bndbox>
			<xmin>19</xmin>
			<xmax>462</xmax>
			<ymin>41</ymin>
			<ymax>325</ymax>
		</bndbox>
	</object>
</annotation>
