<annotation>
	<folder></folder>
	<filename>0510_jpg.rf.f81a4ff1780ccba354ed8963bc39af88.jpg</filename>
	<path>0510_jpg.rf.f81a4ff1780ccba354ed8963bc39af88.jpg</path>
	<source>
		<database>roboflow.ai</database>
	</source>
	<size>
		<width>512</width>
		<height>384</height>
		<depth>3</depth>
	</size>
	<segmented>0</segmented>
	<object>
		<name>Paper</name>
		<pose>Unspecified</pose>
		<truncated>0</truncated>
		<difficult>0</difficult>
		<occluded>0</occluded>
		<bndbox>
			<xmin>78</xmin>
			<xmax>405</xmax>
			<ymin>21</ymin>
			<ymax>370</ymax>
		</bndbox>
	</object>
</annotation>
