<annotation>
	<folder></folder>
	<filename>0513_jpg.rf.3deabc47351544317eebfe3c6e075ebc.jpg</filename>
	<path>0513_jpg.rf.3deabc47351544317eebfe3c6e075ebc.jpg</path>
	<source>
		<database>roboflow.ai</database>
	</source>
	<size>
		<width>512</width>
		<height>384</height>
		<depth>3</depth>
	</size>
	<segmented>0</segmented>
	<object>
		<name>Paper</name>
		<pose>Unspecified</pose>
		<truncated>0</truncated>
		<difficult>0</difficult>
		<occluded>0</occluded>
		<bndbox>
			<xmin>1</xmin>
			<xmax>512</xmax>
			<ymin>10</ymin>
			<ymax>371</ymax>
		</bndbox>
	</object>
</annotation>
