<annotation>
	<folder></folder>
	<filename>0514_jpg.rf.0ba60212c2018153ddd26cbc499b5fe4.jpg</filename>
	<path>0514_jpg.rf.0ba60212c2018153ddd26cbc499b5fe4.jpg</path>
	<source>
		<database>roboflow.ai</database>
	</source>
	<size>
		<width>512</width>
		<height>384</height>
		<depth>3</depth>
	</size>
	<segmented>0</segmented>
	<object>
		<name>Paper</name>
		<pose>Unspecified</pose>
		<truncated>0</truncated>
		<difficult>0</difficult>
		<occluded>0</occluded>
		<bndbox>
			<xmin>33</xmin>
			<xmax>453</xmax>
			<ymin>63</ymin>
			<ymax>384</ymax>
		</bndbox>
	</object>
</annotation>
