<annotation>
	<folder></folder>
	<filename>0516_jpg.rf.029d2077dd0d8d408a97def7c56ac72b.jpg</filename>
	<path>0516_jpg.rf.029d2077dd0d8d408a97def7c56ac72b.jpg</path>
	<source>
		<database>roboflow.ai</database>
	</source>
	<size>
		<width>512</width>
		<height>384</height>
		<depth>3</depth>
	</size>
	<segmented>0</segmented>
	<object>
		<name>Paper</name>
		<pose>Unspecified</pose>
		<truncated>0</truncated>
		<difficult>0</difficult>
		<occluded>0</occluded>
		<bndbox>
			<xmin>8</xmin>
			<xmax>512</xmax>
			<ymin>1</ymin>
			<ymax>381</ymax>
		</bndbox>
	</object>
</annotation>
