<annotation>
	<folder></folder>
	<filename>0517_jpg.rf.09dc7cc7db16b5778b2d6f65190d28d1.jpg</filename>
	<path>0517_jpg.rf.09dc7cc7db16b5778b2d6f65190d28d1.jpg</path>
	<source>
		<database>roboflow.ai</database>
	</source>
	<size>
		<width>512</width>
		<height>384</height>
		<depth>3</depth>
	</size>
	<segmented>0</segmented>
	<object>
		<name>Paper</name>
		<pose>Unspecified</pose>
		<truncated>0</truncated>
		<difficult>0</difficult>
		<occluded>0</occluded>
		<bndbox>
			<xmin>29</xmin>
			<xmax>460</xmax>
			<ymin>1</ymin>
			<ymax>373</ymax>
		</bndbox>
	</object>
</annotation>
