<annotation>
	<folder></folder>
	<filename>0518_jpg.rf.d03fa49950d1ab17b1a6b82a50e7e03a.jpg</filename>
	<path>0518_jpg.rf.d03fa49950d1ab17b1a6b82a50e7e03a.jpg</path>
	<source>
		<database>roboflow.ai</database>
	</source>
	<size>
		<width>512</width>
		<height>384</height>
		<depth>3</depth>
	</size>
	<segmented>0</segmented>
	<object>
		<name>Paper</name>
		<pose>Unspecified</pose>
		<truncated>0</truncated>
		<difficult>0</difficult>
		<occluded>0</occluded>
		<bndbox>
			<xmin>32</xmin>
			<xmax>430</xmax>
			<ymin>3</ymin>
			<ymax>384</ymax>
		</bndbox>
	</object>
</annotation>
