<annotation>
	<folder></folder>
	<filename>0519_jpg.rf.328793b741c628673aef5c173899db53.jpg</filename>
	<path>0519_jpg.rf.328793b741c628673aef5c173899db53.jpg</path>
	<source>
		<database>roboflow.ai</database>
	</source>
	<size>
		<width>512</width>
		<height>384</height>
		<depth>3</depth>
	</size>
	<segmented>0</segmented>
	<object>
		<name>Paper</name>
		<pose>Unspecified</pose>
		<truncated>0</truncated>
		<difficult>0</difficult>
		<occluded>0</occluded>
		<bndbox>
			<xmin>96</xmin>
			<xmax>380</xmax>
			<ymin>60</ymin>
			<ymax>384</ymax>
		</bndbox>
	</object>
</annotation>
