<annotation>
	<folder></folder>
	<filename>0520_jpg.rf.6d5753a4a0aa2fd079dfec07be8edde8.jpg</filename>
	<path>0520_jpg.rf.6d5753a4a0aa2fd079dfec07be8edde8.jpg</path>
	<source>
		<database>roboflow.ai</database>
	</source>
	<size>
		<width>512</width>
		<height>384</height>
		<depth>3</depth>
	</size>
	<segmented>0</segmented>
	<object>
		<name>Paper</name>
		<pose>Unspecified</pose>
		<truncated>0</truncated>
		<difficult>0</difficult>
		<occluded>0</occluded>
		<bndbox>
			<xmin>56</xmin>
			<xmax>441</xmax>
			<ymin>7</ymin>
			<ymax>384</ymax>
		</bndbox>
	</object>
</annotation>
