<annotation>
	<folder></folder>
	<filename>0522_jpg.rf.c146d7824add57c5f4eeaba2584221f7.jpg</filename>
	<path>0522_jpg.rf.c146d7824add57c5f4eeaba2584221f7.jpg</path>
	<source>
		<database>roboflow.ai</database>
	</source>
	<size>
		<width>512</width>
		<height>384</height>
		<depth>3</depth>
	</size>
	<segmented>0</segmented>
	<object>
		<name>Paper</name>
		<pose>Unspecified</pose>
		<truncated>0</truncated>
		<difficult>0</difficult>
		<occluded>0</occluded>
		<bndbox>
			<xmin>29</xmin>
			<xmax>421</xmax>
			<ymin>122</ymin>
			<ymax>371</ymax>
		</bndbox>
	</object>
</annotation>
