<annotation>
	<folder></folder>
	<filename>0523_jpg.rf.7395862e65fcac00a1de100ce47fdc35.jpg</filename>
	<path>0523_jpg.rf.7395862e65fcac00a1de100ce47fdc35.jpg</path>
	<source>
		<database>roboflow.ai</database>
	</source>
	<size>
		<width>512</width>
		<height>384</height>
		<depth>3</depth>
	</size>
	<segmented>0</segmented>
	<object>
		<name>Paper</name>
		<pose>Unspecified</pose>
		<truncated>0</truncated>
		<difficult>0</difficult>
		<occluded>0</occluded>
		<bndbox>
			<xmin>27</xmin>
			<xmax>428</xmax>
			<ymin>65</ymin>
			<ymax>306</ymax>
		</bndbox>
	</object>
</annotation>
