<annotation>
	<folder></folder>
	<filename>0524_jpg.rf.8cca157ace28660d0b3b60c8b80b300d.jpg</filename>
	<path>0524_jpg.rf.8cca157ace28660d0b3b60c8b80b300d.jpg</path>
	<source>
		<database>roboflow.ai</database>
	</source>
	<size>
		<width>512</width>
		<height>384</height>
		<depth>3</depth>
	</size>
	<segmented>0</segmented>
	<object>
		<name>Paper</name>
		<pose>Unspecified</pose>
		<truncated>0</truncated>
		<difficult>0</difficult>
		<occluded>0</occluded>
		<bndbox>
			<xmin>1</xmin>
			<xmax>492</xmax>
			<ymin>52</ymin>
			<ymax>361</ymax>
		</bndbox>
	</object>
</annotation>
