<annotation>
	<folder></folder>
	<filename>0526_jpg.rf.0afc0a779f8b40361278f58f428751b4.jpg</filename>
	<path>0526_jpg.rf.0afc0a779f8b40361278f58f428751b4.jpg</path>
	<source>
		<database>roboflow.ai</database>
	</source>
	<size>
		<width>512</width>
		<height>384</height>
		<depth>3</depth>
	</size>
	<segmented>0</segmented>
	<object>
		<name>Paper</name>
		<pose>Unspecified</pose>
		<truncated>0</truncated>
		<difficult>0</difficult>
		<occluded>0</occluded>
		<bndbox>
			<xmin>71</xmin>
			<xmax>454</xmax>
			<ymin>6</ymin>
			<ymax>378</ymax>
		</bndbox>
	</object>
</annotation>
