<annotation>
	<folder></folder>
	<filename>0527_jpg.rf.ae607fbbeb96a90132fb43aca6e4e3d8.jpg</filename>
	<path>0527_jpg.rf.ae607fbbeb96a90132fb43aca6e4e3d8.jpg</path>
	<source>
		<database>roboflow.ai</database>
	</source>
	<size>
		<width>512</width>
		<height>384</height>
		<depth>3</depth>
	</size>
	<segmented>0</segmented>
	<object>
		<name>Paper</name>
		<pose>Unspecified</pose>
		<truncated>0</truncated>
		<difficult>0</difficult>
		<occluded>0</occluded>
		<bndbox>
			<xmin>1</xmin>
			<xmax>478</xmax>
			<ymin>5</ymin>
			<ymax>334</ymax>
		</bndbox>
	</object>
</annotation>
