<annotation>
	<folder></folder>
	<filename>0530_jpg.rf.b70d723ffff846e32d4f0b59e7fb732b.jpg</filename>
	<path>0530_jpg.rf.b70d723ffff846e32d4f0b59e7fb732b.jpg</path>
	<source>
		<database>roboflow.ai</database>
	</source>
	<size>
		<width>512</width>
		<height>384</height>
		<depth>3</depth>
	</size>
	<segmented>0</segmented>
	<object>
		<name>Paper</name>
		<pose>Unspecified</pose>
		<truncated>0</truncated>
		<difficult>0</difficult>
		<occluded>0</occluded>
		<bndbox>
			<xmin>84</xmin>
			<xmax>427</xmax>
			<ymin>53</ymin>
			<ymax>322</ymax>
		</bndbox>
	</object>
</annotation>
