<annotation>
	<folder></folder>
	<filename>0531_jpg.rf.9ebc070e5e794e4ac40cb3e73e730e21.jpg</filename>
	<path>0531_jpg.rf.9ebc070e5e794e4ac40cb3e73e730e21.jpg</path>
	<source>
		<database>roboflow.ai</database>
	</source>
	<size>
		<width>512</width>
		<height>384</height>
		<depth>3</depth>
	</size>
	<segmented>0</segmented>
	<object>
		<name>Paper</name>
		<pose>Unspecified</pose>
		<truncated>0</truncated>
		<difficult>0</difficult>
		<occluded>0</occluded>
		<bndbox>
			<xmin>1</xmin>
			<xmax>505</xmax>
			<ymin>1</ymin>
			<ymax>376</ymax>
		</bndbox>
	</object>
</annotation>
