<annotation>
	<folder></folder>
	<filename>0536_jpg.rf.c1495ac9f5ea90b5bf1a21f1e4ee74ca.jpg</filename>
	<path>0536_jpg.rf.c1495ac9f5ea90b5bf1a21f1e4ee74ca.jpg</path>
	<source>
		<database>roboflow.ai</database>
	</source>
	<size>
		<width>512</width>
		<height>384</height>
		<depth>3</depth>
	</size>
	<segmented>0</segmented>
	<object>
		<name>Paper</name>
		<pose>Unspecified</pose>
		<truncated>0</truncated>
		<difficult>0</difficult>
		<occluded>0</occluded>
		<bndbox>
			<xmin>1</xmin>
			<xmax>339</xmax>
			<ymin>2</ymin>
			<ymax>384</ymax>
		</bndbox>
	</object>
</annotation>
