<annotation>
	<folder></folder>
	<filename>0539_jpg.rf.7a2819ef31ce732b0e769c5ae4399306.jpg</filename>
	<path>0539_jpg.rf.7a2819ef31ce732b0e769c5ae4399306.jpg</path>
	<source>
		<database>roboflow.ai</database>
	</source>
	<size>
		<width>512</width>
		<height>384</height>
		<depth>3</depth>
	</size>
	<segmented>0</segmented>
	<object>
		<name>Paper</name>
		<pose>Unspecified</pose>
		<truncated>0</truncated>
		<difficult>0</difficult>
		<occluded>0</occluded>
		<bndbox>
			<xmin>1</xmin>
			<xmax>507</xmax>
			<ymin>5</ymin>
			<ymax>380</ymax>
		</bndbox>
	</object>
</annotation>
