<annotation>
	<folder></folder>
	<filename>0540_jpg.rf.667d7c8e324bac7ca606737ecf2c8460.jpg</filename>
	<path>0540_jpg.rf.667d7c8e324bac7ca606737ecf2c8460.jpg</path>
	<source>
		<database>roboflow.ai</database>
	</source>
	<size>
		<width>512</width>
		<height>384</height>
		<depth>3</depth>
	</size>
	<segmented>0</segmented>
	<object>
		<name>Paper</name>
		<pose>Unspecified</pose>
		<truncated>0</truncated>
		<difficult>0</difficult>
		<occluded>0</occluded>
		<bndbox>
			<xmin>120</xmin>
			<xmax>337</xmax>
			<ymin>29</ymin>
			<ymax>384</ymax>
		</bndbox>
	</object>
</annotation>
