<annotation>
	<folder></folder>
	<filename>0541_jpg.rf.12841e37b42e0c715ba37dcf3989104e.jpg</filename>
	<path>0541_jpg.rf.12841e37b42e0c715ba37dcf3989104e.jpg</path>
	<source>
		<database>roboflow.ai</database>
	</source>
	<size>
		<width>512</width>
		<height>384</height>
		<depth>3</depth>
	</size>
	<segmented>0</segmented>
	<object>
		<name>Paper</name>
		<pose>Unspecified</pose>
		<truncated>0</truncated>
		<difficult>0</difficult>
		<occluded>0</occluded>
		<bndbox>
			<xmin>3</xmin>
			<xmax>506</xmax>
			<ymin>74</ymin>
			<ymax>384</ymax>
		</bndbox>
	</object>
</annotation>
