<annotation>
	<folder></folder>
	<filename>0542_jpg.rf.bb0eb41695ac77c721ef22413c4ae214.jpg</filename>
	<path>0542_jpg.rf.bb0eb41695ac77c721ef22413c4ae214.jpg</path>
	<source>
		<database>roboflow.ai</database>
	</source>
	<size>
		<width>512</width>
		<height>384</height>
		<depth>3</depth>
	</size>
	<segmented>0</segmented>
	<object>
		<name>Paper</name>
		<pose>Unspecified</pose>
		<truncated>0</truncated>
		<difficult>0</difficult>
		<occluded>0</occluded>
		<bndbox>
			<xmin>41</xmin>
			<xmax>415</xmax>
			<ymin>96</ymin>
			<ymax>384</ymax>
		</bndbox>
	</object>
</annotation>
