<annotation>
	<folder></folder>
	<filename>0543_jpg.rf.1fdd3bf73bbc34459e423df258fe2960.jpg</filename>
	<path>0543_jpg.rf.1fdd3bf73bbc34459e423df258fe2960.jpg</path>
	<source>
		<database>roboflow.ai</database>
	</source>
	<size>
		<width>512</width>
		<height>384</height>
		<depth>3</depth>
	</size>
	<segmented>0</segmented>
	<object>
		<name>Paper</name>
		<pose>Unspecified</pose>
		<truncated>0</truncated>
		<difficult>0</difficult>
		<occluded>0</occluded>
		<bndbox>
			<xmin>123</xmin>
			<xmax>406</xmax>
			<ymin>83</ymin>
			<ymax>329</ymax>
		</bndbox>
	</object>
</annotation>
