<annotation>
	<folder></folder>
	<filename>0544_jpg.rf.ccd9d26cd16cb4ff8e0cc3738c7c96c2.jpg</filename>
	<path>0544_jpg.rf.ccd9d26cd16cb4ff8e0cc3738c7c96c2.jpg</path>
	<source>
		<database>roboflow.ai</database>
	</source>
	<size>
		<width>512</width>
		<height>384</height>
		<depth>3</depth>
	</size>
	<segmented>0</segmented>
	<object>
		<name>Paper</name>
		<pose>Unspecified</pose>
		<truncated>0</truncated>
		<difficult>0</difficult>
		<occluded>0</occluded>
		<bndbox>
			<xmin>84</xmin>
			<xmax>441</xmax>
			<ymin>20</ymin>
			<ymax>367</ymax>
		</bndbox>
	</object>
</annotation>
