<annotation>
	<folder></folder>
	<filename>0546_jpg.rf.2434159caddb6b1cc9889d841f045fe9.jpg</filename>
	<path>0546_jpg.rf.2434159caddb6b1cc9889d841f045fe9.jpg</path>
	<source>
		<database>roboflow.ai</database>
	</source>
	<size>
		<width>512</width>
		<height>384</height>
		<depth>3</depth>
	</size>
	<segmented>0</segmented>
	<object>
		<name>Paper</name>
		<pose>Unspecified</pose>
		<truncated>0</truncated>
		<difficult>0</difficult>
		<occluded>0</occluded>
		<bndbox>
			<xmin>13</xmin>
			<xmax>421</xmax>
			<ymin>2</ymin>
			<ymax>359</ymax>
		</bndbox>
	</object>
</annotation>
