<annotation>
	<folder></folder>
	<filename>0547_jpg.rf.ad6482ff14c9e4ec28e36ea47b2a0abe.jpg</filename>
	<path>0547_jpg.rf.ad6482ff14c9e4ec28e36ea47b2a0abe.jpg</path>
	<source>
		<database>roboflow.ai</database>
	</source>
	<size>
		<width>512</width>
		<height>384</height>
		<depth>3</depth>
	</size>
	<segmented>0</segmented>
	<object>
		<name>Paper</name>
		<pose>Unspecified</pose>
		<truncated>0</truncated>
		<difficult>0</difficult>
		<occluded>0</occluded>
		<bndbox>
			<xmin>1</xmin>
			<xmax>439</xmax>
			<ymin>25</ymin>
			<ymax>375</ymax>
		</bndbox>
	</object>
</annotation>
