<annotation>
	<folder></folder>
	<filename>0549_jpg.rf.87f0347c4f54452b2d6fb8baf2d18784.jpg</filename>
	<path>0549_jpg.rf.87f0347c4f54452b2d6fb8baf2d18784.jpg</path>
	<source>
		<database>roboflow.ai</database>
	</source>
	<size>
		<width>512</width>
		<height>384</height>
		<depth>3</depth>
	</size>
	<segmented>0</segmented>
	<object>
		<name>Paper</name>
		<pose>Unspecified</pose>
		<truncated>0</truncated>
		<difficult>0</difficult>
		<occluded>0</occluded>
		<bndbox>
			<xmin>27</xmin>
			<xmax>419</xmax>
			<ymin>1</ymin>
			<ymax>363</ymax>
		</bndbox>
	</object>
</annotation>
