<annotation>
	<folder></folder>
	<filename>0551_jpg.rf.0c841ca34157584983fa592be3382d94.jpg</filename>
	<path>0551_jpg.rf.0c841ca34157584983fa592be3382d94.jpg</path>
	<source>
		<database>roboflow.ai</database>
	</source>
	<size>
		<width>512</width>
		<height>384</height>
		<depth>3</depth>
	</size>
	<segmented>0</segmented>
	<object>
		<name>Paper</name>
		<pose>Unspecified</pose>
		<truncated>0</truncated>
		<difficult>0</difficult>
		<occluded>0</occluded>
		<bndbox>
			<xmin>90</xmin>
			<xmax>395</xmax>
			<ymin>45</ymin>
			<ymax>277</ymax>
		</bndbox>
	</object>
</annotation>
