<annotation>
	<folder></folder>
	<filename>0552_jpg.rf.e3d1b2ca9f7e3f6208f61f0e0ee2e7b2.jpg</filename>
	<path>0552_jpg.rf.e3d1b2ca9f7e3f6208f61f0e0ee2e7b2.jpg</path>
	<source>
		<database>roboflow.ai</database>
	</source>
	<size>
		<width>512</width>
		<height>384</height>
		<depth>3</depth>
	</size>
	<segmented>0</segmented>
	<object>
		<name>Paper</name>
		<pose>Unspecified</pose>
		<truncated>0</truncated>
		<difficult>0</difficult>
		<occluded>0</occluded>
		<bndbox>
			<xmin>80</xmin>
			<xmax>486</xmax>
			<ymin>1</ymin>
			<ymax>384</ymax>
		</bndbox>
	</object>
</annotation>
