<annotation>
	<folder></folder>
	<filename>0553_jpg.rf.2bc8313d60a68e255ab6eede4f77e77f.jpg</filename>
	<path>0553_jpg.rf.2bc8313d60a68e255ab6eede4f77e77f.jpg</path>
	<source>
		<database>roboflow.ai</database>
	</source>
	<size>
		<width>512</width>
		<height>384</height>
		<depth>3</depth>
	</size>
	<segmented>0</segmented>
	<object>
		<name>Paper</name>
		<pose>Unspecified</pose>
		<truncated>0</truncated>
		<difficult>0</difficult>
		<occluded>0</occluded>
		<bndbox>
			<xmin>62</xmin>
			<xmax>463</xmax>
			<ymin>30</ymin>
			<ymax>366</ymax>
		</bndbox>
	</object>
</annotation>
