<annotation>
	<folder></folder>
	<filename>0554_jpg.rf.8d7cd8f44d8417dd1f949f036ab99c7f.jpg</filename>
	<path>0554_jpg.rf.8d7cd8f44d8417dd1f949f036ab99c7f.jpg</path>
	<source>
		<database>roboflow.ai</database>
	</source>
	<size>
		<width>512</width>
		<height>384</height>
		<depth>3</depth>
	</size>
	<segmented>0</segmented>
	<object>
		<name>Paper</name>
		<pose>Unspecified</pose>
		<truncated>0</truncated>
		<difficult>0</difficult>
		<occluded>0</occluded>
		<bndbox>
			<xmin>1</xmin>
			<xmax>453</xmax>
			<ymin>2</ymin>
			<ymax>384</ymax>
		</bndbox>
	</object>
</annotation>
