<annotation>
	<folder></folder>
	<filename>0555_jpg.rf.8814a74aee98ddab825ff91939189267.jpg</filename>
	<path>0555_jpg.rf.8814a74aee98ddab825ff91939189267.jpg</path>
	<source>
		<database>roboflow.ai</database>
	</source>
	<size>
		<width>512</width>
		<height>384</height>
		<depth>3</depth>
	</size>
	<segmented>0</segmented>
	<object>
		<name>Paper</name>
		<pose>Unspecified</pose>
		<truncated>0</truncated>
		<difficult>0</difficult>
		<occluded>0</occluded>
		<bndbox>
			<xmin>84</xmin>
			<xmax>347</xmax>
			<ymin>43</ymin>
			<ymax>321</ymax>
		</bndbox>
	</object>
</annotation>
