<annotation>
	<folder></folder>
	<filename>0556_jpg.rf.bc11062ef821c094b25bb77baa6306d6.jpg</filename>
	<path>0556_jpg.rf.bc11062ef821c094b25bb77baa6306d6.jpg</path>
	<source>
		<database>roboflow.ai</database>
	</source>
	<size>
		<width>512</width>
		<height>384</height>
		<depth>3</depth>
	</size>
	<segmented>0</segmented>
	<object>
		<name>Paper</name>
		<pose>Unspecified</pose>
		<truncated>0</truncated>
		<difficult>0</difficult>
		<occluded>0</occluded>
		<bndbox>
			<xmin>61</xmin>
			<xmax>391</xmax>
			<ymin>1</ymin>
			<ymax>360</ymax>
		</bndbox>
	</object>
</annotation>
