<annotation>
	<folder></folder>
	<filename>0558_jpg.rf.d88484f88428742357b28f3b915c03b2.jpg</filename>
	<path>0558_jpg.rf.d88484f88428742357b28f3b915c03b2.jpg</path>
	<source>
		<database>roboflow.ai</database>
	</source>
	<size>
		<width>512</width>
		<height>384</height>
		<depth>3</depth>
	</size>
	<segmented>0</segmented>
	<object>
		<name>Paper</name>
		<pose>Unspecified</pose>
		<truncated>0</truncated>
		<difficult>0</difficult>
		<occluded>0</occluded>
		<bndbox>
			<xmin>1</xmin>
			<xmax>495</xmax>
			<ymin>3</ymin>
			<ymax>305</ymax>
		</bndbox>
	</object>
</annotation>
