<annotation>
	<folder></folder>
	<filename>0559_jpg.rf.a93ff5821d1bf2f14f474df6ec669346.jpg</filename>
	<path>0559_jpg.rf.a93ff5821d1bf2f14f474df6ec669346.jpg</path>
	<source>
		<database>roboflow.ai</database>
	</source>
	<size>
		<width>512</width>
		<height>384</height>
		<depth>3</depth>
	</size>
	<segmented>0</segmented>
	<object>
		<name>Paper</name>
		<pose>Unspecified</pose>
		<truncated>0</truncated>
		<difficult>0</difficult>
		<occluded>0</occluded>
		<bndbox>
			<xmin>13</xmin>
			<xmax>512</xmax>
			<ymin>83</ymin>
			<ymax>384</ymax>
		</bndbox>
	</object>
</annotation>
