<annotation>
	<folder></folder>
	<filename>0560_jpg.rf.57f11d08a850f11aa0ae80b715db7b5d.jpg</filename>
	<path>0560_jpg.rf.57f11d08a850f11aa0ae80b715db7b5d.jpg</path>
	<source>
		<database>roboflow.ai</database>
	</source>
	<size>
		<width>512</width>
		<height>384</height>
		<depth>3</depth>
	</size>
	<segmented>0</segmented>
	<object>
		<name>Paper</name>
		<pose>Unspecified</pose>
		<truncated>0</truncated>
		<difficult>0</difficult>
		<occluded>0</occluded>
		<bndbox>
			<xmin>95</xmin>
			<xmax>348</xmax>
			<ymin>7</ymin>
			<ymax>360</ymax>
		</bndbox>
	</object>
</annotation>
