<annotation>
	<folder></folder>
	<filename>0563_jpg.rf.f80daac54a1e14bfd27b6c3e632d3da1.jpg</filename>
	<path>0563_jpg.rf.f80daac54a1e14bfd27b6c3e632d3da1.jpg</path>
	<source>
		<database>roboflow.ai</database>
	</source>
	<size>
		<width>512</width>
		<height>384</height>
		<depth>3</depth>
	</size>
	<segmented>0</segmented>
	<object>
		<name>Paper</name>
		<pose>Unspecified</pose>
		<truncated>0</truncated>
		<difficult>0</difficult>
		<occluded>0</occluded>
		<bndbox>
			<xmin>62</xmin>
			<xmax>431</xmax>
			<ymin>111</ymin>
			<ymax>316</ymax>
		</bndbox>
	</object>
</annotation>
