<annotation>
	<folder></folder>
	<filename>0565_jpg.rf.43d7355a32669cbdb942648ea4114c8d.jpg</filename>
	<path>0565_jpg.rf.43d7355a32669cbdb942648ea4114c8d.jpg</path>
	<source>
		<database>roboflow.ai</database>
	</source>
	<size>
		<width>512</width>
		<height>384</height>
		<depth>3</depth>
	</size>
	<segmented>0</segmented>
	<object>
		<name>Paper</name>
		<pose>Unspecified</pose>
		<truncated>0</truncated>
		<difficult>0</difficult>
		<occluded>0</occluded>
		<bndbox>
			<xmin>1</xmin>
			<xmax>508</xmax>
			<ymin>1</ymin>
			<ymax>382</ymax>
		</bndbox>
	</object>
</annotation>
