<annotation>
	<folder></folder>
	<filename>0566_jpg.rf.f0ac44660b18940e9dfc160c25c58240.jpg</filename>
	<path>0566_jpg.rf.f0ac44660b18940e9dfc160c25c58240.jpg</path>
	<source>
		<database>roboflow.ai</database>
	</source>
	<size>
		<width>512</width>
		<height>384</height>
		<depth>3</depth>
	</size>
	<segmented>0</segmented>
	<object>
		<name>Paper</name>
		<pose>Unspecified</pose>
		<truncated>0</truncated>
		<difficult>0</difficult>
		<occluded>0</occluded>
		<bndbox>
			<xmin>34</xmin>
			<xmax>509</xmax>
			<ymin>1</ymin>
			<ymax>377</ymax>
		</bndbox>
	</object>
</annotation>
