<annotation>
	<folder></folder>
	<filename>0568_jpg.rf.90b7d019bf5d7d47f6f7a336f2c4a017.jpg</filename>
	<path>0568_jpg.rf.90b7d019bf5d7d47f6f7a336f2c4a017.jpg</path>
	<source>
		<database>roboflow.ai</database>
	</source>
	<size>
		<width>512</width>
		<height>384</height>
		<depth>3</depth>
	</size>
	<segmented>0</segmented>
	<object>
		<name>Paper</name>
		<pose>Unspecified</pose>
		<truncated>0</truncated>
		<difficult>0</difficult>
		<occluded>0</occluded>
		<bndbox>
			<xmin>1</xmin>
			<xmax>499</xmax>
			<ymin>3</ymin>
			<ymax>384</ymax>
		</bndbox>
	</object>
</annotation>
