<annotation>
	<folder></folder>
	<filename>0569_jpg.rf.2387228ca1a54e0e20ada88a203806cb.jpg</filename>
	<path>0569_jpg.rf.2387228ca1a54e0e20ada88a203806cb.jpg</path>
	<source>
		<database>roboflow.ai</database>
	</source>
	<size>
		<width>512</width>
		<height>384</height>
		<depth>3</depth>
	</size>
	<segmented>0</segmented>
	<object>
		<name>Paper</name>
		<pose>Unspecified</pose>
		<truncated>0</truncated>
		<difficult>0</difficult>
		<occluded>0</occluded>
		<bndbox>
			<xmin>66</xmin>
			<xmax>405</xmax>
			<ymin>11</ymin>
			<ymax>384</ymax>
		</bndbox>
	</object>
</annotation>
