<annotation>
	<folder></folder>
	<filename>0570_jpg.rf.de4135ce166fcf28aee609132c2e0da5.jpg</filename>
	<path>0570_jpg.rf.de4135ce166fcf28aee609132c2e0da5.jpg</path>
	<source>
		<database>roboflow.ai</database>
	</source>
	<size>
		<width>512</width>
		<height>384</height>
		<depth>3</depth>
	</size>
	<segmented>0</segmented>
	<object>
		<name>Paper</name>
		<pose>Unspecified</pose>
		<truncated>0</truncated>
		<difficult>0</difficult>
		<occluded>0</occluded>
		<bndbox>
			<xmin>1</xmin>
			<xmax>511</xmax>
			<ymin>1</ymin>
			<ymax>336</ymax>
		</bndbox>
	</object>
</annotation>
