<annotation>
	<folder></folder>
	<filename>0573_jpg.rf.2861e192d4c90c3ec4e9b848d4748b53.jpg</filename>
	<path>0573_jpg.rf.2861e192d4c90c3ec4e9b848d4748b53.jpg</path>
	<source>
		<database>roboflow.ai</database>
	</source>
	<size>
		<width>512</width>
		<height>384</height>
		<depth>3</depth>
	</size>
	<segmented>0</segmented>
	<object>
		<name>Paper</name>
		<pose>Unspecified</pose>
		<truncated>0</truncated>
		<difficult>0</difficult>
		<occluded>0</occluded>
		<bndbox>
			<xmin>35</xmin>
			<xmax>492</xmax>
			<ymin>10</ymin>
			<ymax>384</ymax>
		</bndbox>
	</object>
</annotation>
