<annotation>
	<folder></folder>
	<filename>0575_jpg.rf.96feda183c76364bb59bcdeff314e5ab.jpg</filename>
	<path>0575_jpg.rf.96feda183c76364bb59bcdeff314e5ab.jpg</path>
	<source>
		<database>roboflow.ai</database>
	</source>
	<size>
		<width>512</width>
		<height>384</height>
		<depth>3</depth>
	</size>
	<segmented>0</segmented>
	<object>
		<name>Paper</name>
		<pose>Unspecified</pose>
		<truncated>0</truncated>
		<difficult>0</difficult>
		<occluded>0</occluded>
		<bndbox>
			<xmin>27</xmin>
			<xmax>505</xmax>
			<ymin>69</ymin>
			<ymax>340</ymax>
		</bndbox>
	</object>
</annotation>
