<annotation>
	<folder></folder>
	<filename>0576_jpg.rf.72fa6360dd8dce573c7ff40d98bd827b.jpg</filename>
	<path>0576_jpg.rf.72fa6360dd8dce573c7ff40d98bd827b.jpg</path>
	<source>
		<database>roboflow.ai</database>
	</source>
	<size>
		<width>512</width>
		<height>384</height>
		<depth>3</depth>
	</size>
	<segmented>0</segmented>
	<object>
		<name>Paper</name>
		<pose>Unspecified</pose>
		<truncated>0</truncated>
		<difficult>0</difficult>
		<occluded>0</occluded>
		<bndbox>
			<xmin>91</xmin>
			<xmax>377</xmax>
			<ymin>66</ymin>
			<ymax>323</ymax>
		</bndbox>
	</object>
</annotation>
