<annotation>
	<folder></folder>
	<filename>0577_jpg.rf.dc5ac87abe0e04c6597c2b4582f5dc58.jpg</filename>
	<path>0577_jpg.rf.dc5ac87abe0e04c6597c2b4582f5dc58.jpg</path>
	<source>
		<database>roboflow.ai</database>
	</source>
	<size>
		<width>512</width>
		<height>384</height>
		<depth>3</depth>
	</size>
	<segmented>0</segmented>
	<object>
		<name>Paper</name>
		<pose>Unspecified</pose>
		<truncated>0</truncated>
		<difficult>0</difficult>
		<occluded>0</occluded>
		<bndbox>
			<xmin>79</xmin>
			<xmax>301</xmax>
			<ymin>114</ymin>
			<ymax>298</ymax>
		</bndbox>
	</object>
</annotation>
