<annotation>
	<folder></folder>
	<filename>0579_jpg.rf.15a731e9b85fda26e0977b6aad0a0ad1.jpg</filename>
	<path>0579_jpg.rf.15a731e9b85fda26e0977b6aad0a0ad1.jpg</path>
	<source>
		<database>roboflow.ai</database>
	</source>
	<size>
		<width>512</width>
		<height>384</height>
		<depth>3</depth>
	</size>
	<segmented>0</segmented>
	<object>
		<name>Paper</name>
		<pose>Unspecified</pose>
		<truncated>0</truncated>
		<difficult>0</difficult>
		<occluded>0</occluded>
		<bndbox>
			<xmin>33</xmin>
			<xmax>449</xmax>
			<ymin>32</ymin>
			<ymax>360</ymax>
		</bndbox>
	</object>
</annotation>
