<annotation>
	<folder></folder>
	<filename>0580_jpg.rf.9590455cef4534656db9845144f2aab5.jpg</filename>
	<path>0580_jpg.rf.9590455cef4534656db9845144f2aab5.jpg</path>
	<source>
		<database>roboflow.ai</database>
	</source>
	<size>
		<width>512</width>
		<height>384</height>
		<depth>3</depth>
	</size>
	<segmented>0</segmented>
	<object>
		<name>Paper</name>
		<pose>Unspecified</pose>
		<truncated>0</truncated>
		<difficult>0</difficult>
		<occluded>0</occluded>
		<bndbox>
			<xmin>10</xmin>
			<xmax>456</xmax>
			<ymin>1</ymin>
			<ymax>384</ymax>
		</bndbox>
	</object>
</annotation>
