<annotation>
	<folder></folder>
	<filename>0581_jpg.rf.d508c61316cfe44ceb2510672d50c849.jpg</filename>
	<path>0581_jpg.rf.d508c61316cfe44ceb2510672d50c849.jpg</path>
	<source>
		<database>roboflow.ai</database>
	</source>
	<size>
		<width>512</width>
		<height>384</height>
		<depth>3</depth>
	</size>
	<segmented>0</segmented>
	<object>
		<name>Paper</name>
		<pose>Unspecified</pose>
		<truncated>0</truncated>
		<difficult>0</difficult>
		<occluded>0</occluded>
		<bndbox>
			<xmin>74</xmin>
			<xmax>403</xmax>
			<ymin>32</ymin>
			<ymax>384</ymax>
		</bndbox>
	</object>
</annotation>
