<annotation>
	<folder></folder>
	<filename>0582_jpg.rf.47f463427c73df7e1e4a5d1b96c9bc42.jpg</filename>
	<path>0582_jpg.rf.47f463427c73df7e1e4a5d1b96c9bc42.jpg</path>
	<source>
		<database>roboflow.ai</database>
	</source>
	<size>
		<width>512</width>
		<height>384</height>
		<depth>3</depth>
	</size>
	<segmented>0</segmented>
	<object>
		<name>Paper</name>
		<pose>Unspecified</pose>
		<truncated>0</truncated>
		<difficult>0</difficult>
		<occluded>0</occluded>
		<bndbox>
			<xmin>34</xmin>
			<xmax>449</xmax>
			<ymin>3</ymin>
			<ymax>384</ymax>
		</bndbox>
	</object>
</annotation>
