<annotation>
	<folder></folder>
	<filename>0585_jpg.rf.9cb30fada79afaf5240eba3a3d3dfe95.jpg</filename>
	<path>0585_jpg.rf.9cb30fada79afaf5240eba3a3d3dfe95.jpg</path>
	<source>
		<database>roboflow.ai</database>
	</source>
	<size>
		<width>512</width>
		<height>384</height>
		<depth>3</depth>
	</size>
	<segmented>0</segmented>
	<object>
		<name>Paper</name>
		<pose>Unspecified</pose>
		<truncated>0</truncated>
		<difficult>0</difficult>
		<occluded>0</occluded>
		<bndbox>
			<xmin>143</xmin>
			<xmax>360</xmax>
			<ymin>44</ymin>
			<ymax>379</ymax>
		</bndbox>
	</object>
</annotation>
