<annotation>
	<folder></folder>
	<filename>0586_jpg.rf.0621280eee2c0baafff98ee1153c39cb.jpg</filename>
	<path>0586_jpg.rf.0621280eee2c0baafff98ee1153c39cb.jpg</path>
	<source>
		<database>roboflow.ai</database>
	</source>
	<size>
		<width>512</width>
		<height>384</height>
		<depth>3</depth>
	</size>
	<segmented>0</segmented>
	<object>
		<name>Paper</name>
		<pose>Unspecified</pose>
		<truncated>0</truncated>
		<difficult>0</difficult>
		<occluded>0</occluded>
		<bndbox>
			<xmin>15</xmin>
			<xmax>431</xmax>
			<ymin>8</ymin>
			<ymax>375</ymax>
		</bndbox>
	</object>
</annotation>
