<annotation>
	<folder></folder>
	<filename>0587_jpg.rf.6f951caade140eac29d5408057a73f6d.jpg</filename>
	<path>0587_jpg.rf.6f951caade140eac29d5408057a73f6d.jpg</path>
	<source>
		<database>roboflow.ai</database>
	</source>
	<size>
		<width>512</width>
		<height>384</height>
		<depth>3</depth>
	</size>
	<segmented>0</segmented>
	<object>
		<name>Paper</name>
		<pose>Unspecified</pose>
		<truncated>0</truncated>
		<difficult>0</difficult>
		<occluded>0</occluded>
		<bndbox>
			<xmin>25</xmin>
			<xmax>503</xmax>
			<ymin>8</ymin>
			<ymax>343</ymax>
		</bndbox>
	</object>
</annotation>
