<annotation>
	<folder></folder>
	<filename>0588_jpg.rf.f2cffe8f9e09a03c071decfe189c2b80.jpg</filename>
	<path>0588_jpg.rf.f2cffe8f9e09a03c071decfe189c2b80.jpg</path>
	<source>
		<database>roboflow.ai</database>
	</source>
	<size>
		<width>512</width>
		<height>384</height>
		<depth>3</depth>
	</size>
	<segmented>0</segmented>
	<object>
		<name>Paper</name>
		<pose>Unspecified</pose>
		<truncated>0</truncated>
		<difficult>0</difficult>
		<occluded>0</occluded>
		<bndbox>
			<xmin>1</xmin>
			<xmax>508</xmax>
			<ymin>2</ymin>
			<ymax>377</ymax>
		</bndbox>
	</object>
</annotation>
