<annotation>
	<folder></folder>
	<filename>0589_jpg.rf.7114819a3c5d904e80e4337ec7f03f61.jpg</filename>
	<path>0589_jpg.rf.7114819a3c5d904e80e4337ec7f03f61.jpg</path>
	<source>
		<database>roboflow.ai</database>
	</source>
	<size>
		<width>512</width>
		<height>384</height>
		<depth>3</depth>
	</size>
	<segmented>0</segmented>
	<object>
		<name>Paper</name>
		<pose>Unspecified</pose>
		<truncated>0</truncated>
		<difficult>0</difficult>
		<occluded>0</occluded>
		<bndbox>
			<xmin>63</xmin>
			<xmax>499</xmax>
			<ymin>2</ymin>
			<ymax>384</ymax>
		</bndbox>
	</object>
</annotation>
