<annotation>
	<folder></folder>
	<filename>0592_jpg.rf.81fb7e55fb451ee7e71fd8aaed5fb1f3.jpg</filename>
	<path>0592_jpg.rf.81fb7e55fb451ee7e71fd8aaed5fb1f3.jpg</path>
	<source>
		<database>roboflow.ai</database>
	</source>
	<size>
		<width>512</width>
		<height>384</height>
		<depth>3</depth>
	</size>
	<segmented>0</segmented>
	<object>
		<name>Paper</name>
		<pose>Unspecified</pose>
		<truncated>0</truncated>
		<difficult>0</difficult>
		<occluded>0</occluded>
		<bndbox>
			<xmin>45</xmin>
			<xmax>487</xmax>
			<ymin>72</ymin>
			<ymax>330</ymax>
		</bndbox>
	</object>
</annotation>
