<annotation>
	<folder></folder>
	<filename>0593_jpg.rf.3acfa5a99150ab5c548f60f060d1caa3.jpg</filename>
	<path>0593_jpg.rf.3acfa5a99150ab5c548f60f060d1caa3.jpg</path>
	<source>
		<database>roboflow.ai</database>
	</source>
	<size>
		<width>512</width>
		<height>384</height>
		<depth>3</depth>
	</size>
	<segmented>0</segmented>
	<object>
		<name>Paper</name>
		<pose>Unspecified</pose>
		<truncated>0</truncated>
		<difficult>0</difficult>
		<occluded>0</occluded>
		<bndbox>
			<xmin>21</xmin>
			<xmax>423</xmax>
			<ymin>5</ymin>
			<ymax>372</ymax>
		</bndbox>
	</object>
</annotation>
