<annotation>
	<folder></folder>
	<filename>0594_jpg.rf.4b8eaf8fda1ea7cead7acfc0527b6f89.jpg</filename>
	<path>0594_jpg.rf.4b8eaf8fda1ea7cead7acfc0527b6f89.jpg</path>
	<source>
		<database>roboflow.ai</database>
	</source>
	<size>
		<width>512</width>
		<height>384</height>
		<depth>3</depth>
	</size>
	<segmented>0</segmented>
	<object>
		<name>Paper</name>
		<pose>Unspecified</pose>
		<truncated>0</truncated>
		<difficult>0</difficult>
		<occluded>0</occluded>
		<bndbox>
			<xmin>1</xmin>
			<xmax>506</xmax>
			<ymin>5</ymin>
			<ymax>384</ymax>
		</bndbox>
	</object>
</annotation>
