<annotation>
	<folder></folder>
	<filename>0596_jpg.rf.aa4b1c69e456a8b8482a171234b85c6e.jpg</filename>
	<path>0596_jpg.rf.aa4b1c69e456a8b8482a171234b85c6e.jpg</path>
	<source>
		<database>roboflow.ai</database>
	</source>
	<size>
		<width>512</width>
		<height>384</height>
		<depth>3</depth>
	</size>
	<segmented>0</segmented>
	<object>
		<name>Paper</name>
		<pose>Unspecified</pose>
		<truncated>0</truncated>
		<difficult>0</difficult>
		<occluded>0</occluded>
		<bndbox>
			<xmin>69</xmin>
			<xmax>496</xmax>
			<ymin>9</ymin>
			<ymax>369</ymax>
		</bndbox>
	</object>
</annotation>
