<annotation>
	<folder></folder>
	<filename>0597_jpg.rf.9a28ee81ca9f72ab39c027b0e86f04d5.jpg</filename>
	<path>0597_jpg.rf.9a28ee81ca9f72ab39c027b0e86f04d5.jpg</path>
	<source>
		<database>roboflow.ai</database>
	</source>
	<size>
		<width>512</width>
		<height>384</height>
		<depth>3</depth>
	</size>
	<segmented>0</segmented>
	<object>
		<name>Paper</name>
		<pose>Unspecified</pose>
		<truncated>0</truncated>
		<difficult>0</difficult>
		<occluded>0</occluded>
		<bndbox>
			<xmin>25</xmin>
			<xmax>403</xmax>
			<ymin>5</ymin>
			<ymax>373</ymax>
		</bndbox>
	</object>
</annotation>
