<annotation>
	<folder></folder>
	<filename>0598_jpg.rf.8a5741f0e8b6520f5543bd2f199ed4f0.jpg</filename>
	<path>0598_jpg.rf.8a5741f0e8b6520f5543bd2f199ed4f0.jpg</path>
	<source>
		<database>roboflow.ai</database>
	</source>
	<size>
		<width>512</width>
		<height>384</height>
		<depth>3</depth>
	</size>
	<segmented>0</segmented>
	<object>
		<name>Paper</name>
		<pose>Unspecified</pose>
		<truncated>0</truncated>
		<difficult>0</difficult>
		<occluded>0</occluded>
		<bndbox>
			<xmin>69</xmin>
			<xmax>367</xmax>
			<ymin>62</ymin>
			<ymax>325</ymax>
		</bndbox>
	</object>
</annotation>
