<annotation>
	<folder></folder>
	<filename>0600_jpg.rf.ff3c08cd6de213e0c72d8dcfaa41d491.jpg</filename>
	<path>0600_jpg.rf.ff3c08cd6de213e0c72d8dcfaa41d491.jpg</path>
	<source>
		<database>roboflow.ai</database>
	</source>
	<size>
		<width>512</width>
		<height>384</height>
		<depth>3</depth>
	</size>
	<segmented>0</segmented>
	<object>
		<name>Paper</name>
		<pose>Unspecified</pose>
		<truncated>0</truncated>
		<difficult>0</difficult>
		<occluded>0</occluded>
		<bndbox>
			<xmin>39</xmin>
			<xmax>477</xmax>
			<ymin>15</ymin>
			<ymax>384</ymax>
		</bndbox>
	</object>
</annotation>
