<annotation>
	<folder></folder>
	<filename>0602_jpg.rf.9064762862fcbb3c3f098f58f92762d9.jpg</filename>
	<path>0602_jpg.rf.9064762862fcbb3c3f098f58f92762d9.jpg</path>
	<source>
		<database>roboflow.ai</database>
	</source>
	<size>
		<width>512</width>
		<height>384</height>
		<depth>3</depth>
	</size>
	<segmented>0</segmented>
	<object>
		<name>Paper</name>
		<pose>Unspecified</pose>
		<truncated>0</truncated>
		<difficult>0</difficult>
		<occluded>0</occluded>
		<bndbox>
			<xmin>61</xmin>
			<xmax>334</xmax>
			<ymin>20</ymin>
			<ymax>358</ymax>
		</bndbox>
	</object>
</annotation>
