<annotation>
	<folder></folder>
	<filename>0603_jpg.rf.5578c02521aba1103d676309e08eaf34.jpg</filename>
	<path>0603_jpg.rf.5578c02521aba1103d676309e08eaf34.jpg</path>
	<source>
		<database>roboflow.ai</database>
	</source>
	<size>
		<width>512</width>
		<height>384</height>
		<depth>3</depth>
	</size>
	<segmented>0</segmented>
	<object>
		<name>Paper</name>
		<pose>Unspecified</pose>
		<truncated>0</truncated>
		<difficult>0</difficult>
		<occluded>0</occluded>
		<bndbox>
			<xmin>69</xmin>
			<xmax>438</xmax>
			<ymin>44</ymin>
			<ymax>277</ymax>
		</bndbox>
	</object>
</annotation>
