<annotation>
	<folder></folder>
	<filename>0605_jpg.rf.41b910a83d7b5b7c622d645afba4c763.jpg</filename>
	<path>0605_jpg.rf.41b910a83d7b5b7c622d645afba4c763.jpg</path>
	<source>
		<database>roboflow.ai</database>
	</source>
	<size>
		<width>512</width>
		<height>384</height>
		<depth>3</depth>
	</size>
	<segmented>0</segmented>
	<object>
		<name>Paper</name>
		<pose>Unspecified</pose>
		<truncated>0</truncated>
		<difficult>0</difficult>
		<occluded>0</occluded>
		<bndbox>
			<xmin>93</xmin>
			<xmax>342</xmax>
			<ymin>82</ymin>
			<ymax>342</ymax>
		</bndbox>
	</object>
</annotation>
