<annotation>
	<folder></folder>
	<filename>0607_jpg.rf.d4698ccc245fa45a199588f4d93c6d89.jpg</filename>
	<path>0607_jpg.rf.d4698ccc245fa45a199588f4d93c6d89.jpg</path>
	<source>
		<database>roboflow.ai</database>
	</source>
	<size>
		<width>512</width>
		<height>384</height>
		<depth>3</depth>
	</size>
	<segmented>0</segmented>
	<object>
		<name>Paper</name>
		<pose>Unspecified</pose>
		<truncated>0</truncated>
		<difficult>0</difficult>
		<occluded>0</occluded>
		<bndbox>
			<xmin>3</xmin>
			<xmax>412</xmax>
			<ymin>30</ymin>
			<ymax>384</ymax>
		</bndbox>
	</object>
</annotation>
