<annotation>
	<folder></folder>
	<filename>0610_jpg.rf.a7b59f0b8fe06d414a6963f250c47dff.jpg</filename>
	<path>0610_jpg.rf.a7b59f0b8fe06d414a6963f250c47dff.jpg</path>
	<source>
		<database>roboflow.ai</database>
	</source>
	<size>
		<width>512</width>
		<height>384</height>
		<depth>3</depth>
	</size>
	<segmented>0</segmented>
	<object>
		<name>Paper</name>
		<pose>Unspecified</pose>
		<truncated>0</truncated>
		<difficult>0</difficult>
		<occluded>0</occluded>
		<bndbox>
			<xmin>4</xmin>
			<xmax>475</xmax>
			<ymin>3</ymin>
			<ymax>384</ymax>
		</bndbox>
	</object>
</annotation>
