<annotation>
	<folder></folder>
	<filename>0611_jpg.rf.e354a4d5932189999fa42e2700c24e9a.jpg</filename>
	<path>0611_jpg.rf.e354a4d5932189999fa42e2700c24e9a.jpg</path>
	<source>
		<database>roboflow.ai</database>
	</source>
	<size>
		<width>512</width>
		<height>384</height>
		<depth>3</depth>
	</size>
	<segmented>0</segmented>
	<object>
		<name>Paper</name>
		<pose>Unspecified</pose>
		<truncated>0</truncated>
		<difficult>0</difficult>
		<occluded>0</occluded>
		<bndbox>
			<xmin>10</xmin>
			<xmax>507</xmax>
			<ymin>4</ymin>
			<ymax>384</ymax>
		</bndbox>
	</object>
</annotation>
