<annotation>
	<folder></folder>
	<filename>0614_jpg.rf.f1280547de6c046397f29228546689c4.jpg</filename>
	<path>0614_jpg.rf.f1280547de6c046397f29228546689c4.jpg</path>
	<source>
		<database>roboflow.ai</database>
	</source>
	<size>
		<width>512</width>
		<height>384</height>
		<depth>3</depth>
	</size>
	<segmented>0</segmented>
	<object>
		<name>Paper</name>
		<pose>Unspecified</pose>
		<truncated>0</truncated>
		<difficult>0</difficult>
		<occluded>0</occluded>
		<bndbox>
			<xmin>1</xmin>
			<xmax>413</xmax>
			<ymin>1</ymin>
			<ymax>377</ymax>
		</bndbox>
	</object>
</annotation>
