<annotation>
	<folder></folder>
	<filename>0615_jpg.rf.177d1d19f5cb3beb600e5c8a03d53f9a.jpg</filename>
	<path>0615_jpg.rf.177d1d19f5cb3beb600e5c8a03d53f9a.jpg</path>
	<source>
		<database>roboflow.ai</database>
	</source>
	<size>
		<width>512</width>
		<height>384</height>
		<depth>3</depth>
	</size>
	<segmented>0</segmented>
	<object>
		<name>Paper</name>
		<pose>Unspecified</pose>
		<truncated>0</truncated>
		<difficult>0</difficult>
		<occluded>0</occluded>
		<bndbox>
			<xmin>6</xmin>
			<xmax>472</xmax>
			<ymin>42</ymin>
			<ymax>331</ymax>
		</bndbox>
	</object>
</annotation>
