<annotation>
	<folder></folder>
	<filename>0616_jpg.rf.d8404944706ea7fe4321ec89f22f8fa5.jpg</filename>
	<path>0616_jpg.rf.d8404944706ea7fe4321ec89f22f8fa5.jpg</path>
	<source>
		<database>roboflow.ai</database>
	</source>
	<size>
		<width>512</width>
		<height>384</height>
		<depth>3</depth>
	</size>
	<segmented>0</segmented>
	<object>
		<name>Paper</name>
		<pose>Unspecified</pose>
		<truncated>0</truncated>
		<difficult>0</difficult>
		<occluded>0</occluded>
		<bndbox>
			<xmin>1</xmin>
			<xmax>488</xmax>
			<ymin>8</ymin>
			<ymax>384</ymax>
		</bndbox>
	</object>
</annotation>
