<annotation>
	<folder></folder>
	<filename>0617_jpg.rf.a19977637e4a1dd46002cf02abdde331.jpg</filename>
	<path>0617_jpg.rf.a19977637e4a1dd46002cf02abdde331.jpg</path>
	<source>
		<database>roboflow.ai</database>
	</source>
	<size>
		<width>512</width>
		<height>384</height>
		<depth>3</depth>
	</size>
	<segmented>0</segmented>
	<object>
		<name>Paper</name>
		<pose>Unspecified</pose>
		<truncated>0</truncated>
		<difficult>0</difficult>
		<occluded>0</occluded>
		<bndbox>
			<xmin>51</xmin>
			<xmax>459</xmax>
			<ymin>1</ymin>
			<ymax>379</ymax>
		</bndbox>
	</object>
</annotation>
