<annotation>
	<folder></folder>
	<filename>0618_jpg.rf.0f3dc860b21f37414daa2b0020f4e078.jpg</filename>
	<path>0618_jpg.rf.0f3dc860b21f37414daa2b0020f4e078.jpg</path>
	<source>
		<database>roboflow.ai</database>
	</source>
	<size>
		<width>512</width>
		<height>384</height>
		<depth>3</depth>
	</size>
	<segmented>0</segmented>
	<object>
		<name>Paper</name>
		<pose>Unspecified</pose>
		<truncated>0</truncated>
		<difficult>0</difficult>
		<occluded>0</occluded>
		<bndbox>
			<xmin>6</xmin>
			<xmax>405</xmax>
			<ymin>4</ymin>
			<ymax>384</ymax>
		</bndbox>
	</object>
</annotation>
