<annotation>
	<folder></folder>
	<filename>0619_jpg.rf.b47fd8543a3c1ed6fbff6727e532230a.jpg</filename>
	<path>0619_jpg.rf.b47fd8543a3c1ed6fbff6727e532230a.jpg</path>
	<source>
		<database>roboflow.ai</database>
	</source>
	<size>
		<width>512</width>
		<height>384</height>
		<depth>3</depth>
	</size>
	<segmented>0</segmented>
	<object>
		<name>Paper</name>
		<pose>Unspecified</pose>
		<truncated>0</truncated>
		<difficult>0</difficult>
		<occluded>0</occluded>
		<bndbox>
			<xmin>84</xmin>
			<xmax>358</xmax>
			<ymin>73</ymin>
			<ymax>332</ymax>
		</bndbox>
	</object>
</annotation>
