<annotation>
	<folder></folder>
	<filename>0621_jpg.rf.dd274fe071755911d5678f9de9e53172.jpg</filename>
	<path>0621_jpg.rf.dd274fe071755911d5678f9de9e53172.jpg</path>
	<source>
		<database>roboflow.ai</database>
	</source>
	<size>
		<width>512</width>
		<height>384</height>
		<depth>3</depth>
	</size>
	<segmented>0</segmented>
	<object>
		<name>Paper</name>
		<pose>Unspecified</pose>
		<truncated>0</truncated>
		<difficult>0</difficult>
		<occluded>0</occluded>
		<bndbox>
			<xmin>116</xmin>
			<xmax>361</xmax>
			<ymin>14</ymin>
			<ymax>382</ymax>
		</bndbox>
	</object>
</annotation>
