<annotation>
	<folder></folder>
	<filename>0623_jpg.rf.becd1c1496e397b73bc1ecf7cea8f533.jpg</filename>
	<path>0623_jpg.rf.becd1c1496e397b73bc1ecf7cea8f533.jpg</path>
	<source>
		<database>roboflow.ai</database>
	</source>
	<size>
		<width>512</width>
		<height>384</height>
		<depth>3</depth>
	</size>
	<segmented>0</segmented>
	<object>
		<name>Paper</name>
		<pose>Unspecified</pose>
		<truncated>0</truncated>
		<difficult>0</difficult>
		<occluded>0</occluded>
		<bndbox>
			<xmin>51</xmin>
			<xmax>448</xmax>
			<ymin>108</ymin>
			<ymax>345</ymax>
		</bndbox>
	</object>
</annotation>
