<annotation>
	<folder></folder>
	<filename>0629_jpg.rf.5074859fdc3863e130353d2281486875.jpg</filename>
	<path>0629_jpg.rf.5074859fdc3863e130353d2281486875.jpg</path>
	<source>
		<database>roboflow.ai</database>
	</source>
	<size>
		<width>512</width>
		<height>384</height>
		<depth>3</depth>
	</size>
	<segmented>0</segmented>
	<object>
		<name>Paper</name>
		<pose>Unspecified</pose>
		<truncated>0</truncated>
		<difficult>0</difficult>
		<occluded>0</occluded>
		<bndbox>
			<xmin>85</xmin>
			<xmax>316</xmax>
			<ymin>54</ymin>
			<ymax>321</ymax>
		</bndbox>
	</object>
</annotation>
