<annotation>
	<folder></folder>
	<filename>0630_jpg.rf.4f2ec4cdfbeaa625c5450f4360a8cdb4.jpg</filename>
	<path>0630_jpg.rf.4f2ec4cdfbeaa625c5450f4360a8cdb4.jpg</path>
	<source>
		<database>roboflow.ai</database>
	</source>
	<size>
		<width>512</width>
		<height>384</height>
		<depth>3</depth>
	</size>
	<segmented>0</segmented>
	<object>
		<name>Paper</name>
		<pose>Unspecified</pose>
		<truncated>0</truncated>
		<difficult>0</difficult>
		<occluded>0</occluded>
		<bndbox>
			<xmin>20</xmin>
			<xmax>489</xmax>
			<ymin>6</ymin>
			<ymax>384</ymax>
		</bndbox>
	</object>
</annotation>
