<annotation>
	<folder></folder>
	<filename>0631_jpg.rf.6f433e0f5881a9cab2ca1445f00051a9.jpg</filename>
	<path>0631_jpg.rf.6f433e0f5881a9cab2ca1445f00051a9.jpg</path>
	<source>
		<database>roboflow.ai</database>
	</source>
	<size>
		<width>512</width>
		<height>384</height>
		<depth>3</depth>
	</size>
	<segmented>0</segmented>
	<object>
		<name>Paper</name>
		<pose>Unspecified</pose>
		<truncated>0</truncated>
		<difficult>0</difficult>
		<occluded>0</occluded>
		<bndbox>
			<xmin>1</xmin>
			<xmax>448</xmax>
			<ymin>22</ymin>
			<ymax>371</ymax>
		</bndbox>
	</object>
</annotation>
