<annotation>
	<folder></folder>
	<filename>0632_jpg.rf.4cf97b4b500e2acea6c27370596f4b78.jpg</filename>
	<path>0632_jpg.rf.4cf97b4b500e2acea6c27370596f4b78.jpg</path>
	<source>
		<database>roboflow.ai</database>
	</source>
	<size>
		<width>512</width>
		<height>384</height>
		<depth>3</depth>
	</size>
	<segmented>0</segmented>
	<object>
		<name>Paper</name>
		<pose>Unspecified</pose>
		<truncated>0</truncated>
		<difficult>0</difficult>
		<occluded>0</occluded>
		<bndbox>
			<xmin>64</xmin>
			<xmax>392</xmax>
			<ymin>86</ymin>
			<ymax>325</ymax>
		</bndbox>
	</object>
</annotation>
