<annotation>
	<folder></folder>
	<filename>0633_jpg.rf.ebbc3e38ae1da52a7af06edcd56ceb91.jpg</filename>
	<path>0633_jpg.rf.ebbc3e38ae1da52a7af06edcd56ceb91.jpg</path>
	<source>
		<database>roboflow.ai</database>
	</source>
	<size>
		<width>512</width>
		<height>384</height>
		<depth>3</depth>
	</size>
	<segmented>0</segmented>
	<object>
		<name>Paper</name>
		<pose>Unspecified</pose>
		<truncated>0</truncated>
		<difficult>0</difficult>
		<occluded>0</occluded>
		<bndbox>
			<xmin>52</xmin>
			<xmax>465</xmax>
			<ymin>59</ymin>
			<ymax>360</ymax>
		</bndbox>
	</object>
</annotation>
