<annotation>
	<folder></folder>
	<filename>0634_jpg.rf.c413af8a2601ad9ffae2e2e06cf9d255.jpg</filename>
	<path>0634_jpg.rf.c413af8a2601ad9ffae2e2e06cf9d255.jpg</path>
	<source>
		<database>roboflow.ai</database>
	</source>
	<size>
		<width>512</width>
		<height>384</height>
		<depth>3</depth>
	</size>
	<segmented>0</segmented>
	<object>
		<name>Paper</name>
		<pose>Unspecified</pose>
		<truncated>0</truncated>
		<difficult>0</difficult>
		<occluded>0</occluded>
		<bndbox>
			<xmin>39</xmin>
			<xmax>483</xmax>
			<ymin>49</ymin>
			<ymax>364</ymax>
		</bndbox>
	</object>
</annotation>
