<annotation>
	<folder></folder>
	<filename>0636_jpg.rf.3e729151fc26c5a06c0e9cf5b769119c.jpg</filename>
	<path>0636_jpg.rf.3e729151fc26c5a06c0e9cf5b769119c.jpg</path>
	<source>
		<database>roboflow.ai</database>
	</source>
	<size>
		<width>512</width>
		<height>384</height>
		<depth>3</depth>
	</size>
	<segmented>0</segmented>
	<object>
		<name>Paper</name>
		<pose>Unspecified</pose>
		<truncated>0</truncated>
		<difficult>0</difficult>
		<occluded>0</occluded>
		<bndbox>
			<xmin>1</xmin>
			<xmax>388</xmax>
			<ymin>10</ymin>
			<ymax>357</ymax>
		</bndbox>
	</object>
</annotation>
