<annotation>
	<folder></folder>
	<filename>0639_jpg.rf.da44050fe12aaea085b57f58f3dac5c8.jpg</filename>
	<path>0639_jpg.rf.da44050fe12aaea085b57f58f3dac5c8.jpg</path>
	<source>
		<database>roboflow.ai</database>
	</source>
	<size>
		<width>512</width>
		<height>384</height>
		<depth>3</depth>
	</size>
	<segmented>0</segmented>
	<object>
		<name>Paper</name>
		<pose>Unspecified</pose>
		<truncated>0</truncated>
		<difficult>0</difficult>
		<occluded>0</occluded>
		<bndbox>
			<xmin>75</xmin>
			<xmax>432</xmax>
			<ymin>51</ymin>
			<ymax>351</ymax>
		</bndbox>
	</object>
</annotation>
