<annotation>
	<folder></folder>
	<filename>0640_jpg.rf.ae07555e9daa56b6c7badc66ba5397ab.jpg</filename>
	<path>0640_jpg.rf.ae07555e9daa56b6c7badc66ba5397ab.jpg</path>
	<source>
		<database>roboflow.ai</database>
	</source>
	<size>
		<width>512</width>
		<height>384</height>
		<depth>3</depth>
	</size>
	<segmented>0</segmented>
	<object>
		<name>Paper</name>
		<pose>Unspecified</pose>
		<truncated>0</truncated>
		<difficult>0</difficult>
		<occluded>0</occluded>
		<bndbox>
			<xmin>35</xmin>
			<xmax>419</xmax>
			<ymin>8</ymin>
			<ymax>381</ymax>
		</bndbox>
	</object>
</annotation>
