<annotation>
	<folder></folder>
	<filename>0646_jpg.rf.64c4a8e8ecd8d1d1149f2a13ee6e9d3b.jpg</filename>
	<path>0646_jpg.rf.64c4a8e8ecd8d1d1149f2a13ee6e9d3b.jpg</path>
	<source>
		<database>roboflow.ai</database>
	</source>
	<size>
		<width>512</width>
		<height>384</height>
		<depth>3</depth>
	</size>
	<segmented>0</segmented>
	<object>
		<name>Paper</name>
		<pose>Unspecified</pose>
		<truncated>0</truncated>
		<difficult>0</difficult>
		<occluded>0</occluded>
		<bndbox>
			<xmin>46</xmin>
			<xmax>471</xmax>
			<ymin>75</ymin>
			<ymax>324</ymax>
		</bndbox>
	</object>
</annotation>
