<annotation>
	<folder></folder>
	<filename>0649_jpg.rf.15e5a1f3fac13b020761cafb47716ab6.jpg</filename>
	<path>0649_jpg.rf.15e5a1f3fac13b020761cafb47716ab6.jpg</path>
	<source>
		<database>roboflow.ai</database>
	</source>
	<size>
		<width>512</width>
		<height>384</height>
		<depth>3</depth>
	</size>
	<segmented>0</segmented>
	<object>
		<name>Paper</name>
		<pose>Unspecified</pose>
		<truncated>0</truncated>
		<difficult>0</difficult>
		<occluded>0</occluded>
		<bndbox>
			<xmin>190</xmin>
			<xmax>496</xmax>
			<ymin>93</ymin>
			<ymax>356</ymax>
		</bndbox>
	</object>
	<object>
		<name>Paper</name>
		<pose>Unspecified</pose>
		<truncated>0</truncated>
		<difficult>0</difficult>
		<occluded>0</occluded>
		<bndbox>
			<xmin>1</xmin>
			<xmax>218</xmax>
			<ymin>2</ymin>
			<ymax>350</ymax>
		</bndbox>
	</object>
</annotation>
