<annotation>
	<folder></folder>
	<filename>0650_jpg.rf.04054fff6535071400ba998cb091965d.jpg</filename>
	<path>0650_jpg.rf.04054fff6535071400ba998cb091965d.jpg</path>
	<source>
		<database>roboflow.ai</database>
	</source>
	<size>
		<width>512</width>
		<height>384</height>
		<depth>3</depth>
	</size>
	<segmented>0</segmented>
	<object>
		<name>Paper</name>
		<pose>Unspecified</pose>
		<truncated>0</truncated>
		<difficult>0</difficult>
		<occluded>0</occluded>
		<bndbox>
			<xmin>97</xmin>
			<xmax>404</xmax>
			<ymin>50</ymin>
			<ymax>356</ymax>
		</bndbox>
	</object>
</annotation>
