<annotation>
	<folder></folder>
	<filename>0653_jpg.rf.2f3393a53ea2a38e87262de2d7e3b86a.jpg</filename>
	<path>0653_jpg.rf.2f3393a53ea2a38e87262de2d7e3b86a.jpg</path>
	<source>
		<database>roboflow.ai</database>
	</source>
	<size>
		<width>512</width>
		<height>384</height>
		<depth>3</depth>
	</size>
	<segmented>0</segmented>
	<object>
		<name>Paper</name>
		<pose>Unspecified</pose>
		<truncated>0</truncated>
		<difficult>0</difficult>
		<occluded>0</occluded>
		<bndbox>
			<xmin>127</xmin>
			<xmax>335</xmax>
			<ymin>97</ymin>
			<ymax>305</ymax>
		</bndbox>
	</object>
</annotation>
