<annotation>
	<folder></folder>
	<filename>0658_jpg.rf.7fd6ccb47eeda1c407a663432bb0a922.jpg</filename>
	<path>0658_jpg.rf.7fd6ccb47eeda1c407a663432bb0a922.jpg</path>
	<source>
		<database>roboflow.ai</database>
	</source>
	<size>
		<width>512</width>
		<height>384</height>
		<depth>3</depth>
	</size>
	<segmented>0</segmented>
	<object>
		<name>Paper</name>
		<pose>Unspecified</pose>
		<truncated>0</truncated>
		<difficult>0</difficult>
		<occluded>0</occluded>
		<bndbox>
			<xmin>98</xmin>
			<xmax>292</xmax>
			<ymin>88</ymin>
			<ymax>330</ymax>
		</bndbox>
	</object>
</annotation>
