<annotation>
	<folder></folder>
	<filename>0659_jpg.rf.5c58a84630b3e28fcd111d24f3a65ff6.jpg</filename>
	<path>0659_jpg.rf.5c58a84630b3e28fcd111d24f3a65ff6.jpg</path>
	<source>
		<database>roboflow.ai</database>
	</source>
	<size>
		<width>512</width>
		<height>384</height>
		<depth>3</depth>
	</size>
	<segmented>0</segmented>
	<object>
		<name>Paper</name>
		<pose>Unspecified</pose>
		<truncated>0</truncated>
		<difficult>0</difficult>
		<occluded>0</occluded>
		<bndbox>
			<xmin>36</xmin>
			<xmax>464</xmax>
			<ymin>2</ymin>
			<ymax>368</ymax>
		</bndbox>
	</object>
</annotation>
