<annotation>
	<folder></folder>
	<filename>0660_jpg.rf.864b5cf88f77d86ede12e5b42e4519a4.jpg</filename>
	<path>0660_jpg.rf.864b5cf88f77d86ede12e5b42e4519a4.jpg</path>
	<source>
		<database>roboflow.ai</database>
	</source>
	<size>
		<width>512</width>
		<height>384</height>
		<depth>3</depth>
	</size>
	<segmented>0</segmented>
	<object>
		<name>Paper</name>
		<pose>Unspecified</pose>
		<truncated>0</truncated>
		<difficult>0</difficult>
		<occluded>0</occluded>
		<bndbox>
			<xmin>60</xmin>
			<xmax>453</xmax>
			<ymin>79</ymin>
			<ymax>384</ymax>
		</bndbox>
	</object>
</annotation>
