<annotation>
	<folder></folder>
	<filename>0661_jpg.rf.32f301788ce3e424caf1cb4b03df394c.jpg</filename>
	<path>0661_jpg.rf.32f301788ce3e424caf1cb4b03df394c.jpg</path>
	<source>
		<database>roboflow.ai</database>
	</source>
	<size>
		<width>512</width>
		<height>384</height>
		<depth>3</depth>
	</size>
	<segmented>0</segmented>
	<object>
		<name>Paper</name>
		<pose>Unspecified</pose>
		<truncated>0</truncated>
		<difficult>0</difficult>
		<occluded>0</occluded>
		<bndbox>
			<xmin>8</xmin>
			<xmax>494</xmax>
			<ymin>100</ymin>
			<ymax>272</ymax>
		</bndbox>
	</object>
</annotation>
