<annotation>
	<folder></folder>
	<filename>0664_jpg.rf.9180d660ae1f0d271309ee63317e5595.jpg</filename>
	<path>0664_jpg.rf.9180d660ae1f0d271309ee63317e5595.jpg</path>
	<source>
		<database>roboflow.ai</database>
	</source>
	<size>
		<width>512</width>
		<height>384</height>
		<depth>3</depth>
	</size>
	<segmented>0</segmented>
	<object>
		<name>Paper</name>
		<pose>Unspecified</pose>
		<truncated>0</truncated>
		<difficult>0</difficult>
		<occluded>0</occluded>
		<bndbox>
			<xmin>66</xmin>
			<xmax>441</xmax>
			<ymin>48</ymin>
			<ymax>384</ymax>
		</bndbox>
	</object>
</annotation>
