<annotation>
	<folder></folder>
	<filename>0666_jpg.rf.99353b9c4a1b89b08d5c03fd93841551.jpg</filename>
	<path>0666_jpg.rf.99353b9c4a1b89b08d5c03fd93841551.jpg</path>
	<source>
		<database>roboflow.ai</database>
	</source>
	<size>
		<width>512</width>
		<height>384</height>
		<depth>3</depth>
	</size>
	<segmented>0</segmented>
	<object>
		<name>Paper</name>
		<pose>Unspecified</pose>
		<truncated>0</truncated>
		<difficult>0</difficult>
		<occluded>0</occluded>
		<bndbox>
			<xmin>58</xmin>
			<xmax>391</xmax>
			<ymin>12</ymin>
			<ymax>377</ymax>
		</bndbox>
	</object>
</annotation>
