<annotation>
	<folder></folder>
	<filename>0667_jpg.rf.1b5021f9ee46043af4c1a91e141c5444.jpg</filename>
	<path>0667_jpg.rf.1b5021f9ee46043af4c1a91e141c5444.jpg</path>
	<source>
		<database>roboflow.ai</database>
	</source>
	<size>
		<width>512</width>
		<height>384</height>
		<depth>3</depth>
	</size>
	<segmented>0</segmented>
	<object>
		<name>Paper</name>
		<pose>Unspecified</pose>
		<truncated>0</truncated>
		<difficult>0</difficult>
		<occluded>0</occluded>
		<bndbox>
			<xmin>31</xmin>
			<xmax>380</xmax>
			<ymin>37</ymin>
			<ymax>331</ymax>
		</bndbox>
	</object>
</annotation>
