<annotation>
	<folder></folder>
	<filename>0681_jpg.rf.385aa66be6c62f748eef33a0a03f8894.jpg</filename>
	<path>0681_jpg.rf.385aa66be6c62f748eef33a0a03f8894.jpg</path>
	<source>
		<database>roboflow.ai</database>
	</source>
	<size>
		<width>512</width>
		<height>384</height>
		<depth>3</depth>
	</size>
	<segmented>0</segmented>
	<object>
		<name>Paper</name>
		<pose>Unspecified</pose>
		<truncated>0</truncated>
		<difficult>0</difficult>
		<occluded>0</occluded>
		<bndbox>
			<xmin>22</xmin>
			<xmax>427</xmax>
			<ymin>49</ymin>
			<ymax>384</ymax>
		</bndbox>
	</object>
</annotation>
