<annotation>
	<folder></folder>
	<filename>0682_jpg.rf.77b6618459ce5e48a60760456ad0c67c.jpg</filename>
	<path>0682_jpg.rf.77b6618459ce5e48a60760456ad0c67c.jpg</path>
	<source>
		<database>roboflow.ai</database>
	</source>
	<size>
		<width>512</width>
		<height>384</height>
		<depth>3</depth>
	</size>
	<segmented>0</segmented>
	<object>
		<name>Paper</name>
		<pose>Unspecified</pose>
		<truncated>0</truncated>
		<difficult>0</difficult>
		<occluded>0</occluded>
		<bndbox>
			<xmin>106</xmin>
			<xmax>381</xmax>
			<ymin>53</ymin>
			<ymax>336</ymax>
		</bndbox>
	</object>
</annotation>
