<annotation>
	<folder></folder>
	<filename>0683_jpg.rf.70da689a7e51d710777b1b70b7f84a39.jpg</filename>
	<path>0683_jpg.rf.70da689a7e51d710777b1b70b7f84a39.jpg</path>
	<source>
		<database>roboflow.ai</database>
	</source>
	<size>
		<width>512</width>
		<height>384</height>
		<depth>3</depth>
	</size>
	<segmented>0</segmented>
	<object>
		<name>Paper</name>
		<pose>Unspecified</pose>
		<truncated>0</truncated>
		<difficult>0</difficult>
		<occluded>0</occluded>
		<bndbox>
			<xmin>87</xmin>
			<xmax>353</xmax>
			<ymin>93</ymin>
			<ymax>290</ymax>
		</bndbox>
	</object>
</annotation>
