<annotation>
	<folder></folder>
	<filename>0697_jpg.rf.b2e63598c80c3fff2b9b58832d075eca.jpg</filename>
	<path>0697_jpg.rf.b2e63598c80c3fff2b9b58832d075eca.jpg</path>
	<source>
		<database>roboflow.ai</database>
	</source>
	<size>
		<width>512</width>
		<height>384</height>
		<depth>3</depth>
	</size>
	<segmented>0</segmented>
	<object>
		<name>Paper</name>
		<pose>Unspecified</pose>
		<truncated>0</truncated>
		<difficult>0</difficult>
		<occluded>0</occluded>
		<bndbox>
			<xmin>122</xmin>
			<xmax>340</xmax>
			<ymin>113</ymin>
			<ymax>310</ymax>
		</bndbox>
	</object>
</annotation>
