<annotation>
	<folder></folder>
	<filename>0729_jpg.rf.ecb9a1c731bca1e3f70fa3600edc4568.jpg</filename>
	<path>0729_jpg.rf.ecb9a1c731bca1e3f70fa3600edc4568.jpg</path>
	<source>
		<database>roboflow.ai</database>
	</source>
	<size>
		<width>512</width>
		<height>384</height>
		<depth>3</depth>
	</size>
	<segmented>0</segmented>
	<object>
		<name>Plastic</name>
		<pose>Unspecified</pose>
		<truncated>0</truncated>
		<difficult>0</difficult>
		<occluded>0</occluded>
		<bndbox>
			<xmin>162</xmin>
			<xmax>325</xmax>
			<ymin>116</ymin>
			<ymax>273</ymax>
		</bndbox>
	</object>
</annotation>
