<annotation>
	<folder></folder>
	<filename>0730_jpg.rf.7168146898eebd350aa038604a215aa5.jpg</filename>
	<path>0730_jpg.rf.7168146898eebd350aa038604a215aa5.jpg</path>
	<source>
		<database>roboflow.ai</database>
	</source>
	<size>
		<width>512</width>
		<height>384</height>
		<depth>3</depth>
	</size>
	<segmented>0</segmented>
	<object>
		<name>Plastic</name>
		<pose>Unspecified</pose>
		<truncated>0</truncated>
		<difficult>0</difficult>
		<occluded>0</occluded>
		<bndbox>
			<xmin>173</xmin>
			<xmax>399</xmax>
			<ymin>42</ymin>
			<ymax>384</ymax>
		</bndbox>
	</object>
</annotation>
