<annotation>
	<folder></folder>
	<filename>0731_jpg.rf.3320c8900e40f2c1845f2b9da75c0547.jpg</filename>
	<path>0731_jpg.rf.3320c8900e40f2c1845f2b9da75c0547.jpg</path>
	<source>
		<database>roboflow.ai</database>
	</source>
	<size>
		<width>512</width>
		<height>384</height>
		<depth>3</depth>
	</size>
	<segmented>0</segmented>
	<object>
		<name>Plastic</name>
		<pose>Unspecified</pose>
		<truncated>0</truncated>
		<difficult>0</difficult>
		<occluded>0</occluded>
		<bndbox>
			<xmin>14</xmin>
			<xmax>435</xmax>
			<ymin>1</ymin>
			<ymax>353</ymax>
		</bndbox>
	</object>
</annotation>
