<annotation>
	<folder></folder>
	<filename>0735_jpg.rf.255471c9cf037a5bb201275d540c7331.jpg</filename>
	<path>0735_jpg.rf.255471c9cf037a5bb201275d540c7331.jpg</path>
	<source>
		<database>roboflow.ai</database>
	</source>
	<size>
		<width>512</width>
		<height>384</height>
		<depth>3</depth>
	</size>
	<segmented>0</segmented>
	<object>
		<name>Plastic</name>
		<pose>Unspecified</pose>
		<truncated>0</truncated>
		<difficult>0</difficult>
		<occluded>0</occluded>
		<bndbox>
			<xmin>156</xmin>
			<xmax>421</xmax>
			<ymin>34</ymin>
			<ymax>384</ymax>
		</bndbox>
	</object>
</annotation>
