<annotation>
	<folder></folder>
	<filename>0740_jpg.rf.4d25288296ee1bfe8a478a631912d89f.jpg</filename>
	<path>0740_jpg.rf.4d25288296ee1bfe8a478a631912d89f.jpg</path>
	<source>
		<database>roboflow.ai</database>
	</source>
	<size>
		<width>512</width>
		<height>384</height>
		<depth>3</depth>
	</size>
	<segmented>0</segmented>
	<object>
		<name>Plastic</name>
		<pose>Unspecified</pose>
		<truncated>0</truncated>
		<difficult>0</difficult>
		<occluded>0</occluded>
		<bndbox>
			<xmin>136</xmin>
			<xmax>343</xmax>
			<ymin>105</ymin>
			<ymax>275</ymax>
		</bndbox>
	</object>
</annotation>
