<annotation>
	<folder></folder>
	<filename>0756_jpg.rf.daf744c6c9a1d7c14c4ef02e1ee2b38a.jpg</filename>
	<path>0756_jpg.rf.daf744c6c9a1d7c14c4ef02e1ee2b38a.jpg</path>
	<source>
		<database>roboflow.ai</database>
	</source>
	<size>
		<width>512</width>
		<height>384</height>
		<depth>3</depth>
	</size>
	<segmented>0</segmented>
	<object>
		<name>Plastic</name>
		<pose>Unspecified</pose>
		<truncated>0</truncated>
		<difficult>0</difficult>
		<occluded>0</occluded>
		<bndbox>
			<xmin>204</xmin>
			<xmax>435</xmax>
			<ymin>1</ymin>
			<ymax>356</ymax>
		</bndbox>
	</object>
</annotation>
