<annotation>
	<folder></folder>
	<filename>0757_jpg.rf.7a312eec6649bb458e740f2eddb90bdb.jpg</filename>
	<path>0757_jpg.rf.7a312eec6649bb458e740f2eddb90bdb.jpg</path>
	<source>
		<database>roboflow.ai</database>
	</source>
	<size>
		<width>512</width>
		<height>384</height>
		<depth>3</depth>
	</size>
	<segmented>0</segmented>
	<object>
		<name>Plastic</name>
		<pose>Unspecified</pose>
		<truncated>0</truncated>
		<difficult>0</difficult>
		<occluded>0</occluded>
		<bndbox>
			<xmin>171</xmin>
			<xmax>484</xmax>
			<ymin>58</ymin>
			<ymax>323</ymax>
		</bndbox>
	</object>
</annotation>
