<annotation>
	<folder></folder>
	<filename>0758_jpg.rf.abac1b4bddc789293fb568276039f148.jpg</filename>
	<path>0758_jpg.rf.abac1b4bddc789293fb568276039f148.jpg</path>
	<source>
		<database>roboflow.ai</database>
	</source>
	<size>
		<width>512</width>
		<height>384</height>
		<depth>3</depth>
	</size>
	<segmented>0</segmented>
	<object>
		<name>Plastic</name>
		<pose>Unspecified</pose>
		<truncated>0</truncated>
		<difficult>0</difficult>
		<occluded>0</occluded>
		<bndbox>
			<xmin>26</xmin>
			<xmax>508</xmax>
			<ymin>190</ymin>
			<ymax>384</ymax>
		</bndbox>
	</object>
</annotation>
