<annotation>
	<folder></folder>
	<filename>0759_jpg.rf.3bc96d25c31889b8973fa27102e86a24.jpg</filename>
	<path>0759_jpg.rf.3bc96d25c31889b8973fa27102e86a24.jpg</path>
	<source>
		<database>roboflow.ai</database>
	</source>
	<size>
		<width>512</width>
		<height>384</height>
		<depth>3</depth>
	</size>
	<segmented>0</segmented>
	<object>
		<name>Plastic</name>
		<pose>Unspecified</pose>
		<truncated>0</truncated>
		<difficult>0</difficult>
		<occluded>0</occluded>
		<bndbox>
			<xmin>55</xmin>
			<xmax>383</xmax>
			<ymin>173</ymin>
			<ymax>366</ymax>
		</bndbox>
	</object>
</annotation>
