<annotation>
	<folder></folder>
	<filename>0760_jpg.rf.de761ca4538c6692c8609c5e84e00ad1.jpg</filename>
	<path>0760_jpg.rf.de761ca4538c6692c8609c5e84e00ad1.jpg</path>
	<source>
		<database>roboflow.ai</database>
	</source>
	<size>
		<width>512</width>
		<height>384</height>
		<depth>3</depth>
	</size>
	<segmented>0</segmented>
	<object>
		<name>Plastic</name>
		<pose>Unspecified</pose>
		<truncated>0</truncated>
		<difficult>0</difficult>
		<occluded>0</occluded>
		<bndbox>
			<xmin>79</xmin>
			<xmax>396</xmax>
			<ymin>53</ymin>
			<ymax>341</ymax>
		</bndbox>
	</object>
</annotation>
