<annotation>
	<folder></folder>
	<filename>0761_jpg.rf.4ad8c4a73f7a3a4a56e3c4d42bc52f9f.jpg</filename>
	<path>0761_jpg.rf.4ad8c4a73f7a3a4a56e3c4d42bc52f9f.jpg</path>
	<source>
		<database>roboflow.ai</database>
	</source>
	<size>
		<width>512</width>
		<height>384</height>
		<depth>3</depth>
	</size>
	<segmented>0</segmented>
	<object>
		<name>Plastic</name>
		<pose>Unspecified</pose>
		<truncated>0</truncated>
		<difficult>0</difficult>
		<occluded>0</occluded>
		<bndbox>
			<xmin>95</xmin>
			<xmax>328</xmax>
			<ymin>77</ymin>
			<ymax>313</ymax>
		</bndbox>
	</object>
</annotation>
