<annotation>
	<folder></folder>
	<filename>0764_jpg.rf.80402de72e18e48bc48cd5d2f81d6c81.jpg</filename>
	<path>0764_jpg.rf.80402de72e18e48bc48cd5d2f81d6c81.jpg</path>
	<source>
		<database>roboflow.ai</database>
	</source>
	<size>
		<width>512</width>
		<height>384</height>
		<depth>3</depth>
	</size>
	<segmented>0</segmented>
	<object>
		<name>Plastic</name>
		<pose>Unspecified</pose>
		<truncated>0</truncated>
		<difficult>0</difficult>
		<occluded>0</occluded>
		<bndbox>
			<xmin>44</xmin>
			<xmax>512</xmax>
			<ymin>73</ymin>
			<ymax>352</ymax>
		</bndbox>
	</object>
</annotation>
