<annotation>
	<folder></folder>
	<filename>0766_jpg.rf.2ebd8f9e166d08354e518d42da3db002.jpg</filename>
	<path>0766_jpg.rf.2ebd8f9e166d08354e518d42da3db002.jpg</path>
	<source>
		<database>roboflow.ai</database>
	</source>
	<size>
		<width>512</width>
		<height>384</height>
		<depth>3</depth>
	</size>
	<segmented>0</segmented>
	<object>
		<name>Plastic</name>
		<pose>Unspecified</pose>
		<truncated>0</truncated>
		<difficult>0</difficult>
		<occluded>0</occluded>
		<bndbox>
			<xmin>107</xmin>
			<xmax>316</xmax>
			<ymin>87</ymin>
			<ymax>340</ymax>
		</bndbox>
	</object>
</annotation>
