<annotation>
	<folder></folder>
	<filename>0767_jpg.rf.7a0eafd31d0c27ef31b41190f1a39712.jpg</filename>
	<path>0767_jpg.rf.7a0eafd31d0c27ef31b41190f1a39712.jpg</path>
	<source>
		<database>roboflow.ai</database>
	</source>
	<size>
		<width>512</width>
		<height>384</height>
		<depth>3</depth>
	</size>
	<segmented>0</segmented>
	<object>
		<name>Plastic</name>
		<pose>Unspecified</pose>
		<truncated>0</truncated>
		<difficult>0</difficult>
		<occluded>0</occluded>
		<bndbox>
			<xmin>25</xmin>
			<xmax>512</xmax>
			<ymin>32</ymin>
			<ymax>384</ymax>
		</bndbox>
	</object>
</annotation>
