<annotation>
	<folder></folder>
	<filename>0770_jpg.rf.955bb9167d47964d205c32fd954ad1a1.jpg</filename>
	<path>0770_jpg.rf.955bb9167d47964d205c32fd954ad1a1.jpg</path>
	<source>
		<database>roboflow.ai</database>
	</source>
	<size>
		<width>512</width>
		<height>384</height>
		<depth>3</depth>
	</size>
	<segmented>0</segmented>
	<object>
		<name>Plastic</name>
		<pose>Unspecified</pose>
		<truncated>0</truncated>
		<difficult>0</difficult>
		<occluded>0</occluded>
		<bndbox>
			<xmin>40</xmin>
			<xmax>452</xmax>
			<ymin>1</ymin>
			<ymax>336</ymax>
		</bndbox>
	</object>
</annotation>
