<annotation>
	<folder></folder>
	<filename>0771_jpg.rf.a6a7ebf4277fb028770b02ad1dd8824d.jpg</filename>
	<path>0771_jpg.rf.a6a7ebf4277fb028770b02ad1dd8824d.jpg</path>
	<source>
		<database>roboflow.ai</database>
	</source>
	<size>
		<width>512</width>
		<height>384</height>
		<depth>3</depth>
	</size>
	<segmented>0</segmented>
	<object>
		<name>Plastic</name>
		<pose>Unspecified</pose>
		<truncated>0</truncated>
		<difficult>0</difficult>
		<occluded>0</occluded>
		<bndbox>
			<xmin>44</xmin>
			<xmax>451</xmax>
			<ymin>5</ymin>
			<ymax>358</ymax>
		</bndbox>
	</object>
</annotation>
