<annotation>
	<folder></folder>
	<filename>0773_jpg.rf.7b492782fa764d9f6105bcbac1e5cb9e.jpg</filename>
	<path>0773_jpg.rf.7b492782fa764d9f6105bcbac1e5cb9e.jpg</path>
	<source>
		<database>roboflow.ai</database>
	</source>
	<size>
		<width>512</width>
		<height>384</height>
		<depth>3</depth>
	</size>
	<segmented>0</segmented>
	<object>
		<name>Plastic</name>
		<pose>Unspecified</pose>
		<truncated>0</truncated>
		<difficult>0</difficult>
		<occluded>0</occluded>
		<bndbox>
			<xmin>76</xmin>
			<xmax>362</xmax>
			<ymin>4</ymin>
			<ymax>374</ymax>
		</bndbox>
	</object>
</annotation>
