<annotation>
	<folder></folder>
	<filename>0782_jpg.rf.86d2c247293c034a870848a04931f930.jpg</filename>
	<path>0782_jpg.rf.86d2c247293c034a870848a04931f930.jpg</path>
	<source>
		<database>roboflow.ai</database>
	</source>
	<size>
		<width>512</width>
		<height>384</height>
		<depth>3</depth>
	</size>
	<segmented>0</segmented>
	<object>
		<name>Plastic</name>
		<pose>Unspecified</pose>
		<truncated>0</truncated>
		<difficult>0</difficult>
		<occluded>0</occluded>
		<bndbox>
			<xmin>29</xmin>
			<xmax>489</xmax>
			<ymin>82</ymin>
			<ymax>324</ymax>
		</bndbox>
	</object>
</annotation>
