<annotation>
	<folder></folder>
	<filename>0784_jpg.rf.81184bc9a1783c4f322f09b2106255b3.jpg</filename>
	<path>0784_jpg.rf.81184bc9a1783c4f322f09b2106255b3.jpg</path>
	<source>
		<database>roboflow.ai</database>
	</source>
	<size>
		<width>512</width>
		<height>384</height>
		<depth>3</depth>
	</size>
	<segmented>0</segmented>
	<object>
		<name>Plastic</name>
		<pose>Unspecified</pose>
		<truncated>0</truncated>
		<difficult>0</difficult>
		<occluded>0</occluded>
		<bndbox>
			<xmin>171</xmin>
			<xmax>334</xmax>
			<ymin>94</ymin>
			<ymax>275</ymax>
		</bndbox>
	</object>
</annotation>
