<annotation>
	<folder></folder>
	<filename>0802_jpg.rf.70914a62cbf45f91e1ed0319afc02e29.jpg</filename>
	<path>0802_jpg.rf.70914a62cbf45f91e1ed0319afc02e29.jpg</path>
	<source>
		<database>roboflow.ai</database>
	</source>
	<size>
		<width>512</width>
		<height>384</height>
		<depth>3</depth>
	</size>
	<segmented>0</segmented>
	<object>
		<name>Plastic</name>
		<pose>Unspecified</pose>
		<truncated>0</truncated>
		<difficult>0</difficult>
		<occluded>0</occluded>
		<bndbox>
			<xmin>90</xmin>
			<xmax>292</xmax>
			<ymin>99</ymin>
			<ymax>298</ymax>
		</bndbox>
	</object>
</annotation>
