<annotation>
	<folder></folder>
	<filename>0803_jpg.rf.49e31ca614efeca13650d32887718ab9.jpg</filename>
	<path>0803_jpg.rf.49e31ca614efeca13650d32887718ab9.jpg</path>
	<source>
		<database>roboflow.ai</database>
	</source>
	<size>
		<width>512</width>
		<height>384</height>
		<depth>3</depth>
	</size>
	<segmented>0</segmented>
	<object>
		<name>Plastic</name>
		<pose>Unspecified</pose>
		<truncated>0</truncated>
		<difficult>0</difficult>
		<occluded>0</occluded>
		<bndbox>
			<xmin>60</xmin>
			<xmax>434</xmax>
			<ymin>26</ymin>
			<ymax>370</ymax>
		</bndbox>
	</object>
</annotation>
