<annotation>
	<folder></folder>
	<filename>0804_jpg.rf.a51324caabeb7ace15fe6648d971c6f0.jpg</filename>
	<path>0804_jpg.rf.a51324caabeb7ace15fe6648d971c6f0.jpg</path>
	<source>
		<database>roboflow.ai</database>
	</source>
	<size>
		<width>512</width>
		<height>384</height>
		<depth>3</depth>
	</size>
	<segmented>0</segmented>
	<object>
		<name>Plastic</name>
		<pose>Unspecified</pose>
		<truncated>0</truncated>
		<difficult>0</difficult>
		<occluded>0</occluded>
		<bndbox>
			<xmin>37</xmin>
			<xmax>358</xmax>
			<ymin>69</ymin>
			<ymax>318</ymax>
		</bndbox>
	</object>
</annotation>
