<annotation>
	<folder></folder>
	<filename>0805_jpg.rf.1637a0fc6b94f268c7a27672ceed9cf6.jpg</filename>
	<path>0805_jpg.rf.1637a0fc6b94f268c7a27672ceed9cf6.jpg</path>
	<source>
		<database>roboflow.ai</database>
	</source>
	<size>
		<width>512</width>
		<height>384</height>
		<depth>3</depth>
	</size>
	<segmented>0</segmented>
	<object>
		<name>Plastic</name>
		<pose>Unspecified</pose>
		<truncated>0</truncated>
		<difficult>0</difficult>
		<occluded>0</occluded>
		<bndbox>
			<xmin>89</xmin>
			<xmax>398</xmax>
			<ymin>54</ymin>
			<ymax>342</ymax>
		</bndbox>
	</object>
</annotation>
