<annotation>
	<folder></folder>
	<filename>0806_jpg.rf.5b4f6c78c709a2c8670a0baf390ecdfe.jpg</filename>
	<path>0806_jpg.rf.5b4f6c78c709a2c8670a0baf390ecdfe.jpg</path>
	<source>
		<database>roboflow.ai</database>
	</source>
	<size>
		<width>512</width>
		<height>384</height>
		<depth>3</depth>
	</size>
	<segmented>0</segmented>
	<object>
		<name>Plastic</name>
		<pose>Unspecified</pose>
		<truncated>0</truncated>
		<difficult>0</difficult>
		<occluded>0</occluded>
		<bndbox>
			<xmin>90</xmin>
			<xmax>395</xmax>
			<ymin>55</ymin>
			<ymax>288</ymax>
		</bndbox>
	</object>
</annotation>
