<annotation>
	<folder></folder>
	<filename>0808_jpg.rf.202296fb3093d3930e67da33cd443c42.jpg</filename>
	<path>0808_jpg.rf.202296fb3093d3930e67da33cd443c42.jpg</path>
	<source>
		<database>roboflow.ai</database>
	</source>
	<size>
		<width>512</width>
		<height>384</height>
		<depth>3</depth>
	</size>
	<segmented>0</segmented>
	<object>
		<name>Plastic</name>
		<pose>Unspecified</pose>
		<truncated>0</truncated>
		<difficult>0</difficult>
		<occluded>0</occluded>
		<bndbox>
			<xmin>147</xmin>
			<xmax>281</xmax>
			<ymin>140</ymin>
			<ymax>289</ymax>
		</bndbox>
	</object>
</annotation>
