<annotation>
	<folder></folder>
	<filename>0809_jpg.rf.4fe7f202eb78fd99da35507ff4ae95fd.jpg</filename>
	<path>0809_jpg.rf.4fe7f202eb78fd99da35507ff4ae95fd.jpg</path>
	<source>
		<database>roboflow.ai</database>
	</source>
	<size>
		<width>512</width>
		<height>384</height>
		<depth>3</depth>
	</size>
	<segmented>0</segmented>
	<object>
		<name>Plastic</name>
		<pose>Unspecified</pose>
		<truncated>0</truncated>
		<difficult>0</difficult>
		<occluded>0</occluded>
		<bndbox>
			<xmin>104</xmin>
			<xmax>281</xmax>
			<ymin>127</ymin>
			<ymax>266</ymax>
		</bndbox>
	</object>
</annotation>
