<annotation>
	<folder></folder>
	<filename>0810_jpg.rf.7aabfefc962774772410fc938cf4f072.jpg</filename>
	<path>0810_jpg.rf.7aabfefc962774772410fc938cf4f072.jpg</path>
	<source>
		<database>roboflow.ai</database>
	</source>
	<size>
		<width>512</width>
		<height>384</height>
		<depth>3</depth>
	</size>
	<segmented>0</segmented>
	<object>
		<name>Plastic</name>
		<pose>Unspecified</pose>
		<truncated>0</truncated>
		<difficult>0</difficult>
		<occluded>0</occluded>
		<bndbox>
			<xmin>98</xmin>
			<xmax>256</xmax>
			<ymin>129</ymin>
			<ymax>268</ymax>
		</bndbox>
	</object>
</annotation>
