<annotation>
	<folder></folder>
	<filename>0813_jpg.rf.31f724441d27b17ec0b8f5a7bfeb1b19.jpg</filename>
	<path>0813_jpg.rf.31f724441d27b17ec0b8f5a7bfeb1b19.jpg</path>
	<source>
		<database>roboflow.ai</database>
	</source>
	<size>
		<width>512</width>
		<height>384</height>
		<depth>3</depth>
	</size>
	<segmented>0</segmented>
	<object>
		<name>Plastic</name>
		<pose>Unspecified</pose>
		<truncated>0</truncated>
		<difficult>0</difficult>
		<occluded>0</occluded>
		<bndbox>
			<xmin>156</xmin>
			<xmax>227</xmax>
			<ymin>165</ymin>
			<ymax>234</ymax>
		</bndbox>
	</object>
	<object>
		<name>Plastic</name>
		<pose>Unspecified</pose>
		<truncated>0</truncated>
		<difficult>0</difficult>
		<occluded>0</occluded>
		<bndbox>
			<xmin>179</xmin>
			<xmax>284</xmax>
			<ymin>92</ymin>
			<ymax>249</ymax>
		</bndbox>
	</object>
</annotation>
