<annotation>
	<folder></folder>
	<filename>0814_jpg.rf.3120239dd18f81f3dffad785c1d423c5.jpg</filename>
	<path>0814_jpg.rf.3120239dd18f81f3dffad785c1d423c5.jpg</path>
	<source>
		<database>roboflow.ai</database>
	</source>
	<size>
		<width>512</width>
		<height>384</height>
		<depth>3</depth>
	</size>
	<segmented>0</segmented>
	<object>
		<name>Plastic</name>
		<pose>Unspecified</pose>
		<truncated>0</truncated>
		<difficult>0</difficult>
		<occluded>0</occluded>
		<bndbox>
			<xmin>153</xmin>
			<xmax>308</xmax>
			<ymin>119</ymin>
			<ymax>248</ymax>
		</bndbox>
	</object>
</annotation>
