<annotation>
	<folder></folder>
	<filename>0815_jpg.rf.23728aab6e3950c60d1c28fce8a93495.jpg</filename>
	<path>0815_jpg.rf.23728aab6e3950c60d1c28fce8a93495.jpg</path>
	<source>
		<database>roboflow.ai</database>
	</source>
	<size>
		<width>512</width>
		<height>384</height>
		<depth>3</depth>
	</size>
	<segmented>0</segmented>
	<object>
		<name>Plastic</name>
		<pose>Unspecified</pose>
		<truncated>0</truncated>
		<difficult>0</difficult>
		<occluded>0</occluded>
		<bndbox>
			<xmin>169</xmin>
			<xmax>318</xmax>
			<ymin>149</ymin>
			<ymax>283</ymax>
		</bndbox>
	</object>
</annotation>
