<annotation>
	<folder></folder>
	<filename>0816_jpg.rf.bb64503df44d7509e856d88771c867fe.jpg</filename>
	<path>0816_jpg.rf.bb64503df44d7509e856d88771c867fe.jpg</path>
	<source>
		<database>roboflow.ai</database>
	</source>
	<size>
		<width>512</width>
		<height>384</height>
		<depth>3</depth>
	</size>
	<segmented>0</segmented>
	<object>
		<name>Plastic</name>
		<pose>Unspecified</pose>
		<truncated>0</truncated>
		<difficult>0</difficult>
		<occluded>0</occluded>
		<bndbox>
			<xmin>81</xmin>
			<xmax>330</xmax>
			<ymin>107</ymin>
			<ymax>319</ymax>
		</bndbox>
	</object>
</annotation>
