<annotation>
	<folder></folder>
	<filename>0817_jpg.rf.ab581c79e3f734d3142bde56a92e1be8.jpg</filename>
	<path>0817_jpg.rf.ab581c79e3f734d3142bde56a92e1be8.jpg</path>
	<source>
		<database>roboflow.ai</database>
	</source>
	<size>
		<width>512</width>
		<height>384</height>
		<depth>3</depth>
	</size>
	<segmented>0</segmented>
	<object>
		<name>Plastic</name>
		<pose>Unspecified</pose>
		<truncated>0</truncated>
		<difficult>0</difficult>
		<occluded>0</occluded>
		<bndbox>
			<xmin>121</xmin>
			<xmax>398</xmax>
			<ymin>52</ymin>
			<ymax>331</ymax>
		</bndbox>
	</object>
</annotation>
