<annotation>
	<folder></folder>
	<filename>0818_jpg.rf.7ee4d16af310a096bad7b745ae994a30.jpg</filename>
	<path>0818_jpg.rf.7ee4d16af310a096bad7b745ae994a30.jpg</path>
	<source>
		<database>roboflow.ai</database>
	</source>
	<size>
		<width>512</width>
		<height>384</height>
		<depth>3</depth>
	</size>
	<segmented>0</segmented>
	<object>
		<name>Plastic</name>
		<pose>Unspecified</pose>
		<truncated>0</truncated>
		<difficult>0</difficult>
		<occluded>0</occluded>
		<bndbox>
			<xmin>141</xmin>
			<xmax>306</xmax>
			<ymin>14</ymin>
			<ymax>321</ymax>
		</bndbox>
	</object>
</annotation>
