<annotation>
	<folder></folder>
	<filename>0821_jpg.rf.e73b5518c55e990ef19c279f27c00fc0.jpg</filename>
	<path>0821_jpg.rf.e73b5518c55e990ef19c279f27c00fc0.jpg</path>
	<source>
		<database>roboflow.ai</database>
	</source>
	<size>
		<width>512</width>
		<height>384</height>
		<depth>3</depth>
	</size>
	<segmented>0</segmented>
	<object>
		<name>Plastic</name>
		<pose>Unspecified</pose>
		<truncated>0</truncated>
		<difficult>0</difficult>
		<occluded>0</occluded>
		<bndbox>
			<xmin>42</xmin>
			<xmax>390</xmax>
			<ymin>61</ymin>
			<ymax>326</ymax>
		</bndbox>
	</object>
</annotation>
