<annotation>
	<folder></folder>
	<filename>0822_jpg.rf.732936695bc377e30004ff6a8996c804.jpg</filename>
	<path>0822_jpg.rf.732936695bc377e30004ff6a8996c804.jpg</path>
	<source>
		<database>roboflow.ai</database>
	</source>
	<size>
		<width>512</width>
		<height>384</height>
		<depth>3</depth>
	</size>
	<segmented>0</segmented>
	<object>
		<name>Plastic</name>
		<pose>Unspecified</pose>
		<truncated>0</truncated>
		<difficult>0</difficult>
		<occluded>0</occluded>
		<bndbox>
			<xmin>28</xmin>
			<xmax>486</xmax>
			<ymin>62</ymin>
			<ymax>346</ymax>
		</bndbox>
	</object>
</annotation>
