<annotation>
	<folder></folder>
	<filename>0823_jpg.rf.3478020abab2b64866ddce95649c3d73.jpg</filename>
	<path>0823_jpg.rf.3478020abab2b64866ddce95649c3d73.jpg</path>
	<source>
		<database>roboflow.ai</database>
	</source>
	<size>
		<width>512</width>
		<height>384</height>
		<depth>3</depth>
	</size>
	<segmented>0</segmented>
	<object>
		<name>Plastic</name>
		<pose>Unspecified</pose>
		<truncated>0</truncated>
		<difficult>0</difficult>
		<occluded>0</occluded>
		<bndbox>
			<xmin>149</xmin>
			<xmax>338</xmax>
			<ymin>75</ymin>
			<ymax>272</ymax>
		</bndbox>
	</object>
</annotation>
