<annotation>
	<folder></folder>
	<filename>0825_jpg.rf.85bf591b49a2850b2ad316f695f0b241.jpg</filename>
	<path>0825_jpg.rf.85bf591b49a2850b2ad316f695f0b241.jpg</path>
	<source>
		<database>roboflow.ai</database>
	</source>
	<size>
		<width>512</width>
		<height>384</height>
		<depth>3</depth>
	</size>
	<segmented>0</segmented>
	<object>
		<name>Plastic</name>
		<pose>Unspecified</pose>
		<truncated>0</truncated>
		<difficult>0</difficult>
		<occluded>0</occluded>
		<bndbox>
			<xmin>159</xmin>
			<xmax>512</xmax>
			<ymin>116</ymin>
			<ymax>384</ymax>
		</bndbox>
	</object>
</annotation>
