<annotation>
	<folder></folder>
	<filename>0832_jpg.rf.2bed931089043e08dac4222dc0a6542a.jpg</filename>
	<path>0832_jpg.rf.2bed931089043e08dac4222dc0a6542a.jpg</path>
	<source>
		<database>roboflow.ai</database>
	</source>
	<size>
		<width>512</width>
		<height>384</height>
		<depth>3</depth>
	</size>
	<segmented>0</segmented>
	<object>
		<name>Plastic</name>
		<pose>Unspecified</pose>
		<truncated>0</truncated>
		<difficult>0</difficult>
		<occluded>0</occluded>
		<bndbox>
			<xmin>1</xmin>
			<xmax>489</xmax>
			<ymin>13</ymin>
			<ymax>384</ymax>
		</bndbox>
	</object>
</annotation>
