<annotation>
	<folder></folder>
	<filename>0833_jpg.rf.31f1a80bc099785828ed6e9478e9e329.jpg</filename>
	<path>0833_jpg.rf.31f1a80bc099785828ed6e9478e9e329.jpg</path>
	<source>
		<database>roboflow.ai</database>
	</source>
	<size>
		<width>512</width>
		<height>384</height>
		<depth>3</depth>
	</size>
	<segmented>0</segmented>
	<object>
		<name>Plastic</name>
		<pose>Unspecified</pose>
		<truncated>0</truncated>
		<difficult>0</difficult>
		<occluded>0</occluded>
		<bndbox>
			<xmin>126</xmin>
			<xmax>420</xmax>
			<ymin>8</ymin>
			<ymax>384</ymax>
		</bndbox>
	</object>
</annotation>
