<annotation>
	<folder></folder>
	<filename>0835_jpg.rf.b3509a939e9338701bd6acce486e0195.jpg</filename>
	<path>0835_jpg.rf.b3509a939e9338701bd6acce486e0195.jpg</path>
	<source>
		<database>roboflow.ai</database>
	</source>
	<size>
		<width>512</width>
		<height>384</height>
		<depth>3</depth>
	</size>
	<segmented>0</segmented>
	<object>
		<name>Plastic</name>
		<pose>Unspecified</pose>
		<truncated>0</truncated>
		<difficult>0</difficult>
		<occluded>0</occluded>
		<bndbox>
			<xmin>201</xmin>
			<xmax>392</xmax>
			<ymin>86</ymin>
			<ymax>384</ymax>
		</bndbox>
	</object>
</annotation>
