<annotation>
	<folder></folder>
	<filename>0861_jpg.rf.ab475834ebb54974e857e0a8cbe50ea5.jpg</filename>
	<path>0861_jpg.rf.ab475834ebb54974e857e0a8cbe50ea5.jpg</path>
	<source>
		<database>roboflow.ai</database>
	</source>
	<size>
		<width>512</width>
		<height>384</height>
		<depth>3</depth>
	</size>
	<segmented>0</segmented>
	<object>
		<name>Plastic</name>
		<pose>Unspecified</pose>
		<truncated>0</truncated>
		<difficult>0</difficult>
		<occluded>0</occluded>
		<bndbox>
			<xmin>22</xmin>
			<xmax>486</xmax>
			<ymin>15</ymin>
			<ymax>341</ymax>
		</bndbox>
	</object>
</annotation>
