<annotation>
	<folder></folder>
	<filename>0864_jpg.rf.a4405158b925e5ec6a33f93a655c2c0c.jpg</filename>
	<path>0864_jpg.rf.a4405158b925e5ec6a33f93a655c2c0c.jpg</path>
	<source>
		<database>roboflow.ai</database>
	</source>
	<size>
		<width>512</width>
		<height>384</height>
		<depth>3</depth>
	</size>
	<segmented>0</segmented>
	<object>
		<name>Plastic</name>
		<pose>Unspecified</pose>
		<truncated>0</truncated>
		<difficult>0</difficult>
		<occluded>0</occluded>
		<bndbox>
			<xmin>46</xmin>
			<xmax>498</xmax>
			<ymin>6</ymin>
			<ymax>327</ymax>
		</bndbox>
	</object>
</annotation>
