<annotation>
	<folder></folder>
	<filename>0866_jpg.rf.843cbc1e036e281feaa4e814eabb5a61.jpg</filename>
	<path>0866_jpg.rf.843cbc1e036e281feaa4e814eabb5a61.jpg</path>
	<source>
		<database>roboflow.ai</database>
	</source>
	<size>
		<width>512</width>
		<height>384</height>
		<depth>3</depth>
	</size>
	<segmented>0</segmented>
	<object>
		<name>Plastic</name>
		<pose>Unspecified</pose>
		<truncated>0</truncated>
		<difficult>0</difficult>
		<occluded>0</occluded>
		<bndbox>
			<xmin>151</xmin>
			<xmax>364</xmax>
			<ymin>50</ymin>
			<ymax>277</ymax>
		</bndbox>
	</object>
</annotation>
