<annotation>
	<folder></folder>
	<filename>0867_jpg.rf.4a230e7534118beb3130440e28661bb8.jpg</filename>
	<path>0867_jpg.rf.4a230e7534118beb3130440e28661bb8.jpg</path>
	<source>
		<database>roboflow.ai</database>
	</source>
	<size>
		<width>512</width>
		<height>384</height>
		<depth>3</depth>
	</size>
	<segmented>0</segmented>
	<object>
		<name>Plastic</name>
		<pose>Unspecified</pose>
		<truncated>0</truncated>
		<difficult>0</difficult>
		<occluded>0</occluded>
		<bndbox>
			<xmin>173</xmin>
			<xmax>364</xmax>
			<ymin>96</ymin>
			<ymax>285</ymax>
		</bndbox>
	</object>
</annotation>
