<annotation>
	<folder></folder>
	<filename>0868_jpg.rf.5789fa71d596c2dc5d266fda7e265c73.jpg</filename>
	<path>0868_jpg.rf.5789fa71d596c2dc5d266fda7e265c73.jpg</path>
	<source>
		<database>roboflow.ai</database>
	</source>
	<size>
		<width>512</width>
		<height>384</height>
		<depth>3</depth>
	</size>
	<segmented>0</segmented>
	<object>
		<name>Plastic</name>
		<pose>Unspecified</pose>
		<truncated>0</truncated>
		<difficult>0</difficult>
		<occluded>0</occluded>
		<bndbox>
			<xmin>33</xmin>
			<xmax>415</xmax>
			<ymin>108</ymin>
			<ymax>294</ymax>
		</bndbox>
	</object>
</annotation>
