<annotation>
	<folder></folder>
	<filename>0872_jpg.rf.485d9f8c0cffce5e419f9fe1d82a938b.jpg</filename>
	<path>0872_jpg.rf.485d9f8c0cffce5e419f9fe1d82a938b.jpg</path>
	<source>
		<database>roboflow.ai</database>
	</source>
	<size>
		<width>512</width>
		<height>384</height>
		<depth>3</depth>
	</size>
	<segmented>0</segmented>
	<object>
		<name>Plastic</name>
		<pose>Unspecified</pose>
		<truncated>0</truncated>
		<difficult>0</difficult>
		<occluded>0</occluded>
		<bndbox>
			<xmin>61</xmin>
			<xmax>466</xmax>
			<ymin>88</ymin>
			<ymax>310</ymax>
		</bndbox>
	</object>
</annotation>
