<annotation>
	<folder></folder>
	<filename>0873_jpg.rf.c04fb11437d066b458ef653deb7b1486.jpg</filename>
	<path>0873_jpg.rf.c04fb11437d066b458ef653deb7b1486.jpg</path>
	<source>
		<database>roboflow.ai</database>
	</source>
	<size>
		<width>512</width>
		<height>384</height>
		<depth>3</depth>
	</size>
	<segmented>0</segmented>
	<object>
		<name>Plastic</name>
		<pose>Unspecified</pose>
		<truncated>0</truncated>
		<difficult>0</difficult>
		<occluded>0</occluded>
		<bndbox>
			<xmin>38</xmin>
			<xmax>512</xmax>
			<ymin>1</ymin>
			<ymax>365</ymax>
		</bndbox>
	</object>
</annotation>
