<annotation>
	<folder></folder>
	<filename>0874_jpg.rf.02655923353bee50d09dd715c487a5e7.jpg</filename>
	<path>0874_jpg.rf.02655923353bee50d09dd715c487a5e7.jpg</path>
	<source>
		<database>roboflow.ai</database>
	</source>
	<size>
		<width>512</width>
		<height>384</height>
		<depth>3</depth>
	</size>
	<segmented>0</segmented>
	<object>
		<name>Plastic</name>
		<pose>Unspecified</pose>
		<truncated>0</truncated>
		<difficult>0</difficult>
		<occluded>0</occluded>
		<bndbox>
			<xmin>97</xmin>
			<xmax>428</xmax>
			<ymin>57</ymin>
			<ymax>279</ymax>
		</bndbox>
	</object>
</annotation>
