<annotation>
	<folder></folder>
	<filename>0880_jpg.rf.0febd5cdc842263a247638cedae51440.jpg</filename>
	<path>0880_jpg.rf.0febd5cdc842263a247638cedae51440.jpg</path>
	<source>
		<database>roboflow.ai</database>
	</source>
	<size>
		<width>512</width>
		<height>384</height>
		<depth>3</depth>
	</size>
	<segmented>0</segmented>
	<object>
		<name>Plastic</name>
		<pose>Unspecified</pose>
		<truncated>0</truncated>
		<difficult>0</difficult>
		<occluded>0</occluded>
		<bndbox>
			<xmin>1</xmin>
			<xmax>495</xmax>
			<ymin>71</ymin>
			<ymax>324</ymax>
		</bndbox>
	</object>
</annotation>
