<annotation>
	<folder></folder>
	<filename>0882_jpg.rf.e7e03586f63d2cdcd8183566d3a872ff.jpg</filename>
	<path>0882_jpg.rf.e7e03586f63d2cdcd8183566d3a872ff.jpg</path>
	<source>
		<database>roboflow.ai</database>
	</source>
	<size>
		<width>512</width>
		<height>384</height>
		<depth>3</depth>
	</size>
	<segmented>0</segmented>
	<object>
		<name>Plastic</name>
		<pose>Unspecified</pose>
		<truncated>0</truncated>
		<difficult>0</difficult>
		<occluded>0</occluded>
		<bndbox>
			<xmin>1</xmin>
			<xmax>508</xmax>
			<ymin>53</ymin>
			<ymax>384</ymax>
		</bndbox>
	</object>
</annotation>
