<annotation>
	<folder></folder>
	<filename>0888_jpg.rf.e82c62132d22d0ab04ccb1838a6aac51.jpg</filename>
	<path>0888_jpg.rf.e82c62132d22d0ab04ccb1838a6aac51.jpg</path>
	<source>
		<database>roboflow.ai</database>
	</source>
	<size>
		<width>512</width>
		<height>384</height>
		<depth>3</depth>
	</size>
	<segmented>0</segmented>
	<object>
		<name>Plastic</name>
		<pose>Unspecified</pose>
		<truncated>0</truncated>
		<difficult>0</difficult>
		<occluded>0</occluded>
		<bndbox>
			<xmin>101</xmin>
			<xmax>329</xmax>
			<ymin>38</ymin>
			<ymax>291</ymax>
		</bndbox>
	</object>
</annotation>
