<annotation>
	<folder></folder>
	<filename>0895_jpg.rf.ba24e5276dd7fbcdfca1450aae4f614e.jpg</filename>
	<path>0895_jpg.rf.ba24e5276dd7fbcdfca1450aae4f614e.jpg</path>
	<source>
		<database>roboflow.ai</database>
	</source>
	<size>
		<width>512</width>
		<height>384</height>
		<depth>3</depth>
	</size>
	<segmented>0</segmented>
	<object>
		<name>Plastic</name>
		<pose>Unspecified</pose>
		<truncated>0</truncated>
		<difficult>0</difficult>
		<occluded>0</occluded>
		<bndbox>
			<xmin>179</xmin>
			<xmax>350</xmax>
			<ymin>129</ymin>
			<ymax>290</ymax>
		</bndbox>
	</object>
</annotation>
