<annotation>
	<folder></folder>
	<filename>0899_jpg.rf.cf70ab1245700c934e813aa0c972e3ab.jpg</filename>
	<path>0899_jpg.rf.cf70ab1245700c934e813aa0c972e3ab.jpg</path>
	<source>
		<database>roboflow.ai</database>
	</source>
	<size>
		<width>512</width>
		<height>384</height>
		<depth>3</depth>
	</size>
	<segmented>0</segmented>
	<object>
		<name>Plastic</name>
		<pose>Unspecified</pose>
		<truncated>0</truncated>
		<difficult>0</difficult>
		<occluded>0</occluded>
		<bndbox>
			<xmin>176</xmin>
			<xmax>338</xmax>
			<ymin>88</ymin>
			<ymax>275</ymax>
		</bndbox>
	</object>
</annotation>
