<annotation>
	<folder></folder>
	<filename>0906_jpg.rf.87f12b7e2547c6bc9c0a1746b75dc3ab.jpg</filename>
	<path>0906_jpg.rf.87f12b7e2547c6bc9c0a1746b75dc3ab.jpg</path>
	<source>
		<database>roboflow.ai</database>
	</source>
	<size>
		<width>512</width>
		<height>384</height>
		<depth>3</depth>
	</size>
	<segmented>0</segmented>
	<object>
		<name>Plastic</name>
		<pose>Unspecified</pose>
		<truncated>0</truncated>
		<difficult>0</difficult>
		<occluded>0</occluded>
		<bndbox>
			<xmin>77</xmin>
			<xmax>371</xmax>
			<ymin>64</ymin>
			<ymax>258</ymax>
		</bndbox>
	</object>
</annotation>
