<annotation>
	<folder></folder>
	<filename>0917_jpg.rf.c8baa053e3fd388a58a65f8d51769a22.jpg</filename>
	<path>0917_jpg.rf.c8baa053e3fd388a58a65f8d51769a22.jpg</path>
	<source>
		<database>roboflow.ai</database>
	</source>
	<size>
		<width>512</width>
		<height>384</height>
		<depth>3</depth>
	</size>
	<segmented>0</segmented>
	<object>
		<name>Plastic</name>
		<pose>Unspecified</pose>
		<truncated>0</truncated>
		<difficult>0</difficult>
		<occluded>0</occluded>
		<bndbox>
			<xmin>144</xmin>
			<xmax>361</xmax>
			<ymin>70</ymin>
			<ymax>384</ymax>
		</bndbox>
	</object>
</annotation>
