<annotation>
	<folder></folder>
	<filename>0918_jpg.rf.94351811a9e526f28f97f6de783f9eed.jpg</filename>
	<path>0918_jpg.rf.94351811a9e526f28f97f6de783f9eed.jpg</path>
	<source>
		<database>roboflow.ai</database>
	</source>
	<size>
		<width>512</width>
		<height>384</height>
		<depth>3</depth>
	</size>
	<segmented>0</segmented>
	<object>
		<name>Plastic</name>
		<pose>Unspecified</pose>
		<truncated>0</truncated>
		<difficult>0</difficult>
		<occluded>0</occluded>
		<bndbox>
			<xmin>128</xmin>
			<xmax>427</xmax>
			<ymin>3</ymin>
			<ymax>290</ymax>
		</bndbox>
	</object>
</annotation>
