<annotation>
	<folder></folder>
	<filename>0919_jpg.rf.5c0240717887a92615d5675761ed9c8f.jpg</filename>
	<path>0919_jpg.rf.5c0240717887a92615d5675761ed9c8f.jpg</path>
	<source>
		<database>roboflow.ai</database>
	</source>
	<size>
		<width>512</width>
		<height>384</height>
		<depth>3</depth>
	</size>
	<segmented>0</segmented>
	<object>
		<name>Plastic</name>
		<pose>Unspecified</pose>
		<truncated>0</truncated>
		<difficult>0</difficult>
		<occluded>0</occluded>
		<bndbox>
			<xmin>160</xmin>
			<xmax>403</xmax>
			<ymin>86</ymin>
			<ymax>384</ymax>
		</bndbox>
	</object>
</annotation>
