<annotation>
	<folder></folder>
	<filename>0929_jpg.rf.8f9d0e24960890f7c64c9e14f36c7c65.jpg</filename>
	<path>0929_jpg.rf.8f9d0e24960890f7c64c9e14f36c7c65.jpg</path>
	<source>
		<database>roboflow.ai</database>
	</source>
	<size>
		<width>512</width>
		<height>384</height>
		<depth>3</depth>
	</size>
	<segmented>0</segmented>
	<object>
		<name>Plastic</name>
		<pose>Unspecified</pose>
		<truncated>0</truncated>
		<difficult>0</difficult>
		<occluded>0</occluded>
		<bndbox>
			<xmin>56</xmin>
			<xmax>457</xmax>
			<ymin>79</ymin>
			<ymax>293</ymax>
		</bndbox>
	</object>
</annotation>
