<annotation>
	<folder></folder>
	<filename>0934_jpg.rf.e1d3ae1a3d595b3cf3ee0ef766e19db8.jpg</filename>
	<path>0934_jpg.rf.e1d3ae1a3d595b3cf3ee0ef766e19db8.jpg</path>
	<source>
		<database>roboflow.ai</database>
	</source>
	<size>
		<width>512</width>
		<height>384</height>
		<depth>3</depth>
	</size>
	<segmented>0</segmented>
	<object>
		<name>Plastic</name>
		<pose>Unspecified</pose>
		<truncated>0</truncated>
		<difficult>0</difficult>
		<occluded>0</occluded>
		<bndbox>
			<xmin>1</xmin>
			<xmax>471</xmax>
			<ymin>59</ymin>
			<ymax>325</ymax>
		</bndbox>
	</object>
</annotation>
