<annotation>
	<folder></folder>
	<filename>0935_jpg.rf.55dff7b30fdde6fae89bd16f9dc02ff9.jpg</filename>
	<path>0935_jpg.rf.55dff7b30fdde6fae89bd16f9dc02ff9.jpg</path>
	<source>
		<database>roboflow.ai</database>
	</source>
	<size>
		<width>512</width>
		<height>384</height>
		<depth>3</depth>
	</size>
	<segmented>0</segmented>
	<object>
		<name>Plastic</name>
		<pose>Unspecified</pose>
		<truncated>0</truncated>
		<difficult>0</difficult>
		<occluded>0</occluded>
		<bndbox>
			<xmin>66</xmin>
			<xmax>475</xmax>
			<ymin>39</ymin>
			<ymax>311</ymax>
		</bndbox>
	</object>
</annotation>
