<annotation>
	<folder></folder>
	<filename>0936_jpg.rf.b1801d9286986ce48175b6992a247680.jpg</filename>
	<path>0936_jpg.rf.b1801d9286986ce48175b6992a247680.jpg</path>
	<source>
		<database>roboflow.ai</database>
	</source>
	<size>
		<width>512</width>
		<height>384</height>
		<depth>3</depth>
	</size>
	<segmented>0</segmented>
	<object>
		<name>Plastic</name>
		<pose>Unspecified</pose>
		<truncated>0</truncated>
		<difficult>0</difficult>
		<occluded>0</occluded>
		<bndbox>
			<xmin>133</xmin>
			<xmax>454</xmax>
			<ymin>1</ymin>
			<ymax>347</ymax>
		</bndbox>
	</object>
</annotation>
