<annotation>
	<folder></folder>
	<filename>0937_jpg.rf.357ebb0fd5806bc633283d01617f5045.jpg</filename>
	<path>0937_jpg.rf.357ebb0fd5806bc633283d01617f5045.jpg</path>
	<source>
		<database>roboflow.ai</database>
	</source>
	<size>
		<width>512</width>
		<height>384</height>
		<depth>3</depth>
	</size>
	<segmented>0</segmented>
	<object>
		<name>Plastic</name>
		<pose>Unspecified</pose>
		<truncated>0</truncated>
		<difficult>0</difficult>
		<occluded>0</occluded>
		<bndbox>
			<xmin>192</xmin>
			<xmax>384</xmax>
			<ymin>97</ymin>
			<ymax>281</ymax>
		</bndbox>
	</object>
</annotation>
