<annotation>
	<folder></folder>
	<filename>0938_jpg.rf.cef8592f13f73a2bb3516af414396fc8.jpg</filename>
	<path>0938_jpg.rf.cef8592f13f73a2bb3516af414396fc8.jpg</path>
	<source>
		<database>roboflow.ai</database>
	</source>
	<size>
		<width>512</width>
		<height>384</height>
		<depth>3</depth>
	</size>
	<segmented>0</segmented>
	<object>
		<name>Plastic</name>
		<pose>Unspecified</pose>
		<truncated>0</truncated>
		<difficult>0</difficult>
		<occluded>0</occluded>
		<bndbox>
			<xmin>141</xmin>
			<xmax>366</xmax>
			<ymin>64</ymin>
			<ymax>379</ymax>
		</bndbox>
	</object>
</annotation>
