<annotation>
	<folder></folder>
	<filename>0939_jpg.rf.48243f0c39449d2906ebdaa8be95b0e3.jpg</filename>
	<path>0939_jpg.rf.48243f0c39449d2906ebdaa8be95b0e3.jpg</path>
	<source>
		<database>roboflow.ai</database>
	</source>
	<size>
		<width>512</width>
		<height>384</height>
		<depth>3</depth>
	</size>
	<segmented>0</segmented>
	<object>
		<name>Plastic</name>
		<pose>Unspecified</pose>
		<truncated>0</truncated>
		<difficult>0</difficult>
		<occluded>0</occluded>
		<bndbox>
			<xmin>14</xmin>
			<xmax>512</xmax>
			<ymin>125</ymin>
			<ymax>318</ymax>
		</bndbox>
	</object>
</annotation>
