<annotation>
	<folder></folder>
	<filename>0941_jpg.rf.2cdf49d04c24b899e6a9ee177403de38.jpg</filename>
	<path>0941_jpg.rf.2cdf49d04c24b899e6a9ee177403de38.jpg</path>
	<source>
		<database>roboflow.ai</database>
	</source>
	<size>
		<width>512</width>
		<height>384</height>
		<depth>3</depth>
	</size>
	<segmented>0</segmented>
	<object>
		<name>Plastic</name>
		<pose>Unspecified</pose>
		<truncated>0</truncated>
		<difficult>0</difficult>
		<occluded>0</occluded>
		<bndbox>
			<xmin>23</xmin>
			<xmax>461</xmax>
			<ymin>42</ymin>
			<ymax>259</ymax>
		</bndbox>
	</object>
</annotation>
