<annotation>
	<folder></folder>
	<filename>0942_jpg.rf.6062739fde5351166a5936ff2b56f007.jpg</filename>
	<path>0942_jpg.rf.6062739fde5351166a5936ff2b56f007.jpg</path>
	<source>
		<database>roboflow.ai</database>
	</source>
	<size>
		<width>512</width>
		<height>384</height>
		<depth>3</depth>
	</size>
	<segmented>0</segmented>
	<object>
		<name>Plastic</name>
		<pose>Unspecified</pose>
		<truncated>0</truncated>
		<difficult>0</difficult>
		<occluded>0</occluded>
		<bndbox>
			<xmin>93</xmin>
			<xmax>391</xmax>
			<ymin>58</ymin>
			<ymax>384</ymax>
		</bndbox>
	</object>
</annotation>
