<annotation>
	<folder></folder>
	<filename>0944_jpg.rf.63693664d3a6b21272539713cd01861e.jpg</filename>
	<path>0944_jpg.rf.63693664d3a6b21272539713cd01861e.jpg</path>
	<source>
		<database>roboflow.ai</database>
	</source>
	<size>
		<width>512</width>
		<height>384</height>
		<depth>3</depth>
	</size>
	<segmented>0</segmented>
	<object>
		<name>Plastic</name>
		<pose>Unspecified</pose>
		<truncated>0</truncated>
		<difficult>0</difficult>
		<occluded>0</occluded>
		<bndbox>
			<xmin>10</xmin>
			<xmax>482</xmax>
			<ymin>83</ymin>
			<ymax>289</ymax>
		</bndbox>
	</object>
</annotation>
