<annotation>
	<folder></folder>
	<filename>0953_jpg.rf.bea5e207e0878a282182b6d677a58112.jpg</filename>
	<path>0953_jpg.rf.bea5e207e0878a282182b6d677a58112.jpg</path>
	<source>
		<database>roboflow.ai</database>
	</source>
	<size>
		<width>512</width>
		<height>384</height>
		<depth>3</depth>
	</size>
	<segmented>0</segmented>
	<object>
		<name>Plastic</name>
		<pose>Unspecified</pose>
		<truncated>0</truncated>
		<difficult>0</difficult>
		<occluded>0</occluded>
		<bndbox>
			<xmin>240</xmin>
			<xmax>503</xmax>
			<ymin>113</ymin>
			<ymax>380</ymax>
		</bndbox>
	</object>
</annotation>
