<annotation>
	<folder></folder>
	<filename>0954_jpg.rf.cdad8eb2f42d1eeb4dacc2302ea2f332.jpg</filename>
	<path>0954_jpg.rf.cdad8eb2f42d1eeb4dacc2302ea2f332.jpg</path>
	<source>
		<database>roboflow.ai</database>
	</source>
	<size>
		<width>512</width>
		<height>384</height>
		<depth>3</depth>
	</size>
	<segmented>0</segmented>
	<object>
		<name>Plastic</name>
		<pose>Unspecified</pose>
		<truncated>0</truncated>
		<difficult>0</difficult>
		<occluded>0</occluded>
		<bndbox>
			<xmin>158</xmin>
			<xmax>400</xmax>
			<ymin>33</ymin>
			<ymax>302</ymax>
		</bndbox>
	</object>
</annotation>
