<annotation>
	<folder></folder>
	<filename>0958_jpg.rf.92fcae93b65516435fa0d7fb90061b62.jpg</filename>
	<path>0958_jpg.rf.92fcae93b65516435fa0d7fb90061b62.jpg</path>
	<source>
		<database>roboflow.ai</database>
	</source>
	<size>
		<width>512</width>
		<height>384</height>
		<depth>3</depth>
	</size>
	<segmented>0</segmented>
	<object>
		<name>Plastic</name>
		<pose>Unspecified</pose>
		<truncated>0</truncated>
		<difficult>0</difficult>
		<occluded>0</occluded>
		<bndbox>
			<xmin>68</xmin>
			<xmax>446</xmax>
			<ymin>48</ymin>
			<ymax>312</ymax>
		</bndbox>
	</object>
</annotation>
