<annotation>
	<folder></folder>
	<filename>0965_jpg.rf.138774048563929a2329f7f6d93432a9.jpg</filename>
	<path>0965_jpg.rf.138774048563929a2329f7f6d93432a9.jpg</path>
	<source>
		<database>roboflow.ai</database>
	</source>
	<size>
		<width>512</width>
		<height>384</height>
		<depth>3</depth>
	</size>
	<segmented>0</segmented>
	<object>
		<name>Plastic</name>
		<pose>Unspecified</pose>
		<truncated>0</truncated>
		<difficult>0</difficult>
		<occluded>0</occluded>
		<bndbox>
			<xmin>85</xmin>
			<xmax>447</xmax>
			<ymin>3</ymin>
			<ymax>375</ymax>
		</bndbox>
	</object>
</annotation>
