<annotation>
	<folder></folder>
	<filename>0971_jpg.rf.fbe2bdbccf1c7ad82fc6193223dce909.jpg</filename>
	<path>0971_jpg.rf.fbe2bdbccf1c7ad82fc6193223dce909.jpg</path>
	<source>
		<database>roboflow.ai</database>
	</source>
	<size>
		<width>512</width>
		<height>384</height>
		<depth>3</depth>
	</size>
	<segmented>0</segmented>
	<object>
		<name>Plastic</name>
		<pose>Unspecified</pose>
		<truncated>0</truncated>
		<difficult>0</difficult>
		<occluded>0</occluded>
		<bndbox>
			<xmin>107</xmin>
			<xmax>382</xmax>
			<ymin>57</ymin>
			<ymax>384</ymax>
		</bndbox>
	</object>
</annotation>
