<annotation>
	<folder></folder>
	<filename>0981_jpg.rf.6bec2db4d3ed8a5df0d5533b1a005915.jpg</filename>
	<path>0981_jpg.rf.6bec2db4d3ed8a5df0d5533b1a005915.jpg</path>
	<source>
		<database>roboflow.ai</database>
	</source>
	<size>
		<width>512</width>
		<height>384</height>
		<depth>3</depth>
	</size>
	<segmented>0</segmented>
	<object>
		<name>Plastic</name>
		<pose>Unspecified</pose>
		<truncated>0</truncated>
		<difficult>0</difficult>
		<occluded>0</occluded>
		<bndbox>
			<xmin>21</xmin>
			<xmax>486</xmax>
			<ymin>49</ymin>
			<ymax>243</ymax>
		</bndbox>
	</object>
</annotation>
