<annotation>
	<folder></folder>
	<filename>0983_jpg.rf.bee517e495be9ca611991957180a8d72.jpg</filename>
	<path>0983_jpg.rf.bee517e495be9ca611991957180a8d72.jpg</path>
	<source>
		<database>roboflow.ai</database>
	</source>
	<size>
		<width>512</width>
		<height>384</height>
		<depth>3</depth>
	</size>
	<segmented>0</segmented>
	<object>
		<name>Plastic</name>
		<pose>Unspecified</pose>
		<truncated>0</truncated>
		<difficult>0</difficult>
		<occluded>0</occluded>
		<bndbox>
			<xmin>132</xmin>
			<xmax>342</xmax>
			<ymin>62</ymin>
			<ymax>276</ymax>
		</bndbox>
	</object>
</annotation>
