<annotation>
	<folder></folder>
	<filename>0985_jpg.rf.4e53a2ce36a4a7358a1e277f27920416.jpg</filename>
	<path>0985_jpg.rf.4e53a2ce36a4a7358a1e277f27920416.jpg</path>
	<source>
		<database>roboflow.ai</database>
	</source>
	<size>
		<width>512</width>
		<height>384</height>
		<depth>3</depth>
	</size>
	<segmented>0</segmented>
	<object>
		<name>Plastic</name>
		<pose>Unspecified</pose>
		<truncated>0</truncated>
		<difficult>0</difficult>
		<occluded>0</occluded>
		<bndbox>
			<xmin>82</xmin>
			<xmax>237</xmax>
			<ymin>74</ymin>
			<ymax>277</ymax>
		</bndbox>
	</object>
</annotation>
