<annotation>
	<folder></folder>
	<filename>0993_jpg.rf.0f2d5b92007bcf8d6cbb84984affef98.jpg</filename>
	<path>0993_jpg.rf.0f2d5b92007bcf8d6cbb84984affef98.jpg</path>
	<source>
		<database>roboflow.ai</database>
	</source>
	<size>
		<width>512</width>
		<height>384</height>
		<depth>3</depth>
	</size>
	<segmented>0</segmented>
	<object>
		<name>Plastic</name>
		<pose>Unspecified</pose>
		<truncated>0</truncated>
		<difficult>0</difficult>
		<occluded>0</occluded>
		<bndbox>
			<xmin>121</xmin>
			<xmax>474</xmax>
			<ymin>69</ymin>
			<ymax>384</ymax>
		</bndbox>
	</object>
</annotation>
