<annotation>
	<folder></folder>
	<filename>0994_jpg.rf.ae1736c68a412ee0858eee07549f133f.jpg</filename>
	<path>0994_jpg.rf.ae1736c68a412ee0858eee07549f133f.jpg</path>
	<source>
		<database>roboflow.ai</database>
	</source>
	<size>
		<width>512</width>
		<height>384</height>
		<depth>3</depth>
	</size>
	<segmented>0</segmented>
	<object>
		<name>Plastic</name>
		<pose>Unspecified</pose>
		<truncated>0</truncated>
		<difficult>0</difficult>
		<occluded>0</occluded>
		<bndbox>
			<xmin>21</xmin>
			<xmax>452</xmax>
			<ymin>100</ymin>
			<ymax>306</ymax>
		</bndbox>
	</object>
</annotation>
