<annotation>
	<folder></folder>
	<filename>0999_jpg.rf.1ce9d29a176e6e0c905a555a31306d22.jpg</filename>
	<path>0999_jpg.rf.1ce9d29a176e6e0c905a555a31306d22.jpg</path>
	<source>
		<database>roboflow.ai</database>
	</source>
	<size>
		<width>512</width>
		<height>384</height>
		<depth>3</depth>
	</size>
	<segmented>0</segmented>
	<object>
		<name>Plastic</name>
		<pose>Unspecified</pose>
		<truncated>0</truncated>
		<difficult>0</difficult>
		<occluded>0</occluded>
		<bndbox>
			<xmin>190</xmin>
			<xmax>413</xmax>
			<ymin>33</ymin>
			<ymax>383</ymax>
		</bndbox>
	</object>
</annotation>
