<annotation>
	<folder></folder>
	<filename>1000_jpg.rf.19595380f6dc23d8635bfd54fba32d2d.jpg</filename>
	<path>1000_jpg.rf.19595380f6dc23d8635bfd54fba32d2d.jpg</path>
	<source>
		<database>roboflow.ai</database>
	</source>
	<size>
		<width>512</width>
		<height>384</height>
		<depth>3</depth>
	</size>
	<segmented>0</segmented>
	<object>
		<name>Plastic</name>
		<pose>Unspecified</pose>
		<truncated>0</truncated>
		<difficult>0</difficult>
		<occluded>0</occluded>
		<bndbox>
			<xmin>56</xmin>
			<xmax>496</xmax>
			<ymin>85</ymin>
			<ymax>327</ymax>
		</bndbox>
	</object>
</annotation>
