<annotation>
	<folder></folder>
	<filename>1002_jpg.rf.961cedc48358a19ae152f5604a1b7b8d.jpg</filename>
	<path>1002_jpg.rf.961cedc48358a19ae152f5604a1b7b8d.jpg</path>
	<source>
		<database>roboflow.ai</database>
	</source>
	<size>
		<width>512</width>
		<height>384</height>
		<depth>3</depth>
	</size>
	<segmented>0</segmented>
	<object>
		<name>Plastic</name>
		<pose>Unspecified</pose>
		<truncated>0</truncated>
		<difficult>0</difficult>
		<occluded>0</occluded>
		<bndbox>
			<xmin>115</xmin>
			<xmax>444</xmax>
			<ymin>92</ymin>
			<ymax>243</ymax>
		</bndbox>
	</object>
</annotation>
