<annotation>
	<folder></folder>
	<filename>1007_jpg.rf.16c4b1884b8e361c6f2179fc7c8ea375.jpg</filename>
	<path>1007_jpg.rf.16c4b1884b8e361c6f2179fc7c8ea375.jpg</path>
	<source>
		<database>roboflow.ai</database>
	</source>
	<size>
		<width>512</width>
		<height>384</height>
		<depth>3</depth>
	</size>
	<segmented>0</segmented>
	<object>
		<name>Plastic</name>
		<pose>Unspecified</pose>
		<truncated>0</truncated>
		<difficult>0</difficult>
		<occluded>0</occluded>
		<bndbox>
			<xmin>26</xmin>
			<xmax>481</xmax>
			<ymin>124</ymin>
			<ymax>349</ymax>
		</bndbox>
	</object>
</annotation>
