<annotation>
	<folder></folder>
	<filename>1009_jpg.rf.651dc7f242475e9944cc3b0d3e714b93.jpg</filename>
	<path>1009_jpg.rf.651dc7f242475e9944cc3b0d3e714b93.jpg</path>
	<source>
		<database>roboflow.ai</database>
	</source>
	<size>
		<width>512</width>
		<height>384</height>
		<depth>3</depth>
	</size>
	<segmented>0</segmented>
	<object>
		<name>Plastic</name>
		<pose>Unspecified</pose>
		<truncated>0</truncated>
		<difficult>0</difficult>
		<occluded>0</occluded>
		<bndbox>
			<xmin>32</xmin>
			<xmax>495</xmax>
			<ymin>38</ymin>
			<ymax>360</ymax>
		</bndbox>
	</object>
</annotation>
