<annotation>
	<folder></folder>
	<filename>1010_jpg.rf.e2f88e8f91f34291479f7e1f7ab216d8.jpg</filename>
	<path>1010_jpg.rf.e2f88e8f91f34291479f7e1f7ab216d8.jpg</path>
	<source>
		<database>roboflow.ai</database>
	</source>
	<size>
		<width>512</width>
		<height>384</height>
		<depth>3</depth>
	</size>
	<segmented>0</segmented>
	<object>
		<name>Plastic</name>
		<pose>Unspecified</pose>
		<truncated>0</truncated>
		<difficult>0</difficult>
		<occluded>0</occluded>
		<bndbox>
			<xmin>95</xmin>
			<xmax>439</xmax>
			<ymin>76</ymin>
			<ymax>270</ymax>
		</bndbox>
	</object>
</annotation>
