<annotation>
	<folder></folder>
	<filename>1012_jpg.rf.c037b676ada253fb139d4fe5cf028637.jpg</filename>
	<path>1012_jpg.rf.c037b676ada253fb139d4fe5cf028637.jpg</path>
	<source>
		<database>roboflow.ai</database>
	</source>
	<size>
		<width>512</width>
		<height>384</height>
		<depth>3</depth>
	</size>
	<segmented>0</segmented>
	<object>
		<name>Plastic</name>
		<pose>Unspecified</pose>
		<truncated>0</truncated>
		<difficult>0</difficult>
		<occluded>0</occluded>
		<bndbox>
			<xmin>186</xmin>
			<xmax>508</xmax>
			<ymin>1</ymin>
			<ymax>242</ymax>
		</bndbox>
	</object>
</annotation>
