<annotation>
	<folder></folder>
	<filename>1013_jpg.rf.db74050fee72eec6f27dc0040c00c796.jpg</filename>
	<path>1013_jpg.rf.db74050fee72eec6f27dc0040c00c796.jpg</path>
	<source>
		<database>roboflow.ai</database>
	</source>
	<size>
		<width>512</width>
		<height>384</height>
		<depth>3</depth>
	</size>
	<segmented>0</segmented>
	<object>
		<name>Plastic</name>
		<pose>Unspecified</pose>
		<truncated>0</truncated>
		<difficult>0</difficult>
		<occluded>0</occluded>
		<bndbox>
			<xmin>99</xmin>
			<xmax>268</xmax>
			<ymin>101</ymin>
			<ymax>274</ymax>
		</bndbox>
	</object>
</annotation>
