<annotation>
	<folder></folder>
	<filename>1021_jpg.rf.c254903670ea71fc1d6536a6f4b94180.jpg</filename>
	<path>1021_jpg.rf.c254903670ea71fc1d6536a6f4b94180.jpg</path>
	<source>
		<database>roboflow.ai</database>
	</source>
	<size>
		<width>512</width>
		<height>384</height>
		<depth>3</depth>
	</size>
	<segmented>0</segmented>
	<object>
		<name>Plastic</name>
		<pose>Unspecified</pose>
		<truncated>0</truncated>
		<difficult>0</difficult>
		<occluded>0</occluded>
		<bndbox>
			<xmin>62</xmin>
			<xmax>466</xmax>
			<ymin>114</ymin>
			<ymax>317</ymax>
		</bndbox>
	</object>
</annotation>
