<annotation>
	<folder></folder>
	<filename>1024_jpg.rf.7777cc0bf59ba4dd6cf17d6579bb487b.jpg</filename>
	<path>1024_jpg.rf.7777cc0bf59ba4dd6cf17d6579bb487b.jpg</path>
	<source>
		<database>roboflow.ai</database>
	</source>
	<size>
		<width>512</width>
		<height>384</height>
		<depth>3</depth>
	</size>
	<segmented>0</segmented>
	<object>
		<name>Plastic</name>
		<pose>Unspecified</pose>
		<truncated>0</truncated>
		<difficult>0</difficult>
		<occluded>0</occluded>
		<bndbox>
			<xmin>130</xmin>
			<xmax>461</xmax>
			<ymin>28</ymin>
			<ymax>319</ymax>
		</bndbox>
	</object>
</annotation>
