<annotation>
	<folder></folder>
	<filename>1025_jpg.rf.686c2a8cb85a7da0809e01a07d51b16d.jpg</filename>
	<path>1025_jpg.rf.686c2a8cb85a7da0809e01a07d51b16d.jpg</path>
	<source>
		<database>roboflow.ai</database>
	</source>
	<size>
		<width>512</width>
		<height>384</height>
		<depth>3</depth>
	</size>
	<segmented>0</segmented>
	<object>
		<name>Plastic</name>
		<pose>Unspecified</pose>
		<truncated>0</truncated>
		<difficult>0</difficult>
		<occluded>0</occluded>
		<bndbox>
			<xmin>69</xmin>
			<xmax>461</xmax>
			<ymin>92</ymin>
			<ymax>266</ymax>
		</bndbox>
	</object>
</annotation>
