<annotation>
	<folder>simple_images</folder>
	<filename>1025.jpg</filename>
	<path>D:\A\S7project\simple_image_download-master\Example\simple_images\1025.jpg</path>
	<source>
		<database>Unknown</database>
	</source>
	<size>
		<width>512</width>
		<height>384</height>
		<depth>3</depth>
	</size>
	<segmented>0</segmented>
	<object>
		<name>Plastic</name>
		<pose>Unspecified</pose>
		<truncated>0</truncated>
		<difficult>0</difficult>
		<bndbox>
			<xmin>69</xmin>
			<ymin>92</ymin>
			<xmax>461</xmax>
			<ymax>266</ymax>
		</bndbox>
	</object>
</annotation>
