<annotation>
	<folder></folder>
	<filename>1026_jpg.rf.d5e11423aec5357c947b786e96ab897e.jpg</filename>
	<path>1026_jpg.rf.d5e11423aec5357c947b786e96ab897e.jpg</path>
	<source>
		<database>roboflow.ai</database>
	</source>
	<size>
		<width>512</width>
		<height>384</height>
		<depth>3</depth>
	</size>
	<segmented>0</segmented>
	<object>
		<name>Plastic</name>
		<pose>Unspecified</pose>
		<truncated>0</truncated>
		<difficult>0</difficult>
		<occluded>0</occluded>
		<bndbox>
			<xmin>62</xmin>
			<xmax>445</xmax>
			<ymin>131</ymin>
			<ymax>364</ymax>
		</bndbox>
	</object>
</annotation>
