<annotation>
	<folder></folder>
	<filename>1027_jpg.rf.ffe057c15477cc5185d263e7d7cca8ec.jpg</filename>
	<path>1027_jpg.rf.ffe057c15477cc5185d263e7d7cca8ec.jpg</path>
	<source>
		<database>roboflow.ai</database>
	</source>
	<size>
		<width>512</width>
		<height>384</height>
		<depth>3</depth>
	</size>
	<segmented>0</segmented>
	<object>
		<name>Plastic</name>
		<pose>Unspecified</pose>
		<truncated>0</truncated>
		<difficult>0</difficult>
		<occluded>0</occluded>
		<bndbox>
			<xmin>33</xmin>
			<xmax>479</xmax>
			<ymin>74</ymin>
			<ymax>381</ymax>
		</bndbox>
	</object>
</annotation>
