<annotation>
	<folder></folder>
	<filename>1029_jpg.rf.aeab67c86dd174a7ff208b49fbe4b81e.jpg</filename>
	<path>1029_jpg.rf.aeab67c86dd174a7ff208b49fbe4b81e.jpg</path>
	<source>
		<database>roboflow.ai</database>
	</source>
	<size>
		<width>512</width>
		<height>384</height>
		<depth>3</depth>
	</size>
	<segmented>0</segmented>
	<object>
		<name>Plastic</name>
		<pose>Unspecified</pose>
		<truncated>0</truncated>
		<difficult>0</difficult>
		<occluded>0</occluded>
		<bndbox>
			<xmin>244</xmin>
			<xmax>420</xmax>
			<ymin>20</ymin>
			<ymax>375</ymax>
		</bndbox>
	</object>
</annotation>
