<annotation>
	<folder></folder>
	<filename>1030_jpg.rf.70f380d7b19e4abdd1f356960fe86de2.jpg</filename>
	<path>1030_jpg.rf.70f380d7b19e4abdd1f356960fe86de2.jpg</path>
	<source>
		<database>roboflow.ai</database>
	</source>
	<size>
		<width>512</width>
		<height>384</height>
		<depth>3</depth>
	</size>
	<segmented>0</segmented>
	<object>
		<name>Plastic</name>
		<pose>Unspecified</pose>
		<truncated>0</truncated>
		<difficult>0</difficult>
		<occluded>0</occluded>
		<bndbox>
			<xmin>82</xmin>
			<xmax>476</xmax>
			<ymin>89</ymin>
			<ymax>251</ymax>
		</bndbox>
	</object>
</annotation>
