<annotation>
	<folder></folder>
	<filename>1034_jpg.rf.4849840631fae2bc3ee16555a8978f5a.jpg</filename>
	<path>1034_jpg.rf.4849840631fae2bc3ee16555a8978f5a.jpg</path>
	<source>
		<database>roboflow.ai</database>
	</source>
	<size>
		<width>512</width>
		<height>384</height>
		<depth>3</depth>
	</size>
	<segmented>0</segmented>
	<object>
		<name>Plastic</name>
		<pose>Unspecified</pose>
		<truncated>0</truncated>
		<difficult>0</difficult>
		<occluded>0</occluded>
		<bndbox>
			<xmin>9</xmin>
			<xmax>490</xmax>
			<ymin>36</ymin>
			<ymax>278</ymax>
		</bndbox>
	</object>
</annotation>
