<annotation>
	<folder></folder>
	<filename>1046_jpg.rf.a0e583aee6e62d725c1b2b99cf56246c.jpg</filename>
	<path>1046_jpg.rf.a0e583aee6e62d725c1b2b99cf56246c.jpg</path>
	<source>
		<database>roboflow.ai</database>
	</source>
	<size>
		<width>512</width>
		<height>384</height>
		<depth>3</depth>
	</size>
	<segmented>0</segmented>
	<object>
		<name>Plastic</name>
		<pose>Unspecified</pose>
		<truncated>0</truncated>
		<difficult>0</difficult>
		<occluded>0</occluded>
		<bndbox>
			<xmin>20</xmin>
			<xmax>444</xmax>
			<ymin>122</ymin>
			<ymax>317</ymax>
		</bndbox>
	</object>
</annotation>
