<annotation>
	<folder></folder>
	<filename>1047_jpg.rf.a517fc68b4eb755f657960d61c57fbf6.jpg</filename>
	<path>1047_jpg.rf.a517fc68b4eb755f657960d61c57fbf6.jpg</path>
	<source>
		<database>roboflow.ai</database>
	</source>
	<size>
		<width>512</width>
		<height>384</height>
		<depth>3</depth>
	</size>
	<segmented>0</segmented>
	<object>
		<name>Plastic</name>
		<pose>Unspecified</pose>
		<truncated>0</truncated>
		<difficult>0</difficult>
		<occluded>0</occluded>
		<bndbox>
			<xmin>154</xmin>
			<xmax>349</xmax>
			<ymin>1</ymin>
			<ymax>300</ymax>
		</bndbox>
	</object>
</annotation>
