<annotation>
	<folder></folder>
	<filename>1048_jpg.rf.8ce89286e27529f251f9f5fd2b8a7811.jpg</filename>
	<path>1048_jpg.rf.8ce89286e27529f251f9f5fd2b8a7811.jpg</path>
	<source>
		<database>roboflow.ai</database>
	</source>
	<size>
		<width>512</width>
		<height>384</height>
		<depth>3</depth>
	</size>
	<segmented>0</segmented>
	<object>
		<name>Plastic</name>
		<pose>Unspecified</pose>
		<truncated>0</truncated>
		<difficult>0</difficult>
		<occluded>0</occluded>
		<bndbox>
			<xmin>34</xmin>
			<xmax>512</xmax>
			<ymin>40</ymin>
			<ymax>261</ymax>
		</bndbox>
	</object>
</annotation>
