<annotation>
	<folder></folder>
	<filename>1050_jpg.rf.48426a8e376b03ecd48b4b869442e5fe.jpg</filename>
	<path>1050_jpg.rf.48426a8e376b03ecd48b4b869442e5fe.jpg</path>
	<source>
		<database>roboflow.ai</database>
	</source>
	<size>
		<width>512</width>
		<height>384</height>
		<depth>3</depth>
	</size>
	<segmented>0</segmented>
	<object>
		<name>Plastic</name>
		<pose>Unspecified</pose>
		<truncated>0</truncated>
		<difficult>0</difficult>
		<occluded>0</occluded>
		<bndbox>
			<xmin>83</xmin>
			<xmax>404</xmax>
			<ymin>81</ymin>
			<ymax>313</ymax>
		</bndbox>
	</object>
</annotation>
