<annotation>
	<folder></folder>
	<filename>1053_jpg.rf.89278d5d5fb5d669d58b43c74072adc8.jpg</filename>
	<path>1053_jpg.rf.89278d5d5fb5d669d58b43c74072adc8.jpg</path>
	<source>
		<database>roboflow.ai</database>
	</source>
	<size>
		<width>512</width>
		<height>384</height>
		<depth>3</depth>
	</size>
	<segmented>0</segmented>
	<object>
		<name>Plastic</name>
		<pose>Unspecified</pose>
		<truncated>0</truncated>
		<difficult>0</difficult>
		<occluded>0</occluded>
		<bndbox>
			<xmin>79</xmin>
			<xmax>385</xmax>
			<ymin>49</ymin>
			<ymax>321</ymax>
		</bndbox>
	</object>
</annotation>
