<annotation>
	<folder></folder>
	<filename>1056_jpg.rf.14e2b458109b0299a38f5c8d0eed3620.jpg</filename>
	<path>1056_jpg.rf.14e2b458109b0299a38f5c8d0eed3620.jpg</path>
	<source>
		<database>roboflow.ai</database>
	</source>
	<size>
		<width>512</width>
		<height>384</height>
		<depth>3</depth>
	</size>
	<segmented>0</segmented>
	<object>
		<name>Plastic</name>
		<pose>Unspecified</pose>
		<truncated>0</truncated>
		<difficult>0</difficult>
		<occluded>0</occluded>
		<bndbox>
			<xmin>83</xmin>
			<xmax>425</xmax>
			<ymin>119</ymin>
			<ymax>283</ymax>
		</bndbox>
	</object>
</annotation>
