<annotation>
	<folder></folder>
	<filename>1064_jpg.rf.f2cdf3cbc908fada1b187df7c3c2d9b1.jpg</filename>
	<path>1064_jpg.rf.f2cdf3cbc908fada1b187df7c3c2d9b1.jpg</path>
	<source>
		<database>roboflow.ai</database>
	</source>
	<size>
		<width>512</width>
		<height>384</height>
		<depth>3</depth>
	</size>
	<segmented>0</segmented>
	<object>
		<name>Plastic</name>
		<pose>Unspecified</pose>
		<truncated>0</truncated>
		<difficult>0</difficult>
		<occluded>0</occluded>
		<bndbox>
			<xmin>93</xmin>
			<xmax>473</xmax>
			<ymin>104</ymin>
			<ymax>304</ymax>
		</bndbox>
	</object>
</annotation>
