<annotation>
	<folder></folder>
	<filename>1067_jpg.rf.3cac24bf6db4189c5ff62c4341fa9ad8.jpg</filename>
	<path>1067_jpg.rf.3cac24bf6db4189c5ff62c4341fa9ad8.jpg</path>
	<source>
		<database>roboflow.ai</database>
	</source>
	<size>
		<width>512</width>
		<height>384</height>
		<depth>3</depth>
	</size>
	<segmented>0</segmented>
	<object>
		<name>Plastic</name>
		<pose>Unspecified</pose>
		<truncated>0</truncated>
		<difficult>0</difficult>
		<occluded>0</occluded>
		<bndbox>
			<xmin>182</xmin>
			<xmax>512</xmax>
			<ymin>88</ymin>
			<ymax>371</ymax>
		</bndbox>
	</object>
</annotation>
