<annotation>
	<folder></folder>
	<filename>1068_jpg.rf.11018857ed30456645856ebc6475ef65.jpg</filename>
	<path>1068_jpg.rf.11018857ed30456645856ebc6475ef65.jpg</path>
	<source>
		<database>roboflow.ai</database>
	</source>
	<size>
		<width>512</width>
		<height>384</height>
		<depth>3</depth>
	</size>
	<segmented>0</segmented>
	<object>
		<name>Plastic</name>
		<pose>Unspecified</pose>
		<truncated>0</truncated>
		<difficult>0</difficult>
		<occluded>0</occluded>
		<bndbox>
			<xmin>134</xmin>
			<xmax>371</xmax>
			<ymin>87</ymin>
			<ymax>310</ymax>
		</bndbox>
	</object>
</annotation>
