<annotation>
	<folder></folder>
	<filename>1069_jpg.rf.10111bbec4c8810fd655744cebbb7d1f.jpg</filename>
	<path>1069_jpg.rf.10111bbec4c8810fd655744cebbb7d1f.jpg</path>
	<source>
		<database>roboflow.ai</database>
	</source>
	<size>
		<width>512</width>
		<height>384</height>
		<depth>3</depth>
	</size>
	<segmented>0</segmented>
	<object>
		<name>Plastic</name>
		<pose>Unspecified</pose>
		<truncated>0</truncated>
		<difficult>0</difficult>
		<occluded>0</occluded>
		<bndbox>
			<xmin>149</xmin>
			<xmax>437</xmax>
			<ymin>1</ymin>
			<ymax>279</ymax>
		</bndbox>
	</object>
</annotation>
