<annotation>
	<folder></folder>
	<filename>1070_jpg.rf.62e107db68d1a2aa26ec28a48e1a0c9d.jpg</filename>
	<path>1070_jpg.rf.62e107db68d1a2aa26ec28a48e1a0c9d.jpg</path>
	<source>
		<database>roboflow.ai</database>
	</source>
	<size>
		<width>512</width>
		<height>384</height>
		<depth>3</depth>
	</size>
	<segmented>0</segmented>
	<object>
		<name>Plastic</name>
		<pose>Unspecified</pose>
		<truncated>0</truncated>
		<difficult>0</difficult>
		<occluded>0</occluded>
		<bndbox>
			<xmin>51</xmin>
			<xmax>369</xmax>
			<ymin>88</ymin>
			<ymax>384</ymax>
		</bndbox>
	</object>
</annotation>
