<annotation>
	<folder></folder>
	<filename>1075_jpg.rf.d7a2bb61b0d8c227f09976291710f06d.jpg</filename>
	<path>1075_jpg.rf.d7a2bb61b0d8c227f09976291710f06d.jpg</path>
	<source>
		<database>roboflow.ai</database>
	</source>
	<size>
		<width>512</width>
		<height>384</height>
		<depth>3</depth>
	</size>
	<segmented>0</segmented>
	<object>
		<name>Plastic</name>
		<pose>Unspecified</pose>
		<truncated>0</truncated>
		<difficult>0</difficult>
		<occluded>0</occluded>
		<bndbox>
			<xmin>179</xmin>
			<xmax>410</xmax>
			<ymin>2</ymin>
			<ymax>342</ymax>
		</bndbox>
	</object>
</annotation>
