<annotation>
	<folder></folder>
	<filename>1077_jpg.rf.cfe5f0912f3de606edb0a43f0cffd5a5.jpg</filename>
	<path>1077_jpg.rf.cfe5f0912f3de606edb0a43f0cffd5a5.jpg</path>
	<source>
		<database>roboflow.ai</database>
	</source>
	<size>
		<width>512</width>
		<height>384</height>
		<depth>3</depth>
	</size>
	<segmented>0</segmented>
	<object>
		<name>Plastic</name>
		<pose>Unspecified</pose>
		<truncated>0</truncated>
		<difficult>0</difficult>
		<occluded>0</occluded>
		<bndbox>
			<xmin>283</xmin>
			<xmax>512</xmax>
			<ymin>72</ymin>
			<ymax>384</ymax>
		</bndbox>
	</object>
</annotation>
