<annotation>
	<folder></folder>
	<filename>1082_jpg.rf.5d22d3990c25df732c66485286e9069c.jpg</filename>
	<path>1082_jpg.rf.5d22d3990c25df732c66485286e9069c.jpg</path>
	<source>
		<database>roboflow.ai</database>
	</source>
	<size>
		<width>512</width>
		<height>384</height>
		<depth>3</depth>
	</size>
	<segmented>0</segmented>
	<object>
		<name>Plastic</name>
		<pose>Unspecified</pose>
		<truncated>0</truncated>
		<difficult>0</difficult>
		<occluded>0</occluded>
		<bndbox>
			<xmin>89</xmin>
			<xmax>462</xmax>
			<ymin>45</ymin>
			<ymax>336</ymax>
		</bndbox>
	</object>
</annotation>
