<annotation>
	<folder></folder>
	<filename>1085_jpg.rf.82e90752220d5990885bce556a859327.jpg</filename>
	<path>1085_jpg.rf.82e90752220d5990885bce556a859327.jpg</path>
	<source>
		<database>roboflow.ai</database>
	</source>
	<size>
		<width>512</width>
		<height>384</height>
		<depth>3</depth>
	</size>
	<segmented>0</segmented>
	<object>
		<name>Plastic</name>
		<pose>Unspecified</pose>
		<truncated>0</truncated>
		<difficult>0</difficult>
		<occluded>0</occluded>
		<bndbox>
			<xmin>60</xmin>
			<xmax>405</xmax>
			<ymin>51</ymin>
			<ymax>338</ymax>
		</bndbox>
	</object>
</annotation>
