<annotation>
	<folder></folder>
	<filename>1086_jpg.rf.a5a1745b503c5e745abe1cc8d7ca16d9.jpg</filename>
	<path>1086_jpg.rf.a5a1745b503c5e745abe1cc8d7ca16d9.jpg</path>
	<source>
		<database>roboflow.ai</database>
	</source>
	<size>
		<width>512</width>
		<height>384</height>
		<depth>3</depth>
	</size>
	<segmented>0</segmented>
	<object>
		<name>Plastic</name>
		<pose>Unspecified</pose>
		<truncated>0</truncated>
		<difficult>0</difficult>
		<occluded>0</occluded>
		<bndbox>
			<xmin>8</xmin>
			<xmax>512</xmax>
			<ymin>3</ymin>
			<ymax>357</ymax>
		</bndbox>
	</object>
</annotation>
