<annotation>
	<folder></folder>
	<filename>1088_jpg.rf.2c122b4e7db2688fea7eebc8fe32e6a8.jpg</filename>
	<path>1088_jpg.rf.2c122b4e7db2688fea7eebc8fe32e6a8.jpg</path>
	<source>
		<database>roboflow.ai</database>
	</source>
	<size>
		<width>512</width>
		<height>384</height>
		<depth>3</depth>
	</size>
	<segmented>0</segmented>
	<object>
		<name>Plastic</name>
		<pose>Unspecified</pose>
		<truncated>0</truncated>
		<difficult>0</difficult>
		<occluded>0</occluded>
		<bndbox>
			<xmin>147</xmin>
			<xmax>512</xmax>
			<ymin>30</ymin>
			<ymax>384</ymax>
		</bndbox>
	</object>
</annotation>
