<annotation>
	<folder></folder>
	<filename>1090_jpg.rf.827dd88f87a93d1c40e7050a8b8d8b10.jpg</filename>
	<path>1090_jpg.rf.827dd88f87a93d1c40e7050a8b8d8b10.jpg</path>
	<source>
		<database>roboflow.ai</database>
	</source>
	<size>
		<width>512</width>
		<height>384</height>
		<depth>3</depth>
	</size>
	<segmented>0</segmented>
	<object>
		<name>Plastic</name>
		<pose>Unspecified</pose>
		<truncated>0</truncated>
		<difficult>0</difficult>
		<occluded>0</occluded>
		<bndbox>
			<xmin>121</xmin>
			<xmax>497</xmax>
			<ymin>104</ymin>
			<ymax>384</ymax>
		</bndbox>
	</object>
</annotation>
