<annotation>
	<folder></folder>
	<filename>1091_jpg.rf.f47394e1fea9673a39d05bc48e24e41a.jpg</filename>
	<path>1091_jpg.rf.f47394e1fea9673a39d05bc48e24e41a.jpg</path>
	<source>
		<database>roboflow.ai</database>
	</source>
	<size>
		<width>512</width>
		<height>384</height>
		<depth>3</depth>
	</size>
	<segmented>0</segmented>
	<object>
		<name>Plastic</name>
		<pose>Unspecified</pose>
		<truncated>0</truncated>
		<difficult>0</difficult>
		<occluded>0</occluded>
		<bndbox>
			<xmin>101</xmin>
			<xmax>436</xmax>
			<ymin>84</ymin>
			<ymax>303</ymax>
		</bndbox>
	</object>
</annotation>
