<annotation>
	<folder></folder>
	<filename>1096_jpg.rf.6b0c32fb183a9f2673d7b21e1c22d845.jpg</filename>
	<path>1096_jpg.rf.6b0c32fb183a9f2673d7b21e1c22d845.jpg</path>
	<source>
		<database>roboflow.ai</database>
	</source>
	<size>
		<width>512</width>
		<height>384</height>
		<depth>3</depth>
	</size>
	<segmented>0</segmented>
	<object>
		<name>Plastic</name>
		<pose>Unspecified</pose>
		<truncated>0</truncated>
		<difficult>0</difficult>
		<occluded>0</occluded>
		<bndbox>
			<xmin>173</xmin>
			<xmax>417</xmax>
			<ymin>80</ymin>
			<ymax>384</ymax>
		</bndbox>
	</object>
</annotation>
