<annotation>
	<folder></folder>
	<filename>1097_jpg.rf.7092ef21cfbb1f6904bb4b6fbf77bffa.jpg</filename>
	<path>1097_jpg.rf.7092ef21cfbb1f6904bb4b6fbf77bffa.jpg</path>
	<source>
		<database>roboflow.ai</database>
	</source>
	<size>
		<width>512</width>
		<height>384</height>
		<depth>3</depth>
	</size>
	<segmented>0</segmented>
	<object>
		<name>Plastic</name>
		<pose>Unspecified</pose>
		<truncated>0</truncated>
		<difficult>0</difficult>
		<occluded>0</occluded>
		<bndbox>
			<xmin>136</xmin>
			<xmax>433</xmax>
			<ymin>13</ymin>
			<ymax>368</ymax>
		</bndbox>
	</object>
</annotation>
