<annotation>
	<folder></folder>
	<filename>1098_jpg.rf.1f045701df47c40477b5967db7b85f49.jpg</filename>
	<path>1098_jpg.rf.1f045701df47c40477b5967db7b85f49.jpg</path>
	<source>
		<database>roboflow.ai</database>
	</source>
	<size>
		<width>512</width>
		<height>384</height>
		<depth>3</depth>
	</size>
	<segmented>0</segmented>
	<object>
		<name>Plastic</name>
		<pose>Unspecified</pose>
		<truncated>0</truncated>
		<difficult>0</difficult>
		<occluded>0</occluded>
		<bndbox>
			<xmin>122</xmin>
			<xmax>501</xmax>
			<ymin>47</ymin>
			<ymax>384</ymax>
		</bndbox>
	</object>
</annotation>
