<annotation>
	<folder></folder>
	<filename>1099_jpg.rf.5f2f889b67e78a818d92a7d4c47071a2.jpg</filename>
	<path>1099_jpg.rf.5f2f889b67e78a818d92a7d4c47071a2.jpg</path>
	<source>
		<database>roboflow.ai</database>
	</source>
	<size>
		<width>512</width>
		<height>384</height>
		<depth>3</depth>
	</size>
	<segmented>0</segmented>
	<object>
		<name>Plastic</name>
		<pose>Unspecified</pose>
		<truncated>0</truncated>
		<difficult>0</difficult>
		<occluded>0</occluded>
		<bndbox>
			<xmin>80</xmin>
			<xmax>401</xmax>
			<ymin>51</ymin>
			<ymax>356</ymax>
		</bndbox>
	</object>
</annotation>
