<annotation>
	<folder></folder>
	<filename>1100_jpg.rf.ff32c74bd09b911559e3830493085e6c.jpg</filename>
	<path>1100_jpg.rf.ff32c74bd09b911559e3830493085e6c.jpg</path>
	<source>
		<database>roboflow.ai</database>
	</source>
	<size>
		<width>512</width>
		<height>384</height>
		<depth>3</depth>
	</size>
	<segmented>0</segmented>
	<object>
		<name>Plastic</name>
		<pose>Unspecified</pose>
		<truncated>0</truncated>
		<difficult>0</difficult>
		<occluded>0</occluded>
		<bndbox>
			<xmin>6</xmin>
			<xmax>501</xmax>
			<ymin>1</ymin>
			<ymax>284</ymax>
		</bndbox>
	</object>
</annotation>
