<annotation>
	<folder></folder>
	<filename>1102_jpg.rf.05b036fee72fa059c5769fd0246f5f4d.jpg</filename>
	<path>1102_jpg.rf.05b036fee72fa059c5769fd0246f5f4d.jpg</path>
	<source>
		<database>roboflow.ai</database>
	</source>
	<size>
		<width>512</width>
		<height>384</height>
		<depth>3</depth>
	</size>
	<segmented>0</segmented>
	<object>
		<name>Plastic</name>
		<pose>Unspecified</pose>
		<truncated>0</truncated>
		<difficult>0</difficult>
		<occluded>0</occluded>
		<bndbox>
			<xmin>184</xmin>
			<xmax>512</xmax>
			<ymin>31</ymin>
			<ymax>384</ymax>
		</bndbox>
	</object>
</annotation>
