<annotation>
	<folder></folder>
	<filename>1105_jpg.rf.5095371cfd9641e6b630e23cf972d7a2.jpg</filename>
	<path>1105_jpg.rf.5095371cfd9641e6b630e23cf972d7a2.jpg</path>
	<source>
		<database>roboflow.ai</database>
	</source>
	<size>
		<width>512</width>
		<height>384</height>
		<depth>3</depth>
	</size>
	<segmented>0</segmented>
	<object>
		<name>Plastic</name>
		<pose>Unspecified</pose>
		<truncated>0</truncated>
		<difficult>0</difficult>
		<occluded>0</occluded>
		<bndbox>
			<xmin>93</xmin>
			<xmax>449</xmax>
			<ymin>79</ymin>
			<ymax>247</ymax>
		</bndbox>
	</object>
</annotation>
