<annotation>
	<folder></folder>
	<filename>1106_jpg.rf.c523e4cf5bc125019e8dc1a7d7b25ca3.jpg</filename>
	<path>1106_jpg.rf.c523e4cf5bc125019e8dc1a7d7b25ca3.jpg</path>
	<source>
		<database>roboflow.ai</database>
	</source>
	<size>
		<width>512</width>
		<height>384</height>
		<depth>3</depth>
	</size>
	<segmented>0</segmented>
	<object>
		<name>Plastic</name>
		<pose>Unspecified</pose>
		<truncated>0</truncated>
		<difficult>0</difficult>
		<occluded>0</occluded>
		<bndbox>
			<xmin>112</xmin>
			<xmax>397</xmax>
			<ymin>99</ymin>
			<ymax>330</ymax>
		</bndbox>
	</object>
</annotation>
