<annotation>
	<folder></folder>
	<filename>1107_jpg.rf.f349cdb4d4c2f61d129007c10e0ce2b4.jpg</filename>
	<path>1107_jpg.rf.f349cdb4d4c2f61d129007c10e0ce2b4.jpg</path>
	<source>
		<database>roboflow.ai</database>
	</source>
	<size>
		<width>512</width>
		<height>384</height>
		<depth>3</depth>
	</size>
	<segmented>0</segmented>
	<object>
		<name>Plastic</name>
		<pose>Unspecified</pose>
		<truncated>0</truncated>
		<difficult>0</difficult>
		<occluded>0</occluded>
		<bndbox>
			<xmin>117</xmin>
			<xmax>390</xmax>
			<ymin>79</ymin>
			<ymax>332</ymax>
		</bndbox>
	</object>
</annotation>
