<annotation>
	<folder></folder>
	<filename>1109_jpg.rf.7addc72e7bc9d3ede5738e1099d61a94.jpg</filename>
	<path>1109_jpg.rf.7addc72e7bc9d3ede5738e1099d61a94.jpg</path>
	<source>
		<database>roboflow.ai</database>
	</source>
	<size>
		<width>512</width>
		<height>384</height>
		<depth>3</depth>
	</size>
	<segmented>0</segmented>
	<object>
		<name>Plastic</name>
		<pose>Unspecified</pose>
		<truncated>0</truncated>
		<difficult>0</difficult>
		<occluded>0</occluded>
		<bndbox>
			<xmin>37</xmin>
			<xmax>442</xmax>
			<ymin>96</ymin>
			<ymax>320</ymax>
		</bndbox>
	</object>
</annotation>
