<annotation>
	<folder></folder>
	<filename>1110_jpg.rf.01613cd898555de284a5721eb2473ba0.jpg</filename>
	<path>1110_jpg.rf.01613cd898555de284a5721eb2473ba0.jpg</path>
	<source>
		<database>roboflow.ai</database>
	</source>
	<size>
		<width>512</width>
		<height>384</height>
		<depth>3</depth>
	</size>
	<segmented>0</segmented>
	<object>
		<name>Plastic</name>
		<pose>Unspecified</pose>
		<truncated>0</truncated>
		<difficult>0</difficult>
		<occluded>0</occluded>
		<bndbox>
			<xmin>96</xmin>
			<xmax>426</xmax>
			<ymin>89</ymin>
			<ymax>320</ymax>
		</bndbox>
	</object>
</annotation>
