<annotation>
	<folder></folder>
	<filename>1117_jpg.rf.1932b461086ec2de196b2d92c54964e2.jpg</filename>
	<path>1117_jpg.rf.1932b461086ec2de196b2d92c54964e2.jpg</path>
	<source>
		<database>roboflow.ai</database>
	</source>
	<size>
		<width>512</width>
		<height>384</height>
		<depth>3</depth>
	</size>
	<segmented>0</segmented>
	<object>
		<name>Plastic</name>
		<pose>Unspecified</pose>
		<truncated>0</truncated>
		<difficult>0</difficult>
		<occluded>0</occluded>
		<bndbox>
			<xmin>86</xmin>
			<xmax>423</xmax>
			<ymin>82</ymin>
			<ymax>294</ymax>
		</bndbox>
	</object>
</annotation>
