<annotation>
	<folder></folder>
	<filename>1118_jpg.rf.3b1f772a844993ffb451b9df72ea0b19.jpg</filename>
	<path>1118_jpg.rf.3b1f772a844993ffb451b9df72ea0b19.jpg</path>
	<source>
		<database>roboflow.ai</database>
	</source>
	<size>
		<width>512</width>
		<height>384</height>
		<depth>3</depth>
	</size>
	<segmented>0</segmented>
	<object>
		<name>Plastic</name>
		<pose>Unspecified</pose>
		<truncated>0</truncated>
		<difficult>0</difficult>
		<occluded>0</occluded>
		<bndbox>
			<xmin>79</xmin>
			<xmax>357</xmax>
			<ymin>48</ymin>
			<ymax>371</ymax>
		</bndbox>
	</object>
</annotation>
