<annotation>
	<folder></folder>
	<filename>1120_jpg.rf.97a77ab3cf7b8985ee60837ea2276fe8.jpg</filename>
	<path>1120_jpg.rf.97a77ab3cf7b8985ee60837ea2276fe8.jpg</path>
	<source>
		<database>roboflow.ai</database>
	</source>
	<size>
		<width>512</width>
		<height>384</height>
		<depth>3</depth>
	</size>
	<segmented>0</segmented>
	<object>
		<name>Plastic</name>
		<pose>Unspecified</pose>
		<truncated>0</truncated>
		<difficult>0</difficult>
		<occluded>0</occluded>
		<bndbox>
			<xmin>29</xmin>
			<xmax>308</xmax>
			<ymin>67</ymin>
			<ymax>383</ymax>
		</bndbox>
	</object>
</annotation>
