<annotation>
	<folder></folder>
	<filename>1121_jpg.rf.d6e8c4c219bd065109d4e852f19112a2.jpg</filename>
	<path>1121_jpg.rf.d6e8c4c219bd065109d4e852f19112a2.jpg</path>
	<source>
		<database>roboflow.ai</database>
	</source>
	<size>
		<width>512</width>
		<height>384</height>
		<depth>3</depth>
	</size>
	<segmented>0</segmented>
	<object>
		<name>Plastic</name>
		<pose>Unspecified</pose>
		<truncated>0</truncated>
		<difficult>0</difficult>
		<occluded>0</occluded>
		<bndbox>
			<xmin>59</xmin>
			<xmax>336</xmax>
			<ymin>66</ymin>
			<ymax>358</ymax>
		</bndbox>
	</object>
</annotation>
