<annotation>
	<folder></folder>
	<filename>1122_jpg.rf.9539186d33c17771d9fd0c04d72fc05b.jpg</filename>
	<path>1122_jpg.rf.9539186d33c17771d9fd0c04d72fc05b.jpg</path>
	<source>
		<database>roboflow.ai</database>
	</source>
	<size>
		<width>512</width>
		<height>384</height>
		<depth>3</depth>
	</size>
	<segmented>0</segmented>
	<object>
		<name>Plastic</name>
		<pose>Unspecified</pose>
		<truncated>0</truncated>
		<difficult>0</difficult>
		<occluded>0</occluded>
		<bndbox>
			<xmin>71</xmin>
			<xmax>398</xmax>
			<ymin>155</ymin>
			<ymax>339</ymax>
		</bndbox>
	</object>
</annotation>
