<annotation>
	<folder></folder>
	<filename>1123_jpg.rf.e2eaf730d88352f54feccb8f1d82faff.jpg</filename>
	<path>1123_jpg.rf.e2eaf730d88352f54feccb8f1d82faff.jpg</path>
	<source>
		<database>roboflow.ai</database>
	</source>
	<size>
		<width>512</width>
		<height>384</height>
		<depth>3</depth>
	</size>
	<segmented>0</segmented>
	<object>
		<name>Plastic</name>
		<pose>Unspecified</pose>
		<truncated>0</truncated>
		<difficult>0</difficult>
		<occluded>0</occluded>
		<bndbox>
			<xmin>169</xmin>
			<xmax>402</xmax>
			<ymin>127</ymin>
			<ymax>384</ymax>
		</bndbox>
	</object>
</annotation>
