<annotation>
	<folder></folder>
	<filename>1125_jpg.rf.f65e90d2d90089a201930eaa331d39e3.jpg</filename>
	<path>1125_jpg.rf.f65e90d2d90089a201930eaa331d39e3.jpg</path>
	<source>
		<database>roboflow.ai</database>
	</source>
	<size>
		<width>512</width>
		<height>384</height>
		<depth>3</depth>
	</size>
	<segmented>0</segmented>
	<object>
		<name>Plastic</name>
		<pose>Unspecified</pose>
		<truncated>0</truncated>
		<difficult>0</difficult>
		<occluded>0</occluded>
		<bndbox>
			<xmin>127</xmin>
			<xmax>430</xmax>
			<ymin>5</ymin>
			<ymax>301</ymax>
		</bndbox>
	</object>
</annotation>
