<annotation>
	<folder></folder>
	<filename>1126_jpg.rf.fbf48cb1062b9635660e127c166371b9.jpg</filename>
	<path>1126_jpg.rf.fbf48cb1062b9635660e127c166371b9.jpg</path>
	<source>
		<database>roboflow.ai</database>
	</source>
	<size>
		<width>512</width>
		<height>384</height>
		<depth>3</depth>
	</size>
	<segmented>0</segmented>
	<object>
		<name>Plastic</name>
		<pose>Unspecified</pose>
		<truncated>0</truncated>
		<difficult>0</difficult>
		<occluded>0</occluded>
		<bndbox>
			<xmin>125</xmin>
			<xmax>361</xmax>
			<ymin>127</ymin>
			<ymax>347</ymax>
		</bndbox>
	</object>
</annotation>
