<annotation>
	<folder></folder>
	<filename>1127_jpg.rf.ee13b277766c90b33e59ebce053fcd8e.jpg</filename>
	<path>1127_jpg.rf.ee13b277766c90b33e59ebce053fcd8e.jpg</path>
	<source>
		<database>roboflow.ai</database>
	</source>
	<size>
		<width>512</width>
		<height>384</height>
		<depth>3</depth>
	</size>
	<segmented>0</segmented>
	<object>
		<name>Plastic</name>
		<pose>Unspecified</pose>
		<truncated>0</truncated>
		<difficult>0</difficult>
		<occluded>0</occluded>
		<bndbox>
			<xmin>165</xmin>
			<xmax>394</xmax>
			<ymin>11</ymin>
			<ymax>218</ymax>
		</bndbox>
	</object>
</annotation>
