<annotation>
	<folder></folder>
	<filename>1128_jpg.rf.94f91604d8622038f41b8a6f7a81c856.jpg</filename>
	<path>1128_jpg.rf.94f91604d8622038f41b8a6f7a81c856.jpg</path>
	<source>
		<database>roboflow.ai</database>
	</source>
	<size>
		<width>512</width>
		<height>384</height>
		<depth>3</depth>
	</size>
	<segmented>0</segmented>
	<object>
		<name>Plastic</name>
		<pose>Unspecified</pose>
		<truncated>0</truncated>
		<difficult>0</difficult>
		<occluded>0</occluded>
		<bndbox>
			<xmin>25</xmin>
			<xmax>480</xmax>
			<ymin>70</ymin>
			<ymax>283</ymax>
		</bndbox>
	</object>
</annotation>
