<annotation>
	<folder></folder>
	<filename>1129_jpg.rf.7afa4579d68b7612860d52fe8f8297a5.jpg</filename>
	<path>1129_jpg.rf.7afa4579d68b7612860d52fe8f8297a5.jpg</path>
	<source>
		<database>roboflow.ai</database>
	</source>
	<size>
		<width>512</width>
		<height>384</height>
		<depth>3</depth>
	</size>
	<segmented>0</segmented>
	<object>
		<name>Plastic</name>
		<pose>Unspecified</pose>
		<truncated>0</truncated>
		<difficult>0</difficult>
		<occluded>0</occluded>
		<bndbox>
			<xmin>1</xmin>
			<xmax>308</xmax>
			<ymin>76</ymin>
			<ymax>366</ymax>
		</bndbox>
	</object>
</annotation>
