<annotation>
	<folder></folder>
	<filename>1130_jpg.rf.613449aa709005c9e51273f1f4e27dc1.jpg</filename>
	<path>1130_jpg.rf.613449aa709005c9e51273f1f4e27dc1.jpg</path>
	<source>
		<database>roboflow.ai</database>
	</source>
	<size>
		<width>512</width>
		<height>384</height>
		<depth>3</depth>
	</size>
	<segmented>0</segmented>
	<object>
		<name>Plastic</name>
		<pose>Unspecified</pose>
		<truncated>0</truncated>
		<difficult>0</difficult>
		<occluded>0</occluded>
		<bndbox>
			<xmin>101</xmin>
			<xmax>395</xmax>
			<ymin>105</ymin>
			<ymax>251</ymax>
		</bndbox>
	</object>
</annotation>
