<annotation>
	<folder></folder>
	<filename>1131_jpg.rf.2975537a840b3af904dad834178d7e8f.jpg</filename>
	<path>1131_jpg.rf.2975537a840b3af904dad834178d7e8f.jpg</path>
	<source>
		<database>roboflow.ai</database>
	</source>
	<size>
		<width>512</width>
		<height>384</height>
		<depth>3</depth>
	</size>
	<segmented>0</segmented>
	<object>
		<name>Plastic</name>
		<pose>Unspecified</pose>
		<truncated>0</truncated>
		<difficult>0</difficult>
		<occluded>0</occluded>
		<bndbox>
			<xmin>45</xmin>
			<xmax>378</xmax>
			<ymin>40</ymin>
			<ymax>321</ymax>
		</bndbox>
	</object>
</annotation>
