<annotation>
	<folder></folder>
	<filename>1132_jpg.rf.0584ea1e9620ffa2a0203a728c28d821.jpg</filename>
	<path>1132_jpg.rf.0584ea1e9620ffa2a0203a728c28d821.jpg</path>
	<source>
		<database>roboflow.ai</database>
	</source>
	<size>
		<width>512</width>
		<height>384</height>
		<depth>3</depth>
	</size>
	<segmented>0</segmented>
	<object>
		<name>Plastic</name>
		<pose>Unspecified</pose>
		<truncated>0</truncated>
		<difficult>0</difficult>
		<occluded>0</occluded>
		<bndbox>
			<xmin>68</xmin>
			<xmax>405</xmax>
			<ymin>9</ymin>
			<ymax>358</ymax>
		</bndbox>
	</object>
</annotation>
