<annotation>
	<folder></folder>
	<filename>1133_jpg.rf.7f1b503ca849360e49a748738b71f179.jpg</filename>
	<path>1133_jpg.rf.7f1b503ca849360e49a748738b71f179.jpg</path>
	<source>
		<database>roboflow.ai</database>
	</source>
	<size>
		<width>512</width>
		<height>384</height>
		<depth>3</depth>
	</size>
	<segmented>0</segmented>
	<object>
		<name>Plastic</name>
		<pose>Unspecified</pose>
		<truncated>0</truncated>
		<difficult>0</difficult>
		<occluded>0</occluded>
		<bndbox>
			<xmin>24</xmin>
			<xmax>490</xmax>
			<ymin>51</ymin>
			<ymax>384</ymax>
		</bndbox>
	</object>
</annotation>
