<annotation>
	<folder></folder>
	<filename>1134_jpg.rf.0607b7b3e37ef2af3cf078265b8764e2.jpg</filename>
	<path>1134_jpg.rf.0607b7b3e37ef2af3cf078265b8764e2.jpg</path>
	<source>
		<database>roboflow.ai</database>
	</source>
	<size>
		<width>512</width>
		<height>384</height>
		<depth>3</depth>
	</size>
	<segmented>0</segmented>
	<object>
		<name>Plastic</name>
		<pose>Unspecified</pose>
		<truncated>0</truncated>
		<difficult>0</difficult>
		<occluded>0</occluded>
		<bndbox>
			<xmin>195</xmin>
			<xmax>438</xmax>
			<ymin>28</ymin>
			<ymax>365</ymax>
		</bndbox>
	</object>
</annotation>
