<annotation>
	<folder></folder>
	<filename>1135_jpg.rf.8103a2094e7b68fb759998c8e5f1349a.jpg</filename>
	<path>1135_jpg.rf.8103a2094e7b68fb759998c8e5f1349a.jpg</path>
	<source>
		<database>roboflow.ai</database>
	</source>
	<size>
		<width>512</width>
		<height>384</height>
		<depth>3</depth>
	</size>
	<segmented>0</segmented>
	<object>
		<name>Plastic</name>
		<pose>Unspecified</pose>
		<truncated>0</truncated>
		<difficult>0</difficult>
		<occluded>0</occluded>
		<bndbox>
			<xmin>120</xmin>
			<xmax>495</xmax>
			<ymin>294</ymin>
			<ymax>384</ymax>
		</bndbox>
	</object>
</annotation>
