<annotation>
	<folder></folder>
	<filename>1137_jpg.rf.3d41db437c03554ebbd0ef0e4da341d5.jpg</filename>
	<path>1137_jpg.rf.3d41db437c03554ebbd0ef0e4da341d5.jpg</path>
	<source>
		<database>roboflow.ai</database>
	</source>
	<size>
		<width>512</width>
		<height>384</height>
		<depth>3</depth>
	</size>
	<segmented>0</segmented>
	<object>
		<name>Plastic</name>
		<pose>Unspecified</pose>
		<truncated>0</truncated>
		<difficult>0</difficult>
		<occluded>0</occluded>
		<bndbox>
			<xmin>189</xmin>
			<xmax>286</xmax>
			<ymin>78</ymin>
			<ymax>316</ymax>
		</bndbox>
	</object>
</annotation>
