<annotation>
	<folder></folder>
	<filename>1138_jpg.rf.0fb67d300ba05001c0162daf87889d5a.jpg</filename>
	<path>1138_jpg.rf.0fb67d300ba05001c0162daf87889d5a.jpg</path>
	<source>
		<database>roboflow.ai</database>
	</source>
	<size>
		<width>512</width>
		<height>384</height>
		<depth>3</depth>
	</size>
	<segmented>0</segmented>
	<object>
		<name>Plastic</name>
		<pose>Unspecified</pose>
		<truncated>0</truncated>
		<difficult>0</difficult>
		<occluded>0</occluded>
		<bndbox>
			<xmin>85</xmin>
			<xmax>414</xmax>
			<ymin>56</ymin>
			<ymax>308</ymax>
		</bndbox>
	</object>
</annotation>
