<annotation>
	<folder></folder>
	<filename>1140_jpg.rf.faab753a285964326e4bb586796749ef.jpg</filename>
	<path>1140_jpg.rf.faab753a285964326e4bb586796749ef.jpg</path>
	<source>
		<database>roboflow.ai</database>
	</source>
	<size>
		<width>512</width>
		<height>384</height>
		<depth>3</depth>
	</size>
	<segmented>0</segmented>
	<object>
		<name>Plastic</name>
		<pose>Unspecified</pose>
		<truncated>0</truncated>
		<difficult>0</difficult>
		<occluded>0</occluded>
		<bndbox>
			<xmin>179</xmin>
			<xmax>366</xmax>
			<ymin>46</ymin>
			<ymax>336</ymax>
		</bndbox>
	</object>
</annotation>
