<annotation>
	<folder></folder>
	<filename>1142_jpg.rf.7a11cbce7419763ef6d25dc3f6bbcd1b.jpg</filename>
	<path>1142_jpg.rf.7a11cbce7419763ef6d25dc3f6bbcd1b.jpg</path>
	<source>
		<database>roboflow.ai</database>
	</source>
	<size>
		<width>512</width>
		<height>384</height>
		<depth>3</depth>
	</size>
	<segmented>0</segmented>
	<object>
		<name>Plastic</name>
		<pose>Unspecified</pose>
		<truncated>0</truncated>
		<difficult>0</difficult>
		<occluded>0</occluded>
		<bndbox>
			<xmin>197</xmin>
			<xmax>415</xmax>
			<ymin>151</ymin>
			<ymax>384</ymax>
		</bndbox>
	</object>
</annotation>
