<annotation>
	<folder></folder>
	<filename>1143_jpg.rf.0b5c14af512d91f55731a8d131b2942c.jpg</filename>
	<path>1143_jpg.rf.0b5c14af512d91f55731a8d131b2942c.jpg</path>
	<source>
		<database>roboflow.ai</database>
	</source>
	<size>
		<width>512</width>
		<height>384</height>
		<depth>3</depth>
	</size>
	<segmented>0</segmented>
	<object>
		<name>Plastic</name>
		<pose>Unspecified</pose>
		<truncated>0</truncated>
		<difficult>0</difficult>
		<occluded>0</occluded>
		<bndbox>
			<xmin>216</xmin>
			<xmax>356</xmax>
			<ymin>164</ymin>
			<ymax>278</ymax>
		</bndbox>
	</object>
</annotation>
