<annotation>
	<folder></folder>
	<filename>1145_jpg.rf.7234686d827c2aaf3f07c0593e9db571.jpg</filename>
	<path>1145_jpg.rf.7234686d827c2aaf3f07c0593e9db571.jpg</path>
	<source>
		<database>roboflow.ai</database>
	</source>
	<size>
		<width>512</width>
		<height>384</height>
		<depth>3</depth>
	</size>
	<segmented>0</segmented>
	<object>
		<name>Plastic</name>
		<pose>Unspecified</pose>
		<truncated>0</truncated>
		<difficult>0</difficult>
		<occluded>0</occluded>
		<bndbox>
			<xmin>15</xmin>
			<xmax>475</xmax>
			<ymin>75</ymin>
			<ymax>293</ymax>
		</bndbox>
	</object>
</annotation>
