<annotation>
	<folder></folder>
	<filename>1146_jpg.rf.e9b1c5c90a7f11b51b71f11f0881ca6e.jpg</filename>
	<path>1146_jpg.rf.e9b1c5c90a7f11b51b71f11f0881ca6e.jpg</path>
	<source>
		<database>roboflow.ai</database>
	</source>
	<size>
		<width>512</width>
		<height>384</height>
		<depth>3</depth>
	</size>
	<segmented>0</segmented>
	<object>
		<name>Plastic</name>
		<pose>Unspecified</pose>
		<truncated>0</truncated>
		<difficult>0</difficult>
		<occluded>0</occluded>
		<bndbox>
			<xmin>164</xmin>
			<xmax>314</xmax>
			<ymin>48</ymin>
			<ymax>308</ymax>
		</bndbox>
	</object>
</annotation>
