<annotation>
	<folder></folder>
	<filename>1152_jpg.rf.23ad1d10d5b3abf58bff8cfbcf1d5641.jpg</filename>
	<path>1152_jpg.rf.23ad1d10d5b3abf58bff8cfbcf1d5641.jpg</path>
	<source>
		<database>roboflow.ai</database>
	</source>
	<size>
		<width>512</width>
		<height>384</height>
		<depth>3</depth>
	</size>
	<segmented>0</segmented>
	<object>
		<name>Plastic</name>
		<pose>Unspecified</pose>
		<truncated>0</truncated>
		<difficult>0</difficult>
		<occluded>0</occluded>
		<bndbox>
			<xmin>158</xmin>
			<xmax>494</xmax>
			<ymin>46</ymin>
			<ymax>384</ymax>
		</bndbox>
	</object>
</annotation>
