<annotation>
	<folder></folder>
	<filename>1155_jpg.rf.41f83d77369dc14b08666b2e43b7b090.jpg</filename>
	<path>1155_jpg.rf.41f83d77369dc14b08666b2e43b7b090.jpg</path>
	<source>
		<database>roboflow.ai</database>
	</source>
	<size>
		<width>512</width>
		<height>384</height>
		<depth>3</depth>
	</size>
	<segmented>0</segmented>
	<object>
		<name>Plastic</name>
		<pose>Unspecified</pose>
		<truncated>0</truncated>
		<difficult>0</difficult>
		<occluded>0</occluded>
		<bndbox>
			<xmin>87</xmin>
			<xmax>330</xmax>
			<ymin>34</ymin>
			<ymax>351</ymax>
		</bndbox>
	</object>
</annotation>
