<annotation>
	<folder></folder>
	<filename>1160_jpg.rf.419cd8d221cb4d69d53141510ee74ce5.jpg</filename>
	<path>1160_jpg.rf.419cd8d221cb4d69d53141510ee74ce5.jpg</path>
	<source>
		<database>roboflow.ai</database>
	</source>
	<size>
		<width>512</width>
		<height>384</height>
		<depth>3</depth>
	</size>
	<segmented>0</segmented>
	<object>
		<name>Plastic</name>
		<pose>Unspecified</pose>
		<truncated>0</truncated>
		<difficult>0</difficult>
		<occluded>0</occluded>
		<bndbox>
			<xmin>65</xmin>
			<xmax>420</xmax>
			<ymin>44</ymin>
			<ymax>289</ymax>
		</bndbox>
	</object>
</annotation>
