<annotation>
	<folder></folder>
	<filename>1170_jpg.rf.8d2c04343753976d218737eaf7904b6a.jpg</filename>
	<path>1170_jpg.rf.8d2c04343753976d218737eaf7904b6a.jpg</path>
	<source>
		<database>roboflow.ai</database>
	</source>
	<size>
		<width>512</width>
		<height>384</height>
		<depth>3</depth>
	</size>
	<segmented>0</segmented>
	<object>
		<name>Plastic</name>
		<pose>Unspecified</pose>
		<truncated>0</truncated>
		<difficult>0</difficult>
		<occluded>0</occluded>
		<bndbox>
			<xmin>176</xmin>
			<xmax>352</xmax>
			<ymin>31</ymin>
			<ymax>384</ymax>
		</bndbox>
	</object>
</annotation>
