<annotation>
	<folder></folder>
	<filename>1171_jpg.rf.ffcef89d4af13ff77d8d0d75f8d4c7a7.jpg</filename>
	<path>1171_jpg.rf.ffcef89d4af13ff77d8d0d75f8d4c7a7.jpg</path>
	<source>
		<database>roboflow.ai</database>
	</source>
	<size>
		<width>512</width>
		<height>384</height>
		<depth>3</depth>
	</size>
	<segmented>0</segmented>
	<object>
		<name>Plastic</name>
		<pose>Unspecified</pose>
		<truncated>0</truncated>
		<difficult>0</difficult>
		<occluded>0</occluded>
		<bndbox>
			<xmin>97</xmin>
			<xmax>477</xmax>
			<ymin>9</ymin>
			<ymax>384</ymax>
		</bndbox>
	</object>
</annotation>
