<annotation>
	<folder></folder>
	<filename>1172_jpg.rf.46b575de812076fe3de07c9d49e5d16f.jpg</filename>
	<path>1172_jpg.rf.46b575de812076fe3de07c9d49e5d16f.jpg</path>
	<source>
		<database>roboflow.ai</database>
	</source>
	<size>
		<width>512</width>
		<height>384</height>
		<depth>3</depth>
	</size>
	<segmented>0</segmented>
	<object>
		<name>Plastic</name>
		<pose>Unspecified</pose>
		<truncated>0</truncated>
		<difficult>0</difficult>
		<occluded>0</occluded>
		<bndbox>
			<xmin>139</xmin>
			<xmax>447</xmax>
			<ymin>2</ymin>
			<ymax>309</ymax>
		</bndbox>
	</object>
</annotation>
