<annotation>
	<folder></folder>
	<filename>1176_jpg.rf.253966dc7b0396d0d4f99f99db2c94ac.jpg</filename>
	<path>1176_jpg.rf.253966dc7b0396d0d4f99f99db2c94ac.jpg</path>
	<source>
		<database>roboflow.ai</database>
	</source>
	<size>
		<width>512</width>
		<height>384</height>
		<depth>3</depth>
	</size>
	<segmented>0</segmented>
	<object>
		<name>Plastic</name>
		<pose>Unspecified</pose>
		<truncated>0</truncated>
		<difficult>0</difficult>
		<occluded>0</occluded>
		<bndbox>
			<xmin>132</xmin>
			<xmax>429</xmax>
			<ymin>41</ymin>
			<ymax>352</ymax>
		</bndbox>
	</object>
</annotation>
