<annotation>
	<folder></folder>
	<filename>1177_jpg.rf.b62128a59e973b4744bbed8dbfa1547a.jpg</filename>
	<path>1177_jpg.rf.b62128a59e973b4744bbed8dbfa1547a.jpg</path>
	<source>
		<database>roboflow.ai</database>
	</source>
	<size>
		<width>512</width>
		<height>384</height>
		<depth>3</depth>
	</size>
	<segmented>0</segmented>
	<object>
		<name>Plastic</name>
		<pose>Unspecified</pose>
		<truncated>0</truncated>
		<difficult>0</difficult>
		<occluded>0</occluded>
		<bndbox>
			<xmin>53</xmin>
			<xmax>492</xmax>
			<ymin>72</ymin>
			<ymax>332</ymax>
		</bndbox>
	</object>
</annotation>
