<annotation>
	<folder></folder>
	<filename>1184_jpg.rf.0edbb7beb9700849dab32bcbd5a57e03.jpg</filename>
	<path>1184_jpg.rf.0edbb7beb9700849dab32bcbd5a57e03.jpg</path>
	<source>
		<database>roboflow.ai</database>
	</source>
	<size>
		<width>512</width>
		<height>384</height>
		<depth>3</depth>
	</size>
	<segmented>0</segmented>
	<object>
		<name>Plastic</name>
		<pose>Unspecified</pose>
		<truncated>0</truncated>
		<difficult>0</difficult>
		<occluded>0</occluded>
		<bndbox>
			<xmin>106</xmin>
			<xmax>488</xmax>
			<ymin>4</ymin>
			<ymax>384</ymax>
		</bndbox>
	</object>
</annotation>
