<annotation>
	<folder></folder>
	<filename>1186_jpg.rf.76ece17399884acadd6129cc0392be61.jpg</filename>
	<path>1186_jpg.rf.76ece17399884acadd6129cc0392be61.jpg</path>
	<source>
		<database>roboflow.ai</database>
	</source>
	<size>
		<width>512</width>
		<height>384</height>
		<depth>3</depth>
	</size>
	<segmented>0</segmented>
	<object>
		<name>Plastic</name>
		<pose>Unspecified</pose>
		<truncated>0</truncated>
		<difficult>0</difficult>
		<occluded>0</occluded>
		<bndbox>
			<xmin>165</xmin>
			<xmax>341</xmax>
			<ymin>147</ymin>
			<ymax>244</ymax>
		</bndbox>
	</object>
</annotation>
