<annotation>
	<folder></folder>
	<filename>1188_jpg.rf.92ca68553ecd3582895512cd2cd4d5d7.jpg</filename>
	<path>1188_jpg.rf.92ca68553ecd3582895512cd2cd4d5d7.jpg</path>
	<source>
		<database>roboflow.ai</database>
	</source>
	<size>
		<width>512</width>
		<height>384</height>
		<depth>3</depth>
	</size>
	<segmented>0</segmented>
	<object>
		<name>Plastic</name>
		<pose>Unspecified</pose>
		<truncated>0</truncated>
		<difficult>0</difficult>
		<occluded>0</occluded>
		<bndbox>
			<xmin>197</xmin>
			<xmax>414</xmax>
			<ymin>26</ymin>
			<ymax>384</ymax>
		</bndbox>
	</object>
</annotation>
