<annotation>
	<folder></folder>
	<filename>1193_jpg.rf.a5db9b63f04ba6cc4c4b76ba52ed3d6a.jpg</filename>
	<path>1193_jpg.rf.a5db9b63f04ba6cc4c4b76ba52ed3d6a.jpg</path>
	<source>
		<database>roboflow.ai</database>
	</source>
	<size>
		<width>512</width>
		<height>384</height>
		<depth>3</depth>
	</size>
	<segmented>0</segmented>
	<object>
		<name>Plastic</name>
		<pose>Unspecified</pose>
		<truncated>0</truncated>
		<difficult>0</difficult>
		<occluded>0</occluded>
		<bndbox>
			<xmin>119</xmin>
			<xmax>457</xmax>
			<ymin>69</ymin>
			<ymax>288</ymax>
		</bndbox>
	</object>
</annotation>
