<annotation>
	<folder></folder>
	<filename>1195_jpg.rf.f37eff1cdacfe6267b62de10b99d2e48.jpg</filename>
	<path>1195_jpg.rf.f37eff1cdacfe6267b62de10b99d2e48.jpg</path>
	<source>
		<database>roboflow.ai</database>
	</source>
	<size>
		<width>512</width>
		<height>384</height>
		<depth>3</depth>
	</size>
	<segmented>0</segmented>
	<object>
		<name>Plastic</name>
		<pose>Unspecified</pose>
		<truncated>0</truncated>
		<difficult>0</difficult>
		<occluded>0</occluded>
		<bndbox>
			<xmin>115</xmin>
			<xmax>378</xmax>
			<ymin>54</ymin>
			<ymax>301</ymax>
		</bndbox>
	</object>
</annotation>
