<annotation>
	<folder></folder>
	<filename>1198_jpg.rf.db15f02c4e35ab0fd5731a1278b2168a.jpg</filename>
	<path>1198_jpg.rf.db15f02c4e35ab0fd5731a1278b2168a.jpg</path>
	<source>
		<database>roboflow.ai</database>
	</source>
	<size>
		<width>512</width>
		<height>384</height>
		<depth>3</depth>
	</size>
	<segmented>0</segmented>
	<object>
		<name>Plastic</name>
		<pose>Unspecified</pose>
		<truncated>0</truncated>
		<difficult>0</difficult>
		<occluded>0</occluded>
		<bndbox>
			<xmin>147</xmin>
			<xmax>351</xmax>
			<ymin>41</ymin>
			<ymax>308</ymax>
		</bndbox>
	</object>
</annotation>
