<annotation>
	<folder></folder>
	<filename>1199_jpg.rf.99e449ccef31dc5f4df2130021c79d17.jpg</filename>
	<path>1199_jpg.rf.99e449ccef31dc5f4df2130021c79d17.jpg</path>
	<source>
		<database>roboflow.ai</database>
	</source>
	<size>
		<width>512</width>
		<height>384</height>
		<depth>3</depth>
	</size>
	<segmented>0</segmented>
	<object>
		<name>Paper</name>
		<pose>Unspecified</pose>
		<truncated>0</truncated>
		<difficult>0</difficult>
		<occluded>0</occluded>
		<bndbox>
			<xmin>65</xmin>
			<xmax>501</xmax>
			<ymin>43</ymin>
			<ymax>346</ymax>
		</bndbox>
	</object>
</annotation>
