<annotation>
	<folder></folder>
	<filename>1200_jpg.rf.73aeda8d904adc12e83bc4d6d9710be2.jpg</filename>
	<path>1200_jpg.rf.73aeda8d904adc12e83bc4d6d9710be2.jpg</path>
	<source>
		<database>roboflow.ai</database>
	</source>
	<size>
		<width>512</width>
		<height>384</height>
		<depth>3</depth>
	</size>
	<segmented>0</segmented>
	<object>
		<name>Plastic</name>
		<pose>Unspecified</pose>
		<truncated>0</truncated>
		<difficult>0</difficult>
		<occluded>0</occluded>
		<bndbox>
			<xmin>114</xmin>
			<xmax>512</xmax>
			<ymin>2</ymin>
			<ymax>384</ymax>
		</bndbox>
	</object>
</annotation>
