<annotation>
	<folder></folder>
	<filename>1203_jpg.rf.c0ef44f8b6d23c1ce38fb8e6738fe739.jpg</filename>
	<path>1203_jpg.rf.c0ef44f8b6d23c1ce38fb8e6738fe739.jpg</path>
	<source>
		<database>roboflow.ai</database>
	</source>
	<size>
		<width>512</width>
		<height>384</height>
		<depth>3</depth>
	</size>
	<segmented>0</segmented>
	<object>
		<name>Plastic</name>
		<pose>Unspecified</pose>
		<truncated>0</truncated>
		<difficult>0</difficult>
		<occluded>0</occluded>
		<bndbox>
			<xmin>111</xmin>
			<xmax>408</xmax>
			<ymin>60</ymin>
			<ymax>292</ymax>
		</bndbox>
	</object>
</annotation>
