<annotation>
	<folder></folder>
	<filename>1205_jpg.rf.ebcf39ef7732f64938ce8d0eb1ddb019.jpg</filename>
	<path>1205_jpg.rf.ebcf39ef7732f64938ce8d0eb1ddb019.jpg</path>
	<source>
		<database>roboflow.ai</database>
	</source>
	<size>
		<width>512</width>
		<height>384</height>
		<depth>3</depth>
	</size>
	<segmented>0</segmented>
	<object>
		<name>Plastic</name>
		<pose>Unspecified</pose>
		<truncated>0</truncated>
		<difficult>0</difficult>
		<occluded>0</occluded>
		<bndbox>
			<xmin>49</xmin>
			<xmax>436</xmax>
			<ymin>50</ymin>
			<ymax>384</ymax>
		</bndbox>
	</object>
</annotation>
