<annotation>
	<folder></folder>
	<filename>1206_jpg.rf.bfefe4a3ec6733292bdf945af4933f7e.jpg</filename>
	<path>1206_jpg.rf.bfefe4a3ec6733292bdf945af4933f7e.jpg</path>
	<source>
		<database>roboflow.ai</database>
	</source>
	<size>
		<width>512</width>
		<height>384</height>
		<depth>3</depth>
	</size>
	<segmented>0</segmented>
	<object>
		<name>Plastic</name>
		<pose>Unspecified</pose>
		<truncated>0</truncated>
		<difficult>0</difficult>
		<occluded>0</occluded>
		<bndbox>
			<xmin>75</xmin>
			<xmax>356</xmax>
			<ymin>69</ymin>
			<ymax>348</ymax>
		</bndbox>
	</object>
</annotation>
