<annotation>
	<folder></folder>
	<filename>1207_jpg.rf.d541d2657542c983aaffd88796d3cdc8.jpg</filename>
	<path>1207_jpg.rf.d541d2657542c983aaffd88796d3cdc8.jpg</path>
	<source>
		<database>roboflow.ai</database>
	</source>
	<size>
		<width>512</width>
		<height>384</height>
		<depth>3</depth>
	</size>
	<segmented>0</segmented>
	<object>
		<name>Plastic</name>
		<pose>Unspecified</pose>
		<truncated>0</truncated>
		<difficult>0</difficult>
		<occluded>0</occluded>
		<bndbox>
			<xmin>115</xmin>
			<xmax>482</xmax>
			<ymin>81</ymin>
			<ymax>379</ymax>
		</bndbox>
	</object>
</annotation>
