<annotation>
	<folder></folder>
	<filename>1208_jpg.rf.bb55e012b9832342ffdb528af3444bc2.jpg</filename>
	<path>1208_jpg.rf.bb55e012b9832342ffdb528af3444bc2.jpg</path>
	<source>
		<database>roboflow.ai</database>
	</source>
	<size>
		<width>512</width>
		<height>384</height>
		<depth>3</depth>
	</size>
	<segmented>0</segmented>
	<object>
		<name>Plastic</name>
		<pose>Unspecified</pose>
		<truncated>0</truncated>
		<difficult>0</difficult>
		<occluded>0</occluded>
		<bndbox>
			<xmin>47</xmin>
			<xmax>367</xmax>
			<ymin>92</ymin>
			<ymax>362</ymax>
		</bndbox>
	</object>
</annotation>
