<annotation>
	<folder></folder>
	<filename>1210_jpg.rf.f6a1df584b52b0fbd3cd5c940e167e0b.jpg</filename>
	<path>1210_jpg.rf.f6a1df584b52b0fbd3cd5c940e167e0b.jpg</path>
	<source>
		<database>roboflow.ai</database>
	</source>
	<size>
		<width>512</width>
		<height>384</height>
		<depth>3</depth>
	</size>
	<segmented>0</segmented>
	<object>
		<name>Plastic</name>
		<pose>Unspecified</pose>
		<truncated>0</truncated>
		<difficult>0</difficult>
		<occluded>0</occluded>
		<bndbox>
			<xmin>21</xmin>
			<xmax>342</xmax>
			<ymin>48</ymin>
			<ymax>370</ymax>
		</bndbox>
	</object>
</annotation>
