<annotation>
	<folder></folder>
	<filename>1211_jpg.rf.edd8da2a493c0c73521ecb4a60636588.jpg</filename>
	<path>1211_jpg.rf.edd8da2a493c0c73521ecb4a60636588.jpg</path>
	<source>
		<database>roboflow.ai</database>
	</source>
	<size>
		<width>512</width>
		<height>384</height>
		<depth>3</depth>
	</size>
	<segmented>0</segmented>
	<object>
		<name>Plastic</name>
		<pose>Unspecified</pose>
		<truncated>0</truncated>
		<difficult>0</difficult>
		<occluded>0</occluded>
		<bndbox>
			<xmin>95</xmin>
			<xmax>311</xmax>
			<ymin>71</ymin>
			<ymax>308</ymax>
		</bndbox>
	</object>
</annotation>
