<annotation>
	<folder></folder>
	<filename>1212_jpg.rf.7d5b61a21ee4a38a3a16918a7bb62b04.jpg</filename>
	<path>1212_jpg.rf.7d5b61a21ee4a38a3a16918a7bb62b04.jpg</path>
	<source>
		<database>roboflow.ai</database>
	</source>
	<size>
		<width>512</width>
		<height>384</height>
		<depth>3</depth>
	</size>
	<segmented>0</segmented>
	<object>
		<name>Plastic</name>
		<pose>Unspecified</pose>
		<truncated>0</truncated>
		<difficult>0</difficult>
		<occluded>0</occluded>
		<bndbox>
			<xmin>179</xmin>
			<xmax>417</xmax>
			<ymin>12</ymin>
			<ymax>327</ymax>
		</bndbox>
	</object>
</annotation>
