<annotation>
	<folder></folder>
	<filename>1213_jpg.rf.31a138dac252177351a76f2f43564339.jpg</filename>
	<path>1213_jpg.rf.31a138dac252177351a76f2f43564339.jpg</path>
	<source>
		<database>roboflow.ai</database>
	</source>
	<size>
		<width>512</width>
		<height>384</height>
		<depth>3</depth>
	</size>
	<segmented>0</segmented>
	<object>
		<name>Plastic</name>
		<pose>Unspecified</pose>
		<truncated>0</truncated>
		<difficult>0</difficult>
		<occluded>0</occluded>
		<bndbox>
			<xmin>76</xmin>
			<xmax>444</xmax>
			<ymin>43</ymin>
			<ymax>335</ymax>
		</bndbox>
	</object>
</annotation>
