<annotation>
	<folder></folder>
	<filename>1216_jpg.rf.0136dc727bfde5280e379d6e5c379ce8.jpg</filename>
	<path>1216_jpg.rf.0136dc727bfde5280e379d6e5c379ce8.jpg</path>
	<source>
		<database>roboflow.ai</database>
	</source>
	<size>
		<width>512</width>
		<height>384</height>
		<depth>3</depth>
	</size>
	<segmented>0</segmented>
	<object>
		<name>Plastic</name>
		<pose>Unspecified</pose>
		<truncated>0</truncated>
		<difficult>0</difficult>
		<occluded>0</occluded>
		<bndbox>
			<xmin>107</xmin>
			<xmax>321</xmax>
			<ymin>88</ymin>
			<ymax>298</ymax>
		</bndbox>
	</object>
</annotation>
