<annotation>
	<folder></folder>
	<filename>1217_jpg.rf.e48f132ec75746f358d29104d56aba76.jpg</filename>
	<path>1217_jpg.rf.e48f132ec75746f358d29104d56aba76.jpg</path>
	<source>
		<database>roboflow.ai</database>
	</source>
	<size>
		<width>512</width>
		<height>384</height>
		<depth>3</depth>
	</size>
	<segmented>0</segmented>
	<object>
		<name>Plastic</name>
		<pose>Unspecified</pose>
		<truncated>0</truncated>
		<difficult>0</difficult>
		<occluded>0</occluded>
		<bndbox>
			<xmin>162</xmin>
			<xmax>444</xmax>
			<ymin>71</ymin>
			<ymax>366</ymax>
		</bndbox>
	</object>
</annotation>
