<annotation>
	<folder></folder>
	<filename>1218_jpg.rf.6b1cb3b601df48fd2914fc631de36a02.jpg</filename>
	<path>1218_jpg.rf.6b1cb3b601df48fd2914fc631de36a02.jpg</path>
	<source>
		<database>roboflow.ai</database>
	</source>
	<size>
		<width>512</width>
		<height>384</height>
		<depth>3</depth>
	</size>
	<segmented>0</segmented>
	<object>
		<name>Plastic</name>
		<pose>Unspecified</pose>
		<truncated>0</truncated>
		<difficult>0</difficult>
		<occluded>0</occluded>
		<bndbox>
			<xmin>95</xmin>
			<xmax>340</xmax>
			<ymin>83</ymin>
			<ymax>294</ymax>
		</bndbox>
	</object>
</annotation>
