<annotation>
	<folder></folder>
	<filename>1219_jpg.rf.b665151c8fc75212863708d626be9ecb.jpg</filename>
	<path>1219_jpg.rf.b665151c8fc75212863708d626be9ecb.jpg</path>
	<source>
		<database>roboflow.ai</database>
	</source>
	<size>
		<width>512</width>
		<height>384</height>
		<depth>3</depth>
	</size>
	<segmented>0</segmented>
	<object>
		<name>Plastic</name>
		<pose>Unspecified</pose>
		<truncated>0</truncated>
		<difficult>0</difficult>
		<occluded>0</occluded>
		<bndbox>
			<xmin>161</xmin>
			<xmax>309</xmax>
			<ymin>124</ymin>
			<ymax>310</ymax>
		</bndbox>
	</object>
</annotation>
