<annotation>
	<folder></folder>
	<filename>1220_jpg.rf.0aa3f89ce47f9393204f8f6c41752448.jpg</filename>
	<path>1220_jpg.rf.0aa3f89ce47f9393204f8f6c41752448.jpg</path>
	<source>
		<database>roboflow.ai</database>
	</source>
	<size>
		<width>512</width>
		<height>384</height>
		<depth>3</depth>
	</size>
	<segmented>0</segmented>
	<object>
		<name>Plastic</name>
		<pose>Unspecified</pose>
		<truncated>0</truncated>
		<difficult>0</difficult>
		<occluded>0</occluded>
		<bndbox>
			<xmin>250</xmin>
			<xmax>384</xmax>
			<ymin>126</ymin>
			<ymax>282</ymax>
		</bndbox>
	</object>
</annotation>
