<annotation>
	<folder></folder>
	<filename>1221_jpg.rf.b4694326b6f395c2384bc796d999735c.jpg</filename>
	<path>1221_jpg.rf.b4694326b6f395c2384bc796d999735c.jpg</path>
	<source>
		<database>roboflow.ai</database>
	</source>
	<size>
		<width>512</width>
		<height>384</height>
		<depth>3</depth>
	</size>
	<segmented>0</segmented>
	<object>
		<name>Plastic</name>
		<pose>Unspecified</pose>
		<truncated>0</truncated>
		<difficult>0</difficult>
		<occluded>0</occluded>
		<bndbox>
			<xmin>173</xmin>
			<xmax>380</xmax>
			<ymin>77</ymin>
			<ymax>326</ymax>
		</bndbox>
	</object>
</annotation>
