<annotation>
	<folder></folder>
	<filename>1226_jpg.rf.0f11e9ff8c8c4f05a2d4054cb28ded52.jpg</filename>
	<path>1226_jpg.rf.0f11e9ff8c8c4f05a2d4054cb28ded52.jpg</path>
	<source>
		<database>roboflow.ai</database>
	</source>
	<size>
		<width>512</width>
		<height>384</height>
		<depth>3</depth>
	</size>
	<segmented>0</segmented>
	<object>
		<name>Plastic</name>
		<pose>Unspecified</pose>
		<truncated>0</truncated>
		<difficult>0</difficult>
		<occluded>0</occluded>
		<bndbox>
			<xmin>166</xmin>
			<xmax>297</xmax>
			<ymin>90</ymin>
			<ymax>275</ymax>
		</bndbox>
	</object>
</annotation>
