<annotation>
	<folder></folder>
	<filename>1227_jpg.rf.5d36e493baf43a14f0c5c9899a6cdc92.jpg</filename>
	<path>1227_jpg.rf.5d36e493baf43a14f0c5c9899a6cdc92.jpg</path>
	<source>
		<database>roboflow.ai</database>
	</source>
	<size>
		<width>512</width>
		<height>384</height>
		<depth>3</depth>
	</size>
	<segmented>0</segmented>
	<object>
		<name>Plastic</name>
		<pose>Unspecified</pose>
		<truncated>0</truncated>
		<difficult>0</difficult>
		<occluded>0</occluded>
		<bndbox>
			<xmin>191</xmin>
			<xmax>329</xmax>
			<ymin>147</ymin>
			<ymax>272</ymax>
		</bndbox>
	</object>
</annotation>
