<annotation>
	<folder></folder>
	<filename>1229_jpg.rf.ce5b0ca91bc6e81c521280bf9c70ac10.jpg</filename>
	<path>1229_jpg.rf.ce5b0ca91bc6e81c521280bf9c70ac10.jpg</path>
	<source>
		<database>roboflow.ai</database>
	</source>
	<size>
		<width>512</width>
		<height>384</height>
		<depth>3</depth>
	</size>
	<segmented>0</segmented>
	<object>
		<name>Plastic</name>
		<pose>Unspecified</pose>
		<truncated>0</truncated>
		<difficult>0</difficult>
		<occluded>0</occluded>
		<bndbox>
			<xmin>136</xmin>
			<xmax>397</xmax>
			<ymin>76</ymin>
			<ymax>303</ymax>
		</bndbox>
	</object>
</annotation>
