<annotation>
	<folder></folder>
	<filename>1231_jpg.rf.be8836358c1b0703c9f4523a147af6f1.jpg</filename>
	<path>1231_jpg.rf.be8836358c1b0703c9f4523a147af6f1.jpg</path>
	<source>
		<database>roboflow.ai</database>
	</source>
	<size>
		<width>512</width>
		<height>384</height>
		<depth>3</depth>
	</size>
	<segmented>0</segmented>
	<object>
		<name>Plastic</name>
		<pose>Unspecified</pose>
		<truncated>0</truncated>
		<difficult>0</difficult>
		<occluded>0</occluded>
		<bndbox>
			<xmin>1</xmin>
			<xmax>475</xmax>
			<ymin>7</ymin>
			<ymax>384</ymax>
		</bndbox>
	</object>
</annotation>
