<annotation>
	<folder></folder>
	<filename>1232_jpg.rf.2143ffdef50ada6344669f7a856d0ae1.jpg</filename>
	<path>1232_jpg.rf.2143ffdef50ada6344669f7a856d0ae1.jpg</path>
	<source>
		<database>roboflow.ai</database>
	</source>
	<size>
		<width>512</width>
		<height>384</height>
		<depth>3</depth>
	</size>
	<segmented>0</segmented>
	<object>
		<name>Plastic</name>
		<pose>Unspecified</pose>
		<truncated>0</truncated>
		<difficult>0</difficult>
		<occluded>0</occluded>
		<bndbox>
			<xmin>188</xmin>
			<xmax>405</xmax>
			<ymin>51</ymin>
			<ymax>306</ymax>
		</bndbox>
	</object>
</annotation>
