<annotation>
	<folder></folder>
	<filename>1233_jpg.rf.4933eabf1fc34ffd518f4657f9f27b25.jpg</filename>
	<path>1233_jpg.rf.4933eabf1fc34ffd518f4657f9f27b25.jpg</path>
	<source>
		<database>roboflow.ai</database>
	</source>
	<size>
		<width>512</width>
		<height>384</height>
		<depth>3</depth>
	</size>
	<segmented>0</segmented>
	<object>
		<name>Paper</name>
		<pose>Unspecified</pose>
		<truncated>0</truncated>
		<difficult>0</difficult>
		<occluded>0</occluded>
		<bndbox>
			<xmin>133</xmin>
			<xmax>451</xmax>
			<ymin>73</ymin>
			<ymax>310</ymax>
		</bndbox>
	</object>
</annotation>
