<annotation>
	<folder></folder>
	<filename>1235_jpg.rf.81344529047d9570b25f191ecef7fc39.jpg</filename>
	<path>1235_jpg.rf.81344529047d9570b25f191ecef7fc39.jpg</path>
	<source>
		<database>roboflow.ai</database>
	</source>
	<size>
		<width>512</width>
		<height>384</height>
		<depth>3</depth>
	</size>
	<segmented>0</segmented>
	<object>
		<name>Plastic</name>
		<pose>Unspecified</pose>
		<truncated>0</truncated>
		<difficult>0</difficult>
		<occluded>0</occluded>
		<bndbox>
			<xmin>64</xmin>
			<xmax>452</xmax>
			<ymin>62</ymin>
			<ymax>257</ymax>
		</bndbox>
	</object>
</annotation>
