<annotation>
	<folder></folder>
	<filename>1236_jpg.rf.d28dd74a17702a45119eba2161468103.jpg</filename>
	<path>1236_jpg.rf.d28dd74a17702a45119eba2161468103.jpg</path>
	<source>
		<database>roboflow.ai</database>
	</source>
	<size>
		<width>512</width>
		<height>384</height>
		<depth>3</depth>
	</size>
	<segmented>0</segmented>
	<object>
		<name>Plastic</name>
		<pose>Unspecified</pose>
		<truncated>0</truncated>
		<difficult>0</difficult>
		<occluded>0</occluded>
		<bndbox>
			<xmin>175</xmin>
			<xmax>368</xmax>
			<ymin>38</ymin>
			<ymax>325</ymax>
		</bndbox>
	</object>
</annotation>
