<annotation>
	<folder></folder>
	<filename>1237_jpg.rf.62c5d2a93577e9855c9692ee22fc3fda.jpg</filename>
	<path>1237_jpg.rf.62c5d2a93577e9855c9692ee22fc3fda.jpg</path>
	<source>
		<database>roboflow.ai</database>
	</source>
	<size>
		<width>512</width>
		<height>384</height>
		<depth>3</depth>
	</size>
	<segmented>0</segmented>
	<object>
		<name>Paper</name>
		<pose>Unspecified</pose>
		<truncated>0</truncated>
		<difficult>0</difficult>
		<occluded>0</occluded>
		<bndbox>
			<xmin>79</xmin>
			<xmax>477</xmax>
			<ymin>15</ymin>
			<ymax>342</ymax>
		</bndbox>
	</object>
</annotation>
