<annotation>
	<folder></folder>
	<filename>1240_jpg.rf.2e87653c34ce6f759230b2553d32f1e4.jpg</filename>
	<path>1240_jpg.rf.2e87653c34ce6f759230b2553d32f1e4.jpg</path>
	<source>
		<database>roboflow.ai</database>
	</source>
	<size>
		<width>512</width>
		<height>384</height>
		<depth>3</depth>
	</size>
	<segmented>0</segmented>
	<object>
		<name>Plastic</name>
		<pose>Unspecified</pose>
		<truncated>0</truncated>
		<difficult>0</difficult>
		<occluded>0</occluded>
		<bndbox>
			<xmin>112</xmin>
			<xmax>471</xmax>
			<ymin>151</ymin>
			<ymax>282</ymax>
		</bndbox>
	</object>
</annotation>
