<annotation>
	<folder></folder>
	<filename>1242_jpg.rf.24477f0015e07253153ef3bfdb7af9e5.jpg</filename>
	<path>1242_jpg.rf.24477f0015e07253153ef3bfdb7af9e5.jpg</path>
	<source>
		<database>roboflow.ai</database>
	</source>
	<size>
		<width>512</width>
		<height>384</height>
		<depth>3</depth>
	</size>
	<segmented>0</segmented>
	<object>
		<name>Paper</name>
		<pose>Unspecified</pose>
		<truncated>0</truncated>
		<difficult>0</difficult>
		<occluded>0</occluded>
		<bndbox>
			<xmin>27</xmin>
			<xmax>496</xmax>
			<ymin>21</ymin>
			<ymax>330</ymax>
		</bndbox>
	</object>
</annotation>
