<annotation>
	<folder></folder>
	<filename>1246_jpg.rf.79338c1884ad6930581135d0a9b31234.jpg</filename>
	<path>1246_jpg.rf.79338c1884ad6930581135d0a9b31234.jpg</path>
	<source>
		<database>roboflow.ai</database>
	</source>
	<size>
		<width>512</width>
		<height>384</height>
		<depth>3</depth>
	</size>
	<segmented>0</segmented>
	<object>
		<name>Plastic</name>
		<pose>Unspecified</pose>
		<truncated>0</truncated>
		<difficult>0</difficult>
		<occluded>0</occluded>
		<bndbox>
			<xmin>129</xmin>
			<xmax>342</xmax>
			<ymin>44</ymin>
			<ymax>308</ymax>
		</bndbox>
	</object>
</annotation>
