<annotation>
	<folder></folder>
	<filename>1251_jpg.rf.07baf204424acc48c53691cb5dde5b1c.jpg</filename>
	<path>1251_jpg.rf.07baf204424acc48c53691cb5dde5b1c.jpg</path>
	<source>
		<database>roboflow.ai</database>
	</source>
	<size>
		<width>512</width>
		<height>384</height>
		<depth>3</depth>
	</size>
	<segmented>0</segmented>
	<object>
		<name>Plastic</name>
		<pose>Unspecified</pose>
		<truncated>0</truncated>
		<difficult>0</difficult>
		<occluded>0</occluded>
		<bndbox>
			<xmin>209</xmin>
			<xmax>397</xmax>
			<ymin>54</ymin>
			<ymax>338</ymax>
		</bndbox>
	</object>
</annotation>
