<annotation>
	<folder></folder>
	<filename>1252_jpg.rf.78ce16286ed1aa97efcd3e4dd671900a.jpg</filename>
	<path>1252_jpg.rf.78ce16286ed1aa97efcd3e4dd671900a.jpg</path>
	<source>
		<database>roboflow.ai</database>
	</source>
	<size>
		<width>512</width>
		<height>384</height>
		<depth>3</depth>
	</size>
	<segmented>0</segmented>
	<object>
		<name>Plastic</name>
		<pose>Unspecified</pose>
		<truncated>0</truncated>
		<difficult>0</difficult>
		<occluded>0</occluded>
		<bndbox>
			<xmin>127</xmin>
			<xmax>413</xmax>
			<ymin>67</ymin>
			<ymax>333</ymax>
		</bndbox>
	</object>
</annotation>
