<annotation>
	<folder></folder>
	<filename>1253_jpg.rf.09f1929aed76366c02ffa7123d21a15c.jpg</filename>
	<path>1253_jpg.rf.09f1929aed76366c02ffa7123d21a15c.jpg</path>
	<source>
		<database>roboflow.ai</database>
	</source>
	<size>
		<width>512</width>
		<height>384</height>
		<depth>3</depth>
	</size>
	<segmented>0</segmented>
	<object>
		<name>Plastic</name>
		<pose>Unspecified</pose>
		<truncated>0</truncated>
		<difficult>0</difficult>
		<occluded>0</occluded>
		<bndbox>
			<xmin>49</xmin>
			<xmax>477</xmax>
			<ymin>65</ymin>
			<ymax>384</ymax>
		</bndbox>
	</object>
</annotation>
