<annotation>
	<folder></folder>
	<filename>1254_jpg.rf.7829f54848b341094c9344f4617c3ec9.jpg</filename>
	<path>1254_jpg.rf.7829f54848b341094c9344f4617c3ec9.jpg</path>
	<source>
		<database>roboflow.ai</database>
	</source>
	<size>
		<width>512</width>
		<height>384</height>
		<depth>3</depth>
	</size>
	<segmented>0</segmented>
	<object>
		<name>Plastic</name>
		<pose>Unspecified</pose>
		<truncated>0</truncated>
		<difficult>0</difficult>
		<occluded>0</occluded>
		<bndbox>
			<xmin>115</xmin>
			<xmax>418</xmax>
			<ymin>69</ymin>
			<ymax>327</ymax>
		</bndbox>
	</object>
</annotation>
