<annotation>
	<folder></folder>
	<filename>1255_jpg.rf.1df59caf5394934324d5ea00633aa8d7.jpg</filename>
	<path>1255_jpg.rf.1df59caf5394934324d5ea00633aa8d7.jpg</path>
	<source>
		<database>roboflow.ai</database>
	</source>
	<size>
		<width>512</width>
		<height>384</height>
		<depth>3</depth>
	</size>
	<segmented>0</segmented>
	<object>
		<name>Plastic</name>
		<pose>Unspecified</pose>
		<truncated>0</truncated>
		<difficult>0</difficult>
		<occluded>0</occluded>
		<bndbox>
			<xmin>98</xmin>
			<xmax>366</xmax>
			<ymin>50</ymin>
			<ymax>321</ymax>
		</bndbox>
	</object>
</annotation>
