<annotation>
	<folder></folder>
	<filename>1256_jpg.rf.ee8abde29d1bfb4244501ca1e0823314.jpg</filename>
	<path>1256_jpg.rf.ee8abde29d1bfb4244501ca1e0823314.jpg</path>
	<source>
		<database>roboflow.ai</database>
	</source>
	<size>
		<width>512</width>
		<height>384</height>
		<depth>3</depth>
	</size>
	<segmented>0</segmented>
	<object>
		<name>Plastic</name>
		<pose>Unspecified</pose>
		<truncated>0</truncated>
		<difficult>0</difficult>
		<occluded>0</occluded>
		<bndbox>
			<xmin>125</xmin>
			<xmax>369</xmax>
			<ymin>132</ymin>
			<ymax>296</ymax>
		</bndbox>
	</object>
</annotation>
