<annotation>
	<folder></folder>
	<filename>1257_jpg.rf.969324ffa3c1224a1d0c3a710005d5cc.jpg</filename>
	<path>1257_jpg.rf.969324ffa3c1224a1d0c3a710005d5cc.jpg</path>
	<source>
		<database>roboflow.ai</database>
	</source>
	<size>
		<width>512</width>
		<height>384</height>
		<depth>3</depth>
	</size>
	<segmented>0</segmented>
	<object>
		<name>Plastic</name>
		<pose>Unspecified</pose>
		<truncated>0</truncated>
		<difficult>0</difficult>
		<occluded>0</occluded>
		<bndbox>
			<xmin>130</xmin>
			<xmax>405</xmax>
			<ymin>57</ymin>
			<ymax>320</ymax>
		</bndbox>
	</object>
</annotation>
