<annotation>
	<folder></folder>
	<filename>1258_jpg.rf.4791a89d7404d5d427ef15443a3871cb.jpg</filename>
	<path>1258_jpg.rf.4791a89d7404d5d427ef15443a3871cb.jpg</path>
	<source>
		<database>roboflow.ai</database>
	</source>
	<size>
		<width>512</width>
		<height>384</height>
		<depth>3</depth>
	</size>
	<segmented>0</segmented>
	<object>
		<name>Plastic</name>
		<pose>Unspecified</pose>
		<truncated>0</truncated>
		<difficult>0</difficult>
		<occluded>0</occluded>
		<bndbox>
			<xmin>90</xmin>
			<xmax>444</xmax>
			<ymin>60</ymin>
			<ymax>383</ymax>
		</bndbox>
	</object>
</annotation>
