<annotation>
	<folder></folder>
	<filename>1259_jpg.rf.9df5dd821ca3246f616b44bdbd5f7e10.jpg</filename>
	<path>1259_jpg.rf.9df5dd821ca3246f616b44bdbd5f7e10.jpg</path>
	<source>
		<database>roboflow.ai</database>
	</source>
	<size>
		<width>512</width>
		<height>384</height>
		<depth>3</depth>
	</size>
	<segmented>0</segmented>
	<object>
		<name>Plastic</name>
		<pose>Unspecified</pose>
		<truncated>0</truncated>
		<difficult>0</difficult>
		<occluded>0</occluded>
		<bndbox>
			<xmin>1</xmin>
			<xmax>469</xmax>
			<ymin>26</ymin>
			<ymax>382</ymax>
		</bndbox>
	</object>
</annotation>
