<annotation>
	<folder></folder>
	<filename>1260_jpg.rf.c69b8b548b3b4b270cb578f88cdf4cc3.jpg</filename>
	<path>1260_jpg.rf.c69b8b548b3b4b270cb578f88cdf4cc3.jpg</path>
	<source>
		<database>roboflow.ai</database>
	</source>
	<size>
		<width>512</width>
		<height>384</height>
		<depth>3</depth>
	</size>
	<segmented>0</segmented>
	<object>
		<name>Plastic</name>
		<pose>Unspecified</pose>
		<truncated>0</truncated>
		<difficult>0</difficult>
		<occluded>0</occluded>
		<bndbox>
			<xmin>59</xmin>
			<xmax>404</xmax>
			<ymin>9</ymin>
			<ymax>378</ymax>
		</bndbox>
	</object>
</annotation>
