<annotation>
	<folder></folder>
	<filename>1261_jpg.rf.61c98ad2fb9129fd7253dc1b4f174215.jpg</filename>
	<path>1261_jpg.rf.61c98ad2fb9129fd7253dc1b4f174215.jpg</path>
	<source>
		<database>roboflow.ai</database>
	</source>
	<size>
		<width>512</width>
		<height>384</height>
		<depth>3</depth>
	</size>
	<segmented>0</segmented>
	<object>
		<name>Paper</name>
		<pose>Unspecified</pose>
		<truncated>0</truncated>
		<difficult>0</difficult>
		<occluded>0</occluded>
		<bndbox>
			<xmin>138</xmin>
			<xmax>442</xmax>
			<ymin>47</ymin>
			<ymax>384</ymax>
		</bndbox>
	</object>
</annotation>
