<annotation>
	<folder></folder>
	<filename>1262_jpg.rf.7d0126d11662dfc2152d146548d1e66e.jpg</filename>
	<path>1262_jpg.rf.7d0126d11662dfc2152d146548d1e66e.jpg</path>
	<source>
		<database>roboflow.ai</database>
	</source>
	<size>
		<width>512</width>
		<height>384</height>
		<depth>3</depth>
	</size>
	<segmented>0</segmented>
	<object>
		<name>Plastic</name>
		<pose>Unspecified</pose>
		<truncated>0</truncated>
		<difficult>0</difficult>
		<occluded>0</occluded>
		<bndbox>
			<xmin>46</xmin>
			<xmax>450</xmax>
			<ymin>13</ymin>
			<ymax>369</ymax>
		</bndbox>
	</object>
</annotation>
