<annotation>
	<folder></folder>
	<filename>1264_jpg.rf.1f9cd9f74418307fcf8eb7500473b840.jpg</filename>
	<path>1264_jpg.rf.1f9cd9f74418307fcf8eb7500473b840.jpg</path>
	<source>
		<database>roboflow.ai</database>
	</source>
	<size>
		<width>512</width>
		<height>384</height>
		<depth>3</depth>
	</size>
	<segmented>0</segmented>
	<object>
		<name>Plastic</name>
		<pose>Unspecified</pose>
		<truncated>0</truncated>
		<difficult>0</difficult>
		<occluded>0</occluded>
		<bndbox>
			<xmin>234</xmin>
			<xmax>377</xmax>
			<ymin>36</ymin>
			<ymax>375</ymax>
		</bndbox>
	</object>
</annotation>
