<annotation>
	<folder></folder>
	<filename>1265_jpg.rf.fed80e303425ce69a98bb750dce86d7f.jpg</filename>
	<path>1265_jpg.rf.fed80e303425ce69a98bb750dce86d7f.jpg</path>
	<source>
		<database>roboflow.ai</database>
	</source>
	<size>
		<width>512</width>
		<height>384</height>
		<depth>3</depth>
	</size>
	<segmented>0</segmented>
	<object>
		<name>Plastic</name>
		<pose>Unspecified</pose>
		<truncated>0</truncated>
		<difficult>0</difficult>
		<occluded>0</occluded>
		<bndbox>
			<xmin>13</xmin>
			<xmax>504</xmax>
			<ymin>59</ymin>
			<ymax>372</ymax>
		</bndbox>
	</object>
</annotation>
