<annotation>
	<folder></folder>
	<filename>1266_jpg.rf.341651b519f22bfd2dd5c31718469a04.jpg</filename>
	<path>1266_jpg.rf.341651b519f22bfd2dd5c31718469a04.jpg</path>
	<source>
		<database>roboflow.ai</database>
	</source>
	<size>
		<width>512</width>
		<height>384</height>
		<depth>3</depth>
	</size>
	<segmented>0</segmented>
	<object>
		<name>Plastic</name>
		<pose>Unspecified</pose>
		<truncated>0</truncated>
		<difficult>0</difficult>
		<occluded>0</occluded>
		<bndbox>
			<xmin>83</xmin>
			<xmax>300</xmax>
			<ymin>113</ymin>
			<ymax>330</ymax>
		</bndbox>
	</object>
</annotation>
