<annotation>
	<folder></folder>
	<filename>1269_jpg.rf.d24e7f3a6b90baded1c588802c5116d4.jpg</filename>
	<path>1269_jpg.rf.d24e7f3a6b90baded1c588802c5116d4.jpg</path>
	<source>
		<database>roboflow.ai</database>
	</source>
	<size>
		<width>512</width>
		<height>384</height>
		<depth>3</depth>
	</size>
	<segmented>0</segmented>
	<object>
		<name>Plastic</name>
		<pose>Unspecified</pose>
		<truncated>0</truncated>
		<difficult>0</difficult>
		<occluded>0</occluded>
		<bndbox>
			<xmin>79</xmin>
			<xmax>377</xmax>
			<ymin>62</ymin>
			<ymax>311</ymax>
		</bndbox>
	</object>
</annotation>
