<annotation>
	<folder></folder>
	<filename>1272_jpg.rf.03f071fce18fc34d073e409a615041f8.jpg</filename>
	<path>1272_jpg.rf.03f071fce18fc34d073e409a615041f8.jpg</path>
	<source>
		<database>roboflow.ai</database>
	</source>
	<size>
		<width>512</width>
		<height>384</height>
		<depth>3</depth>
	</size>
	<segmented>0</segmented>
	<object>
		<name>Plastic</name>
		<pose>Unspecified</pose>
		<truncated>0</truncated>
		<difficult>0</difficult>
		<occluded>0</occluded>
		<bndbox>
			<xmin>142</xmin>
			<xmax>428</xmax>
			<ymin>70</ymin>
			<ymax>344</ymax>
		</bndbox>
	</object>
</annotation>
