<annotation>
	<folder></folder>
	<filename>1273_jpg.rf.35b7b70c890055d4ab74baa44f2a4cfb.jpg</filename>
	<path>1273_jpg.rf.35b7b70c890055d4ab74baa44f2a4cfb.jpg</path>
	<source>
		<database>roboflow.ai</database>
	</source>
	<size>
		<width>512</width>
		<height>384</height>
		<depth>3</depth>
	</size>
	<segmented>0</segmented>
	<object>
		<name>Paper</name>
		<pose>Unspecified</pose>
		<truncated>0</truncated>
		<difficult>0</difficult>
		<occluded>0</occluded>
		<bndbox>
			<xmin>119</xmin>
			<xmax>381</xmax>
			<ymin>25</ymin>
			<ymax>319</ymax>
		</bndbox>
	</object>
</annotation>
