<annotation>
	<folder></folder>
	<filename>1275_jpg.rf.ce5d683ec494e01da1933b3edb386085.jpg</filename>
	<path>1275_jpg.rf.ce5d683ec494e01da1933b3edb386085.jpg</path>
	<source>
		<database>roboflow.ai</database>
	</source>
	<size>
		<width>512</width>
		<height>384</height>
		<depth>3</depth>
	</size>
	<segmented>0</segmented>
	<object>
		<name>Plastic</name>
		<pose>Unspecified</pose>
		<truncated>0</truncated>
		<difficult>0</difficult>
		<occluded>0</occluded>
		<bndbox>
			<xmin>107</xmin>
			<xmax>465</xmax>
			<ymin>8</ymin>
			<ymax>372</ymax>
		</bndbox>
	</object>
</annotation>
