<annotation>
	<folder></folder>
	<filename>1276_jpg.rf.8d8c176b227475f9bb80347c925df2f6.jpg</filename>
	<path>1276_jpg.rf.8d8c176b227475f9bb80347c925df2f6.jpg</path>
	<source>
		<database>roboflow.ai</database>
	</source>
	<size>
		<width>512</width>
		<height>384</height>
		<depth>3</depth>
	</size>
	<segmented>0</segmented>
	<object>
		<name>Plastic</name>
		<pose>Unspecified</pose>
		<truncated>0</truncated>
		<difficult>0</difficult>
		<occluded>0</occluded>
		<bndbox>
			<xmin>225</xmin>
			<xmax>436</xmax>
			<ymin>21</ymin>
			<ymax>329</ymax>
		</bndbox>
	</object>
</annotation>
