<annotation>
	<folder></folder>
	<filename>1277_jpg.rf.fcbe3ccd16c59571c4e51a0ab99f78be.jpg</filename>
	<path>1277_jpg.rf.fcbe3ccd16c59571c4e51a0ab99f78be.jpg</path>
	<source>
		<database>roboflow.ai</database>
	</source>
	<size>
		<width>512</width>
		<height>384</height>
		<depth>3</depth>
	</size>
	<segmented>0</segmented>
	<object>
		<name>Plastic</name>
		<pose>Unspecified</pose>
		<truncated>0</truncated>
		<difficult>0</difficult>
		<occluded>0</occluded>
		<bndbox>
			<xmin>58</xmin>
			<xmax>469</xmax>
			<ymin>14</ymin>
			<ymax>358</ymax>
		</bndbox>
	</object>
</annotation>
