<annotation>
	<folder></folder>
	<filename>1280_jpg.rf.bb09b639e9688ead3889fb8fc319bb48.jpg</filename>
	<path>1280_jpg.rf.bb09b639e9688ead3889fb8fc319bb48.jpg</path>
	<source>
		<database>roboflow.ai</database>
	</source>
	<size>
		<width>512</width>
		<height>384</height>
		<depth>3</depth>
	</size>
	<segmented>0</segmented>
	<object>
		<name>Paper</name>
		<pose>Unspecified</pose>
		<truncated>0</truncated>
		<difficult>0</difficult>
		<occluded>0</occluded>
		<bndbox>
			<xmin>1</xmin>
			<xmax>505</xmax>
			<ymin>3</ymin>
			<ymax>381</ymax>
		</bndbox>
	</object>
</annotation>
