<annotation>
	<folder></folder>
	<filename>1281_jpg.rf.b4597713962edd640a21d070cfe07135.jpg</filename>
	<path>1281_jpg.rf.b4597713962edd640a21d070cfe07135.jpg</path>
	<source>
		<database>roboflow.ai</database>
	</source>
	<size>
		<width>512</width>
		<height>384</height>
		<depth>3</depth>
	</size>
	<segmented>0</segmented>
	<object>
		<name>Plastic</name>
		<pose>Unspecified</pose>
		<truncated>0</truncated>
		<difficult>0</difficult>
		<occluded>0</occluded>
		<bndbox>
			<xmin>153</xmin>
			<xmax>425</xmax>
			<ymin>46</ymin>
			<ymax>338</ymax>
		</bndbox>
	</object>
</annotation>
