<annotation>
	<folder></folder>
	<filename>1282_jpg.rf.99484d5f82897cc1dffe2e8ef196966d.jpg</filename>
	<path>1282_jpg.rf.99484d5f82897cc1dffe2e8ef196966d.jpg</path>
	<source>
		<database>roboflow.ai</database>
	</source>
	<size>
		<width>512</width>
		<height>384</height>
		<depth>3</depth>
	</size>
	<segmented>0</segmented>
	<object>
		<name>Plastic</name>
		<pose>Unspecified</pose>
		<truncated>0</truncated>
		<difficult>0</difficult>
		<occluded>0</occluded>
		<bndbox>
			<xmin>103</xmin>
			<xmax>423</xmax>
			<ymin>76</ymin>
			<ymax>355</ymax>
		</bndbox>
	</object>
</annotation>
