<annotation>
	<folder></folder>
	<filename>1283_jpg.rf.be40c42262890240eb2ed08622901b8c.jpg</filename>
	<path>1283_jpg.rf.be40c42262890240eb2ed08622901b8c.jpg</path>
	<source>
		<database>roboflow.ai</database>
	</source>
	<size>
		<width>512</width>
		<height>384</height>
		<depth>3</depth>
	</size>
	<segmented>0</segmented>
	<object>
		<name>Plastic</name>
		<pose>Unspecified</pose>
		<truncated>0</truncated>
		<difficult>0</difficult>
		<occluded>0</occluded>
		<bndbox>
			<xmin>99</xmin>
			<xmax>377</xmax>
			<ymin>7</ymin>
			<ymax>384</ymax>
		</bndbox>
	</object>
</annotation>
