<annotation>
	<folder></folder>
	<filename>1284_jpg.rf.dcf9a2bc869706ed28eae888cdcbc218.jpg</filename>
	<path>1284_jpg.rf.dcf9a2bc869706ed28eae888cdcbc218.jpg</path>
	<source>
		<database>roboflow.ai</database>
	</source>
	<size>
		<width>512</width>
		<height>384</height>
		<depth>3</depth>
	</size>
	<segmented>0</segmented>
	<object>
		<name>Plastic</name>
		<pose>Unspecified</pose>
		<truncated>0</truncated>
		<difficult>0</difficult>
		<occluded>0</occluded>
		<bndbox>
			<xmin>127</xmin>
			<xmax>376</xmax>
			<ymin>65</ymin>
			<ymax>331</ymax>
		</bndbox>
	</object>
</annotation>
