<annotation>
	<folder></folder>
	<filename>1285_jpg.rf.19dce4220b6eab7ed20bb65e226ec95f.jpg</filename>
	<path>1285_jpg.rf.19dce4220b6eab7ed20bb65e226ec95f.jpg</path>
	<source>
		<database>roboflow.ai</database>
	</source>
	<size>
		<width>512</width>
		<height>384</height>
		<depth>3</depth>
	</size>
	<segmented>0</segmented>
	<object>
		<name>Plastic</name>
		<pose>Unspecified</pose>
		<truncated>0</truncated>
		<difficult>0</difficult>
		<occluded>0</occluded>
		<bndbox>
			<xmin>153</xmin>
			<xmax>491</xmax>
			<ymin>12</ymin>
			<ymax>304</ymax>
		</bndbox>
	</object>
</annotation>
