<annotation>
	<folder></folder>
	<filename>1287_jpg.rf.808daa721d8ac08bbd1bd15efbad5239.jpg</filename>
	<path>1287_jpg.rf.808daa721d8ac08bbd1bd15efbad5239.jpg</path>
	<source>
		<database>roboflow.ai</database>
	</source>
	<size>
		<width>512</width>
		<height>384</height>
		<depth>3</depth>
	</size>
	<segmented>0</segmented>
	<object>
		<name>Plastic</name>
		<pose>Unspecified</pose>
		<truncated>0</truncated>
		<difficult>0</difficult>
		<occluded>0</occluded>
		<bndbox>
			<xmin>131</xmin>
			<xmax>364</xmax>
			<ymin>48</ymin>
			<ymax>327</ymax>
		</bndbox>
	</object>
</annotation>
