<annotation>
	<folder></folder>
	<filename>1288_jpg.rf.06f07200553bdc5016fab9c89a36c3ea.jpg</filename>
	<path>1288_jpg.rf.06f07200553bdc5016fab9c89a36c3ea.jpg</path>
	<source>
		<database>roboflow.ai</database>
	</source>
	<size>
		<width>512</width>
		<height>384</height>
		<depth>3</depth>
	</size>
	<segmented>0</segmented>
	<object>
		<name>Paper</name>
		<pose>Unspecified</pose>
		<truncated>0</truncated>
		<difficult>0</difficult>
		<occluded>0</occluded>
		<bndbox>
			<xmin>64</xmin>
			<xmax>485</xmax>
			<ymin>39</ymin>
			<ymax>360</ymax>
		</bndbox>
	</object>
</annotation>
