<annotation>
	<folder></folder>
	<filename>1289_jpg.rf.da834442b6276d73e03b455a109f5006.jpg</filename>
	<path>1289_jpg.rf.da834442b6276d73e03b455a109f5006.jpg</path>
	<source>
		<database>roboflow.ai</database>
	</source>
	<size>
		<width>512</width>
		<height>384</height>
		<depth>3</depth>
	</size>
	<segmented>0</segmented>
	<object>
		<name>Paper</name>
		<pose>Unspecified</pose>
		<truncated>0</truncated>
		<difficult>0</difficult>
		<occluded>0</occluded>
		<bndbox>
			<xmin>175</xmin>
			<xmax>389</xmax>
			<ymin>65</ymin>
			<ymax>312</ymax>
		</bndbox>
	</object>
</annotation>
