<annotation>
	<folder></folder>
	<filename>1293_jpg.rf.6de2e8f57a07fa69f0e493daa7f8476b.jpg</filename>
	<path>1293_jpg.rf.6de2e8f57a07fa69f0e493daa7f8476b.jpg</path>
	<source>
		<database>roboflow.ai</database>
	</source>
	<size>
		<width>512</width>
		<height>384</height>
		<depth>3</depth>
	</size>
	<segmented>0</segmented>
	<object>
		<name>Paper</name>
		<pose>Unspecified</pose>
		<truncated>0</truncated>
		<difficult>0</difficult>
		<occluded>0</occluded>
		<bndbox>
			<xmin>71</xmin>
			<xmax>386</xmax>
			<ymin>34</ymin>
			<ymax>379</ymax>
		</bndbox>
	</object>
</annotation>
