<annotation>
	<folder></folder>
	<filename>1294_jpg.rf.4eaf28794584ea77515b40ecb0c918ef.jpg</filename>
	<path>1294_jpg.rf.4eaf28794584ea77515b40ecb0c918ef.jpg</path>
	<source>
		<database>roboflow.ai</database>
	</source>
	<size>
		<width>512</width>
		<height>384</height>
		<depth>3</depth>
	</size>
	<segmented>0</segmented>
	<object>
		<name>Plastic</name>
		<pose>Unspecified</pose>
		<truncated>0</truncated>
		<difficult>0</difficult>
		<occluded>0</occluded>
		<bndbox>
			<xmin>79</xmin>
			<xmax>427</xmax>
			<ymin>12</ymin>
			<ymax>331</ymax>
		</bndbox>
	</object>
</annotation>
