<annotation>
	<folder></folder>
	<filename>1295_jpg.rf.8dcf52a816fb0bcf86a79608d439063a.jpg</filename>
	<path>1295_jpg.rf.8dcf52a816fb0bcf86a79608d439063a.jpg</path>
	<source>
		<database>roboflow.ai</database>
	</source>
	<size>
		<width>512</width>
		<height>384</height>
		<depth>3</depth>
	</size>
	<segmented>0</segmented>
	<object>
		<name>Paper</name>
		<pose>Unspecified</pose>
		<truncated>0</truncated>
		<difficult>0</difficult>
		<occluded>0</occluded>
		<bndbox>
			<xmin>102</xmin>
			<xmax>412</xmax>
			<ymin>6</ymin>
			<ymax>357</ymax>
		</bndbox>
	</object>
</annotation>
