<annotation>
	<folder></folder>
	<filename>1297_jpg.rf.e1c03b5d3647135ae774d87bbb22d669.jpg</filename>
	<path>1297_jpg.rf.e1c03b5d3647135ae774d87bbb22d669.jpg</path>
	<source>
		<database>roboflow.ai</database>
	</source>
	<size>
		<width>512</width>
		<height>384</height>
		<depth>3</depth>
	</size>
	<segmented>0</segmented>
	<object>
		<name>Paper</name>
		<pose>Unspecified</pose>
		<truncated>0</truncated>
		<difficult>0</difficult>
		<occluded>0</occluded>
		<bndbox>
			<xmin>45</xmin>
			<xmax>383</xmax>
			<ymin>23</ymin>
			<ymax>327</ymax>
		</bndbox>
	</object>
</annotation>
