<annotation>
	<folder></folder>
	<filename>1298_jpg.rf.694410b2a37c81a466313d3f3d6a2159.jpg</filename>
	<path>1298_jpg.rf.694410b2a37c81a466313d3f3d6a2159.jpg</path>
	<source>
		<database>roboflow.ai</database>
	</source>
	<size>
		<width>512</width>
		<height>384</height>
		<depth>3</depth>
	</size>
	<segmented>0</segmented>
	<object>
		<name>Plastic</name>
		<pose>Unspecified</pose>
		<truncated>0</truncated>
		<difficult>0</difficult>
		<occluded>0</occluded>
		<bndbox>
			<xmin>1</xmin>
			<xmax>473</xmax>
			<ymin>4</ymin>
			<ymax>370</ymax>
		</bndbox>
	</object>
</annotation>
