<annotation>
	<folder></folder>
	<filename>1304_jpg.rf.583ba8f869212f3193488f4ca2d20737.jpg</filename>
	<path>1304_jpg.rf.583ba8f869212f3193488f4ca2d20737.jpg</path>
	<source>
		<database>roboflow.ai</database>
	</source>
	<size>
		<width>512</width>
		<height>384</height>
		<depth>3</depth>
	</size>
	<segmented>0</segmented>
	<object>
		<name>Plastic</name>
		<pose>Unspecified</pose>
		<truncated>0</truncated>
		<difficult>0</difficult>
		<occluded>0</occluded>
		<bndbox>
			<xmin>177</xmin>
			<xmax>341</xmax>
			<ymin>43</ymin>
			<ymax>321</ymax>
		</bndbox>
	</object>
</annotation>
